    time     gap  src>dst   cmd   reg   len  ok
   0.050    0.0ms  21>20     65    00    5    ok
   0.050    0.0ms  21>20     64    00    7    ok
   0.050    0.0ms  20>21     64    00    6    ok
   0.050    0.0ms  21>20     65    00    5    ok
   0.102   51.2ms  21>20     65    00    5    ok
   0.102    0.0ms  21>20     65    00    5    ok
   0.152   50.3ms  21>20     65    00    5    ok
   0.152  101.6ms  21>20     64    00    7    ok
   0.152  101.6ms  20>21     64    00    6    ok
   0.152    0.1ms  21>20     65    00    5    ok
   0.205   53.4ms  21>20     65    00    5    ok
   0.205    0.0ms  21>20     65    00    5    ok
   0.257   51.7ms  21>20     65    00    5    ok
   0.257  105.2ms  21>20     64    00    7    ok
   0.257  105.2ms  20>21     64    00    6    ok
   0.257    0.1ms  21>20     65    00    5    ok
   0.309   51.8ms  21>20     65    00    5    ok
   0.309    0.0ms  21>20     65    00    5    ok
   0.309    0.0ms  21>20     65    00    5    ok
   0.362  104.4ms  21>20     64    00    7    ok
   0.362  104.4ms  20>21     64    00    6    ok
   0.362   52.5ms  21>20     65    00    5    ok
   0.412   50.7ms  21>20     65    00    5    ok
   0.412    0.0ms  21>20     65    00    5    ok
   0.412    0.0ms  21>20     65    00    5    ok
   0.464  102.1ms  21>20     64    00    7    ok
   0.464  102.2ms  20>21     64    00    6    ok
   0.464   51.5ms  21>20     65    00    5    ok
   0.515   51.2ms  21>20     65    00    5    ok
   0.515    0.0ms  21>20     65    00    5    ok
   0.515    0.0ms  21>20     65    00    5    ok
   0.569  105.3ms  21>20     64    00    7    ok
   0.569  105.3ms  20>21     64    00    6    ok
   0.569   54.0ms  21>20     65    00    5    ok
   0.622   52.4ms  21>20     65    00    5    ok
   0.622    0.0ms  21>20     65    00    5    ok
   0.622    0.0ms  21>20     65    00    5    ok
   0.672  103.2ms  21>20     64    00    7    ok
   0.672  103.2ms  20>21     64    00    6    ok
   0.672   50.7ms  21>20     65    00    5    ok
   0.672    0.0ms  21>20     65    00    5    ok
   0.724   52.1ms  21>20     65    00    5    ok
   0.724    0.0ms  21>20     65    00    5    ok
   0.775  102.4ms  21>20     64    00    7    ok
   0.775  102.4ms  20>21     64    00    6    ok
   0.775   50.3ms  21>20     65    00    5    ok
   0.775    0.0ms  21>20     65    00    5    ok
   0.828   53.7ms  21>20     65    00    5    ok
   0.828    0.0ms  21>20     65    00    5    ok
   0.880  105.2ms  21>20     64    00    7    ok
   0.880  105.3ms  20>21     64    00    6    ok
   0.880   51.6ms  21>20     65    00    5    ok
   0.880    0.0ms  21>20     65    00    5    ok
   0.930   50.5ms  21>20     65    00    5    ok
   0.931    0.0ms  21>20     65    00    5    ok
   0.931   50.7ms  21>20     64    00    7    ok
   0.983  103.3ms  20>21     64    00    6    ok
   0.983   52.8ms  21>20     65    00    5    ok
   0.983    0.0ms  21>20     65    00    5    ok
   1.034   50.9ms  21>20     65    00    5    ok
   1.034    0.0ms  21>20     65    00    5    ok
   1.034  103.7ms  21>20     64    00    7    ok
   1.085  102.1ms  20>21     64    00    6    ok
   1.085   51.2ms  21>20     65    00    5    ok
   1.085    0.0ms  21>20     65    00    5    ok
   1.136   50.9ms  21>20     65    00    5    ok
   1.136    0.0ms  21>20     65    00    5    ok
   1.136  102.1ms  21>20     64    00    7    ok
   1.190  105.1ms  20>21     64    00    6    ok
   1.191   54.2ms  21>20     65    00    5    ok
   1.191    0.0ms  21>20     65    00    5    ok
   1.191    0.0ms  21>20     65    00    5    ok
   1.242   51.0ms  21>20     65    00    5    ok
   1.242  105.3ms  21>20     64    00    7    ok
   1.242   51.1ms  20>21     64    00    6    ok
   1.292   50.5ms  21>20     65    00    5    ok
   1.292    0.0ms  21>20     65    00    5    ok
   1.292    0.0ms  21>20     65    00    5    ok
   1.342   50.3ms  21>20     65    00    5    ok
   1.342  100.8ms  21>20     64    00    7    ok
   1.342  100.8ms  20>21     64    00    6    ok
   1.393   50.4ms  21>20     65    00    5    ok
   1.393    0.0ms  21>20     65    00    5    ok
   1.393    0.0ms  21>20     65    00    5    ok
   1.444   50.8ms  21>20     65    00    5    ok
   1.444  101.2ms  21>20     64    00    7    ok
   1.444  101.2ms  20>21     64    00    6    ok
   1.494   50.3ms  21>20     65    00    5    ok
   1.494    0.0ms  21>20     65    00    5    ok
   1.494    0.0ms  21>20     65    00    5    ok
   1.546   51.9ms  21>20     65    00    5    ok
   1.546  102.2ms  21>20     64    00    7    ok
   1.546  102.2ms  20>21     64    00    6    ok
   1.597   50.7ms  21>20     65    00    5    ok
   1.597    0.0ms  21>20     65    00    5    ok
   1.597    0.0ms  21>20     65    00    5    ok
   1.647   50.3ms  21>20     65    00    5    ok
   1.647  101.1ms  21>20     64    00    7    ok
   1.647  101.1ms  20>21     64    00    6    ok
   1.698   51.0ms  21>20     65    00    5    ok
   1.698    0.0ms  21>20     65    00    5    ok
   1.698    0.0ms  21>20     65    00    5    ok
   1.750   52.1ms  21>20     65    00    5    ok
   1.750  103.2ms  21>20     64    00    7    ok
   1.750  103.2ms  20>21     64    00    6    ok
   1.801   51.0ms  21>20     65    00    5    ok
   1.801    0.0ms  21>20     65    00    5    ok
   1.801    0.0ms  21>20     65    00    5    ok
   1.851   50.2ms  21>20     65    00    5    ok
   1.851  101.2ms  21>20     64    00    7    ok
   1.851  101.2ms  20>21     64    00    6    ok
   1.851    0.1ms  21>20     65    00    5    ok
   1.904   52.7ms  21>20     65    00    5    ok
   1.904    0.1ms  21>20     65    00    5    ok
   1.955   50.9ms  21>20     65    00    5    ok
   1.955  103.8ms  21>20     64    00    7    ok
   1.955  103.8ms  20>21     64    00    6    ok
   1.955    0.1ms  21>20     65    00    5    ok
   2.009   53.6ms  21>20     65    00    5    ok
   2.009    0.0ms  21>20     65    00    5    ok
   2.061   51.6ms  21>20     65    00    5    ok
   2.061  105.4ms  21>20     64    00    7    ok
   2.061  105.3ms  20>21     64    00    6    ok
   2.061    0.0ms  21>20     65    00    5    ok
   2.111   50.8ms  21>20     65    00    5    ok
   2.111    0.0ms  21>20     65    00    5    ok
   2.111    0.0ms  21>20     65    00    5    ok
   2.164  103.5ms  21>20     64    00    7    ok
   2.164  103.5ms  20>21     64    00    6    ok
   2.164   52.6ms  21>20     65    00    5    ok
   2.214   50.2ms  21>20     65    00    5    ok
   2.214    0.1ms  21>20     65    00    5    ok
   2.214    0.0ms  21>20     65    00    5    ok
   2.267  102.6ms  21>20     64    00    7    ok
   2.267  102.6ms  20>21     64    00    6    ok
   2.267   52.4ms  21>20     65    00    5    ok
   2.318   51.3ms  21>20     65    00    5    ok
   2.318    0.1ms  21>20     65    00    5    ok
   2.318    0.0ms  21>20     65    00    5    ok
   2.372  105.2ms  21>20     64    00    7    ok
   2.372  105.2ms  20>21     64    00    6    ok
   2.372   53.7ms  21>20     65    00    5    ok
   2.372    0.0ms  21>20     65    00    5    ok
   2.423   51.6ms  21>20     65    00    5    ok
   2.423    0.0ms  21>20     65    00    5    ok
   2.474  102.2ms  21>20     64    00    7    ok
   2.474  102.2ms  20>21     64    00    6    ok
   2.474   50.5ms  21>20     65    00    5    ok
   2.474    0.0ms  21>20     65    00    5    ok
   2.527   53.1ms  21>20     65    00    5    ok
   2.527    0.0ms  21>20     65    00    5    ok
   2.579  104.6ms  21>20     64    00    7    ok
   2.579  104.6ms  20>21     64    00    6    ok
   2.579   51.4ms  21>20     65    00    5    ok
   2.579    0.0ms  21>20     65    00    5    ok
   2.631   52.8ms  21>20     65    00    5    ok
   2.631    0.0ms  21>20     65    00    5    ok
   2.684  105.3ms  21>20     64    00    7    ok
   2.684  105.3ms  20>21     64    00    6    ok
   2.684   52.4ms  21>20     65    00    5    ok
   2.684    0.0ms  21>20     65    00    5    ok
   2.734   50.4ms  21>20     65    00    5    ok
   2.734    0.0ms  21>20     65    00    5    ok
   2.734   50.6ms  21>20     64    00    7    ok
   2.788  103.7ms  20>21     64    00    6    ok
   2.788   53.2ms  21>20     65    00    5    ok
   2.788    0.0ms  21>20     65    00    5    ok
   2.839   51.4ms  21>20     65    00    5    ok
   2.839    0.0ms  21>20     65    00    5    ok
   2.839  104.6ms  21>20     64    00    7    ok
   2.892  104.4ms  20>21     64    00    6    ok
   2.892   53.0ms  21>20     65    00    5    ok
   2.892    0.0ms  21>20     65    00    5    ok
   2.943   50.8ms  21>20     65    00    5    ok
   2.943    0.0ms  21>20     65    00    5    ok
   2.943  103.9ms  21>20     64    00    7    ok
   2.943   51.0ms  20>21     64    00    6    ok
   2.993   50.2ms  21>20     65    00    5    ok
   2.993    0.0ms  21>20     65    00    5    ok
   2.993    0.0ms  21>20     65    00    5    ok
   3.044   51.3ms  21>20     65    00    5    ok
   3.045  101.6ms  21>20     64    00    7    ok
   3.045  101.6ms  20>21     64    00    6    ok
   3.095   50.4ms  21>20     65    00    5    ok
   3.095    0.0ms  21>20     65    00    5    ok
   3.095    0.0ms  21>20     65    00    5    ok
   3.146   50.9ms  21>20     65    00    5    ok
   3.146  101.3ms  21>20     64    00    7    ok
   3.146  101.3ms  20>21     64    00    6    ok
   3.197   50.9ms  21>20     65    00    5    ok
   3.197    0.0ms  21>20     65    00    5    ok
   3.197    0.0ms  21>20     65    00    5    ok
   3.248   51.3ms  21>20     65    00    5    ok
   3.248  102.2ms  21>20     64    00    7    ok
   3.248  102.2ms  20>21     64    00    6    ok
   3.299   50.9ms  21>20     65    00    5    ok
   3.299    0.0ms  21>20     65    00    5    ok
   3.299    0.0ms  21>20     65    00    5    ok
   3.350   51.1ms  21>20     65    00    5    ok
   3.350  102.0ms  21>20     64    00    7    ok
   3.350  102.0ms  20>21     64    00    6    ok
   3.402   51.5ms  21>20     65    00    5    ok
   3.402    0.0ms  21>20     65    00    5    ok
   3.402    0.0ms  21>20     65    00    5    ok
   3.453   51.5ms  21>20     65    00    5    ok
   3.453  103.1ms  21>20     64    00    7    ok
   3.453  103.1ms  20>21     64    00    6    ok
   3.453    0.1ms  21>20     65    00    5    ok
   3.506   52.6ms  21>20     65    00    5    ok
   3.506    0.0ms  21>20     65    00    5    ok
   3.557   50.8ms  21>20     65    00    5    ok
   3.557  103.5ms  21>20     64    00    7    ok
   3.557  103.5ms  20>21     64    00    6    ok
   3.557    0.1ms  21>20     65    00    5    ok
   3.610   53.1ms  21>20     65    00    5    ok
   3.610    0.0ms  21>20     65    00    5    ok
   3.660   50.3ms  21>20     65    00    5    ok
   3.660  103.5ms  21>20     64    00    7    ok
   3.660  103.5ms  20>21     64    00    6    ok
   3.660    0.1ms  21>20     65    00    5    ok
   3.713   53.2ms  21>20     65    00    5    ok
   3.713    0.1ms  21>20     65    00    5    ok
   3.713    0.0ms  21>20     65    00    5    ok
   3.765  104.3ms  21>20     64    00    7    ok
   3.765  104.4ms  20>21     64    00    6    ok
   3.765   51.2ms  21>20     65    00    5    ok
   3.815   50.3ms  21>20     65    00    5    ok
   3.815    0.0ms  21>20     65    00    5    ok
   3.815    0.0ms  21>20     65    00    5    ok
   3.866  101.6ms  21>20     64    00    7    ok
   3.866  101.6ms  20>21     64    00    6    ok
   3.866   51.3ms  21>20     65    00    5    ok
   3.917   50.7ms  21>20     65    00    5    ok
   3.917    0.0ms  21>20     65    00    5    ok
   3.917    0.0ms  21>20     65    00    5    ok
   3.970  103.8ms  21>20     64    00    7    ok
   3.970  103.8ms  20>21     64    00    6    ok
   3.970   53.0ms  21>20     65    00    5    ok
   4.022   51.6ms  21>20     65    00    5    ok
   4.022    0.0ms  21>20     65    00    5    ok
   4.022    0.0ms  21>20     65    00    5    ok
   4.074  103.9ms  21>20     64    00    7    ok
   4.074  103.9ms  20>21     64    00    6    ok
   4.074   52.3ms  21>20     65    00    5    ok
   4.074    0.0ms  21>20     65    00    5    ok
   4.125   51.3ms  21>20     65    00    5    ok
   4.125    0.0ms  21>20     65    00    5    ok
   4.176  101.8ms  21>20     64    00    7    ok
   4.176  101.8ms  20>21     64    00    6    ok
   4.176   50.4ms  21>20     65    00    5    ok
   4.176    0.0ms  21>20     65    00    5    ok
   4.228   51.8ms  21>20     65    00    5    ok
   4.228    0.0ms  21>20     65    00    5    ok
   4.278  102.7ms  21>20     64    00    7    ok
   4.278  102.7ms  20>21     64    00    6    ok
   4.279   50.8ms  21>20     65    00    5    ok
   4.279    0.0ms  21>20     65    00    5    ok
   4.332   53.7ms  21>20     65    00    5    ok
   4.332    0.0ms  21>20     65    00    5    ok
   4.384  105.3ms  21>20     64    00    7    ok
   4.384  105.3ms  20>21     64    00    6    ok
   4.384   51.6ms  21>20     65    00    5    ok
   4.384    0.0ms  21>20     65    00    5    ok
   4.435   51.0ms  21>20     65    00    5    ok
   4.435    0.0ms  21>20     65    00    5    ok
   4.435   51.1ms  21>20     64    00    7    ok
   4.487  103.0ms  20>21     64    00    6    ok
   4.487   52.1ms  21>20     65    00    5    ok
   4.487    0.0ms  21>20     65    00    5    ok
   4.538   50.6ms  21>20     65    00    5    ok
   4.538    0.0ms  21>20     65    00    5    ok
   4.538  102.7ms  21>20     64    00    7    ok
   4.589  102.6ms  20>21     64    00    6    ok
   4.590   51.9ms  21>20     65    00    5    ok
   4.590    0.0ms  21>20     65    00    5    ok
   4.640   50.7ms  21>20     65    00    5    ok
   4.640    0.0ms  21>20     65    00    5    ok
   4.640  102.6ms  21>20     64    00    7    ok
   4.640   50.8ms  20>21     64    00    6    ok
   4.692   52.2ms  21>20     65    00    5    ok
   4.692    0.0ms  21>20     65    00    5    ok
   4.743   50.2ms  21>20     65    00    5    ok
   4.743    0.0ms  21>20     65    00    5    ok
   4.743  102.5ms  21>20     64    00    7    ok
   4.743  102.5ms  20>21     64    00    6    ok
   4.795   52.3ms  21>20     65    00    5    ok
   4.795    0.0ms  21>20     65    00    5    ok
   4.795    0.0ms  21>20     65    00    5    ok
   4.845   50.2ms  21>20     65    00    5    ok
   4.845  102.6ms  21>20     64    00    7    ok
   4.845  102.6ms  20>21     64    00    6    ok
   4.895   50.2ms  21>20     65    00    5    ok
   4.895    0.0ms  21>20     65    00    5    ok
   4.895    0.0ms  21>20     65    00    5    ok
   4.947   51.1ms  21>20     65    00    5    ok
   4.947  101.3ms  21>20     64    00    7    ok
   4.947  101.3ms  20>21     64    00    6    ok
   4.997   50.5ms  21>20     65    00    5    ok
   4.997    0.0ms  21>20     65    00    5    ok
   4.997    0.0ms  21>20     65    00    5    ok
   5.048   50.8ms  21>20     65    00    5    ok
   5.048  101.3ms  21>20     64    00    7    ok
   5.048  101.3ms  20>21     64    00    6    ok
   5.098   50.6ms  21>20     65    00    5    ok
   5.098    0.0ms  21>20     65    00    5    ok
   5.098    0.0ms  21>20     65    00    5    ok
   5.149   51.1ms  21>20     65    00    5    ok
   5.150  101.6ms  21>20     64    00    7    ok
   5.150  101.6ms  20>21     64    00    6    ok
   5.201   51.0ms  21>20     65    00    5    ok
   5.201    0.1ms  21>20     65    00    5    ok
   5.201    0.0ms  21>20     65    00    5    ok
   5.252   51.1ms  21>20     65    00    5    ok
   5.252  102.2ms  21>20     64    00    7    ok
   5.252  102.2ms  20>21     64    00    6    ok
   5.302   50.2ms  21>20     65    00    5    ok
   5.302    0.0ms  21>20     65    00    5    ok
   5.302    0.0ms  21>20     65    00    5    ok
   5.354   52.2ms  21>20     65    00    5    ok
   5.354  102.5ms  21>20     64    00    7    ok
   5.354  102.5ms  20>21     64    00    6    ok
   5.406   51.4ms  21>20     65    00    5    ok
   5.406    0.0ms  21>20     65    00    5    ok
   5.406    0.0ms  21>20     65    00    5    ok
   5.456   50.1ms  21>20     65    00    5    ok
   5.456  101.6ms  21>20     64    00    7    ok
   5.456  101.6ms  20>21     64    00    6    ok
   5.456    0.0ms  21>20     65    00    5    ok
   5.508   52.2ms  21>20     65    00    5    ok
   5.508    0.0ms  21>20     65    00    5    ok
   5.559   50.6ms  21>20     65    00    5    ok
   5.559  103.0ms  21>20     64    00    7    ok
   5.559  103.0ms  20>21     64    00    6    ok
   5.559    0.1ms  21>20     65    00    5    ok
   5.610   51.2ms  21>20     65    00    5    ok
   5.610    0.1ms  21>20     65    00    5    ok
   5.661   51.1ms  21>20     65    00    5    ok
   5.661  102.7ms  21>20     64    00    7    ok
   5.661  102.7ms  20>21     64    00    6    ok
   5.661    0.2ms  21>20     65    00    5    ok
   5.714   53.0ms  21>20     65    00    5    ok
   5.715    0.0ms  21>20     65    00    5    ok
   5.765   50.8ms  21>20     65    00    5    ok
   5.765  103.9ms  21>20     64    00    7    ok
   5.765  103.9ms  20>21     64    00    6    ok
   5.765    0.1ms  21>20     65    00    5    ok
   5.816   51.0ms  21>20     65    00    5    ok
   5.816    0.0ms  21>20     65    00    5    ok
   5.816    0.0ms  21>20     65    00    5    ok
   5.869  103.2ms  21>20     64    00    7    ok
   5.869  103.3ms  20>21     64    00    6    ok
   5.869   52.3ms  21>20     65    00    5    ok
   5.919   50.2ms  21>20     65    00    5    ok
   5.919    0.0ms  21>20     65    00    5    ok
   5.919    0.0ms  21>20     65    00    5    ok
   5.970  101.8ms  21>20     64    00    7    ok
   5.970  101.8ms  20>21     64    00    6    ok
   5.970   51.6ms  21>20     65    00    5    ok
   6.021   50.7ms  21>20     65    00    5    ok
   6.021    0.0ms  21>20     65    00    5    ok
   6.021    0.0ms  21>20     65    00    5    ok
   6.074  103.7ms  21>20     64    00    7    ok
   6.074  103.7ms  20>21     64    00    6    ok
   6.074   52.9ms  21>20     65    00    5    ok
   6.126   51.6ms  21>20     65    00    5    ok
   6.126    0.1ms  21>20     65    00    5    ok
   6.126    0.0ms  21>20     65    00    5    ok
   6.177  102.9ms  21>20     64    00    7    ok
   6.177  102.9ms  20>21     64    00    6    ok
   6.177   51.2ms  21>20     65    00    5    ok
   6.177    0.0ms  21>20     65    00    5    ok
   6.229   51.6ms  21>20     65    00    5    ok
   6.229    0.0ms  21>20     65    00    5    ok
   6.279  102.2ms  21>20     64    00    7    ok
   6.279  102.2ms  20>21     64    00    6    ok
   6.279   50.5ms  21>20     65    00    5    ok
   6.279    0.0ms  21>20     65    00    5    ok
   6.331   52.2ms  21>20     65    00    5    ok
   6.331    0.0ms  21>20     65    00    5    ok
   6.383  103.5ms  21>20     64    00    7    ok
   6.383  103.5ms  20>21     64    00    6    ok
   6.383   51.2ms  21>20     65    00    5    ok
   6.383    0.0ms  21>20     65    00    5    ok
   6.436   52.9ms  21>20     65    00    5    ok
   6.436    0.0ms  21>20     65    00    5    ok
   6.486  103.1ms  21>20     64    00    7    ok
   6.486  103.1ms  20>21     64    00    6    ok
   6.486   50.2ms  21>20     65    00    5    ok
   6.486    0.0ms  21>20     65    00    5    ok
   6.538   52.1ms  21>20     65    00    5    ok
   6.538    0.0ms  21>20     65    00    5    ok
   6.538   52.2ms  21>20     64    00    7    ok
   6.591  104.8ms  20>21     64    00    6    ok
   6.591   52.7ms  21>20     65    00    5    ok
   6.591    0.0ms  21>20     65    00    5    ok
   6.641   50.8ms  21>20     65    00    5    ok
   6.641    0.0ms  21>20     65    00    5    ok
   6.641  103.5ms  21>20     64    00    7    ok
   6.694  103.6ms  20>21     64    00    6    ok
   6.694   52.8ms  21>20     65    00    5    ok
   6.694    0.0ms  21>20     65    00    5    ok
   6.745   51.2ms  21>20     65    00    5    ok
   6.745    0.0ms  21>20     65    00    5    ok
   6.746  104.0ms  21>20     64    00    7    ok
   6.797  102.8ms  20>21     64    00    6    ok
   6.797   51.5ms  21>20     65    00    5    ok
   6.797    0.0ms  21>20     65    00    5    ok
   6.848   51.0ms  21>20     65    00    5    ok
   6.848    0.0ms  21>20     65    00    5    ok
   6.848  102.6ms  21>20     64    00    7    ok
   6.848   51.2ms  20>21     64    00    6    ok
   6.898   50.1ms  21>20     65    00    5    ok
   6.898    0.0ms  21>20     65    00    5    ok
   6.898    0.0ms  21>20     65    00    5    ok
   6.949   50.4ms  21>20     65    00    5    ok
   6.949  100.6ms  21>20     64    00    7    ok
   6.949  100.6ms  20>21     64    00    6    ok
   6.999   50.3ms  21>20     65    00    5    ok
   6.999    0.0ms  21>20     65    00    5    ok
   6.999    0.0ms  21>20     65    00    5    ok
   7.049   50.2ms  21>20     65    00    5    ok
   7.049  100.5ms  21>20     64    00    7    ok
   7.049  100.5ms  20>21     64    00    6    ok
   7.099   50.2ms  21>20     65    00    5    ok
   7.099    0.0ms  21>20     65    00    5    ok
   7.099    0.0ms  21>20     65    00    5    ok
   7.150   50.4ms  21>20     65    00    5    ok
   7.150  100.7ms  21>20     64    00    7    ok
   7.150  100.6ms  20>21     64    00    6    ok
   7.200   50.5ms  21>20     65    00    5    ok
   7.200    0.0ms  21>20     65    00    5    ok
   7.200    0.0ms  21>20     65    00    5    ok
   7.252   51.2ms  21>20     65    00    5    ok
   7.252  101.7ms  21>20     64    00    7    ok
   7.252  101.7ms  20>21     64    00    6    ok
   7.302   50.9ms  21>20     65    00    5    ok
   7.303    0.0ms  21>20     65    00    5    ok
   7.303    0.0ms  21>20     65    00    5    ok
   7.353   50.4ms  21>20     65    00    5    ok
   7.353  101.3ms  21>20     64    00    7    ok
   7.353  101.3ms  20>21     64    00    6    ok
   7.403   50.6ms  21>20     65    00    5    ok
   7.404    0.0ms  21>20     65    00    5    ok
   7.404    0.0ms  21>20     65    00    5    ok
   7.455   51.6ms  21>20     65    00    5    ok
   7.455  102.2ms  21>20     64    00    7    ok
   7.455  102.2ms  20>21     64    00    6    ok
   7.507   51.6ms  21>20     65    00    5    ok
   7.507    0.0ms  21>20     65    00    5    ok
   7.507    0.0ms  21>20     65    00    5    ok
   7.557   50.5ms  21>20     65    00    5    ok
   7.557  102.2ms  21>20     64    00    7    ok
   7.557  102.2ms  20>21     64    00    6    ok
   7.610   52.2ms  21>20     65    00    5    ok
   7.610    0.0ms  21>20     65    00    5    ok
   7.610    0.0ms  21>20     65    00    5    ok
   7.660   50.2ms  21>20     65    00    5    ok
   7.660  102.4ms  21>20     64    00    7    ok
   7.660  102.4ms  20>21     64    00    6    ok
   7.660    0.0ms  21>20     65    00    5    ok
   7.710   50.2ms  21>20     65    00    5    ok
   7.710    0.0ms  21>20     65    00    5    ok
   7.760   50.2ms  21>20     65    00    5    ok
   7.760  100.5ms  21>20     64    00    7    ok
   7.760  100.5ms  20>21     64    00    6    ok
   7.760    0.1ms  21>20     65    00    5    ok
   7.813   52.6ms  21>20     65    00    5    ok
   7.813    0.0ms  21>20     65    00    5    ok
   7.864   50.7ms  21>20     65    00    5    ok
   7.864  103.4ms  21>20     64    00    7    ok
   7.864  103.4ms  20>21     64    00    6    ok
   7.864    0.1ms  21>20     65    00    5    ok
   7.915   51.4ms  21>20     65    00    5    ok
   7.915    0.0ms  21>20     65    00    5    ok
   7.967   51.4ms  21>20     65    00    5    ok
   7.967  102.9ms  21>20     64    00    7    ok
   7.967  102.9ms  20>21     64    00    6    ok
   7.967    0.1ms  21>20     65    00    5    ok
   8.019   52.6ms  21>20     65    00    5    ok
   8.019    0.0ms  21>20     65    00    5    ok
   8.072   52.5ms  21>20     65    00    5    ok
   8.072  105.2ms  21>20     64    00    7    ok
   8.072  105.2ms  20>21     64    00    6    ok
   8.072    0.1ms  21>20     65    00    5    ok
   8.122   50.2ms  21>20     65    00    5    ok
   8.122    0.0ms  21>20     65    00    5    ok
   8.122    0.0ms  21>20     65    00    5    ok
   8.175  103.3ms  21>20     64    00    7    ok
   8.175  103.3ms  20>21     64    00    6    ok
   8.175   53.1ms  21>20     65    00    5    ok
   8.226   51.1ms  21>20     65    00    5    ok
   8.226    0.0ms  21>20     65    00    5    ok
   8.226    0.0ms  21>20     65    00    5    ok
   8.280  104.9ms  21>20     64    00    7    ok
   8.280  104.9ms  20>21     64    00    6    ok
   8.280   53.8ms  21>20     65    00    5    ok
   8.331   51.5ms  21>20     65    00    5    ok
   8.331    0.0ms  21>20     65    00    5    ok
   8.331    0.0ms  21>20     65    00    5    ok
   8.382  102.0ms  21>20     64    00    7    ok
   8.382  102.0ms  20>21     64    00    6    ok
   8.382   50.4ms  21>20     65    00    5    ok
   8.382    0.0ms  21>20     65    00    5    ok
   8.435   53.0ms  21>20     65    00    5    ok
   8.435    0.0ms  21>20     65    00    5    ok
   8.486  104.3ms  21>20     64    00    7    ok
   8.486  104.3ms  20>21     64    00    6    ok
   8.486   51.3ms  21>20     65    00    5    ok
   8.486    0.0ms  21>20     65    00    5    ok
   8.540   53.9ms  21>20     65    00    5    ok
   8.540    0.0ms  21>20     65    00    5    ok
   8.593  106.5ms  21>20     64    00    7    ok
   8.593  106.5ms  20>21     64    00    6    ok
   8.593   52.6ms  21>20     65    00    5    ok
   8.593    0.0ms  21>20     65    00    5    ok
   8.643   50.6ms  21>20     65    00    5    ok
   8.643    0.0ms  21>20     65    00    5    ok
   8.643   50.7ms  21>20     64    00    7    ok
   8.697  103.9ms  20>21     64    00    6    ok
   8.697   53.3ms  21>20     65    00    5    ok
   8.697    0.0ms  21>20     65    00    5    ok
   8.748   50.9ms  21>20     65    00    5    ok
   8.748    0.0ms  21>20     65    00    5    ok
   8.748  104.3ms  21>20     64    00    7    ok
   8.801  104.2ms  20>21     64    00    6    ok
   8.801   53.2ms  21>20     65    00    5    ok
   8.801    0.0ms  21>20     65    00    5    ok
   8.801    0.0ms  21>20     65    00    5    ok
   8.852   50.8ms  21>20     65    00    5    ok
   8.852  104.1ms  21>20     64    00    7    ok
   8.852   51.0ms  20>21     64    00    6    ok
   8.902   50.4ms  21>20     65    00    5    ok
   8.902    0.0ms  21>20     65    00    5    ok
   8.902    0.0ms  21>20     65    00    5    ok
   8.953   50.6ms  21>20     65    00    5    ok
   8.953  101.0ms  21>20     64    00    7    ok
   8.953  101.0ms  20>21     64    00    6    ok
   9.003   50.6ms  21>20     65    00    5    ok
   9.003    0.0ms  21>20     65    00    5    ok
   9.003    0.0ms  21>20     65    00    5    ok
   9.054   50.4ms  21>20     65    00    5    ok
   9.054  101.1ms  21>20     64    00    7    ok
   9.054  101.1ms  20>21     64    00    6    ok
   9.105   50.8ms  21>20     65    00    5    ok
   9.105    0.0ms  21>20     65    00    5    ok
   9.105    0.0ms  21>20     65    00    5    ok
   9.155   50.4ms  21>20     65    00    5    ok
   9.155  101.3ms  21>20     64    00    7    ok
   9.155  101.3ms  20>21     64    00    6    ok
   9.206   51.1ms  21>20     65    00    5    ok
   9.206    0.0ms  21>20     65    00    5    ok
   9.206    0.0ms  21>20     65    00    5    ok
   9.256   50.2ms  21>20     65    00    5    ok
   9.256  101.3ms  21>20     64    00    7    ok
   9.256  101.3ms  20>21     64    00    6    ok
   9.308   51.2ms  21>20     65    00    5    ok
   9.308    0.1ms  21>20     65    00    5    ok
   9.308    0.0ms  21>20     65    00    5    ok
   9.358   50.7ms  21>20     65    00    5    ok
   9.358  101.9ms  21>20     64    00    7    ok
   9.358  101.9ms  20>21     64    00    6    ok
   9.409   51.0ms  21>20     65    00    5    ok
   9.409    0.0ms  21>20     65    00    5    ok
   9.409    0.0ms  21>20     65    00    5    ok
   9.462   52.1ms  21>20     65    00    5    ok
   9.462  103.2ms  21>20     64    00    7    ok
   9.462  103.3ms  20>21     64    00    6    ok
   9.462    0.1ms  21>20     65    00    5    ok
   9.512   50.1ms  21>20     65    00    5    ok
   9.512    0.0ms  21>20     65    00    5    ok
   9.562   50.1ms  21>20     65    00    5    ok
   9.562  100.4ms  21>20     64    00    7    ok
   9.562  100.4ms  20>21     64    00    6    ok
   9.562    0.1ms  21>20     65    00    5    ok
   9.615   52.7ms  21>20     65    00    5    ok
   9.615    0.0ms  21>20     65    00    5    ok
   9.666   50.8ms  21>20     65    00    5    ok
   9.666  103.6ms  21>20     64    00    7    ok
   9.666  103.6ms  20>21     64    00    6    ok
   9.666    0.1ms  21>20     65    00    5    ok
   9.718   52.0ms  21>20     65    00    5    ok
   9.718    0.0ms  21>20     65    00    5    ok
   9.768   50.7ms  21>20     65    00    5    ok
   9.768  102.8ms  21>20     64    00    7    ok
   9.768  102.8ms  20>21     64    00    6    ok
   9.768    0.1ms  21>20     65    00    5    ok
   9.822   53.5ms  21>20     65    00    5    ok
   9.822    0.0ms  21>20     65    00    5    ok
   9.822    0.0ms  21>20     65    00    5    ok
   9.875  106.2ms  21>20     64    00    7    ok
   9.875  106.2ms  20>21     64    00    6    ok
   9.875   52.6ms  21>20     65    00    5    ok
   9.925   50.7ms  21>20     65    00    5    ok
   9.925    0.0ms  21>20     65    00    5    ok
   9.925    0.0ms  21>20     65    00    5    ok
   9.977  102.1ms  21>20     64    00    7    ok
   9.977  102.1ms  20>21     64    00    6    ok
   9.977   51.4ms  21>20     65    00    5    ok
  10.027   50.7ms  21>20     65    00    5    ok
  10.027    0.0ms  21>20     65    00    5    ok
  10.028    0.0ms  21>20     65    00    5    ok
  10.081  104.6ms  21>20     64    00    7    ok
  10.081  104.6ms  20>21     64    00    6    ok
  10.081   53.9ms  21>20     65    00    5    ok
  10.133   52.1ms  21>20     65    00    5    ok
  10.133    0.0ms  21>20     65    00    5    ok
  10.134    0.0ms  21>20     65    00    5    ok
  10.184  102.5ms  21>20     64    00    7    ok
  10.184  102.6ms  20>21     64    00    6    ok
  10.184   50.4ms  21>20     65    00    5    ok
  10.184    0.0ms  21>20     65    00    5    ok
  10.235   51.1ms  21>20     65    00    5    ok
  10.235    0.0ms  21>20     65    00    5    ok
  10.285  101.3ms  21>20     64    00    7    ok
  10.285  101.3ms  20>21     64    00    6    ok
  10.285   50.2ms  21>20     65    00    5    ok
  10.285    0.0ms  21>20     65    00    5    ok
  10.337   51.4ms  21>20     65    00    5    ok
  10.337    0.0ms  21>20     65    00    5    ok
  10.388  102.6ms  21>20     64    00    7    ok
  10.388  102.6ms  20>21     64    00    6    ok
  10.388   51.2ms  21>20     65    00    5    ok
  10.388    0.0ms  21>20     65    00    5    ok
  10.440   51.8ms  21>20     65    00    5    ok
  10.440    0.0ms  21>20     65    00    5    ok
  10.490  102.0ms  21>20     64    00    7    ok
  10.490  101.9ms  20>21     64    00    6    ok
  10.490   50.1ms  21>20     65    00    5    ok
  10.490    0.0ms  21>20     65    00    5    ok
  10.543   52.9ms  21>20     65    00    5    ok
  10.543    0.0ms  21>20     65    00    5    ok
  10.594  104.4ms  21>20     64    00    7    ok
  10.594  104.4ms  20>21     64    00    6    ok
  10.594   51.5ms  21>20     65    00    5    ok
  10.594    0.0ms  21>20     65    00    5    ok
  10.644   50.3ms  21>20     65    00    5    ok
  10.645    0.0ms  21>20     65    00    5    ok
  10.645   50.4ms  21>20     64    00    7    ok
  10.695  100.5ms  20>21     64    00    6    ok
  10.695   50.2ms  21>20     65    00    5    ok
  10.695    0.0ms  21>20     65    00    5    ok
  10.745   50.4ms  21>20     65    00    5    ok
  10.745    0.0ms  21>20     65    00    5    ok
  10.745  100.6ms  21>20     64    00    7    ok
  10.797  102.4ms  20>21     64    00    6    ok
  10.797   51.9ms  21>20     65    00    5    ok
  10.797    0.0ms  21>20     65    00    5    ok
  10.848   51.0ms  21>20     65    00    5    ok
  10.848    0.0ms  21>20     65    00    5    ok
  10.848  103.0ms  21>20     64    00    7    ok
  10.901  104.0ms  20>21     64    00    6    ok
  10.901   52.9ms  21>20     65    00    5    ok
  10.901    0.0ms  21>20     65    00    5    ok
  10.952   51.4ms  21>20     65    00    5    ok
  10.952    0.0ms  21>20     65    00    5    ok
  10.953  104.4ms  21>20     64    00    7    ok
  10.953   51.5ms  20>21     64    00    6    ok
  11.004   51.6ms  21>20     65    00    5    ok
  11.004    0.0ms  21>20     65    00    5    ok
  11.004    0.0ms  21>20     65    00    5    ok
  11.055   51.0ms  21>20     65    00    5    ok
  11.055  102.7ms  21>20     64    00    7    ok
  11.055  102.7ms  20>21     64    00    6    ok
  11.106   50.6ms  21>20     65    00    5    ok
  11.106    0.0ms  21>20     65    00    5    ok
  11.106    0.0ms  21>20     65    00    5    ok
  11.156   50.4ms  21>20     65    00    5    ok
  11.156  101.0ms  21>20     64    00    7    ok
  11.156  101.0ms  20>21     64    00    6    ok
  11.207   50.5ms  21>20     65    00    5    ok
  11.207    0.0ms  21>20     65    00    5    BAD
  11.258  102.0ms  21>20     64    00    7    ok
  11.318  162.2ms  20>21     64    01    6    BAD
  11.318  111.7ms  21>20     65    00    5    ok
  11.370   51.1ms  21>20     65    00    5    BAD
  11.370    0.0ms  21>00     06    27    7    BAD
  11.423   53.7ms  21>20     65    00    5    BAD
  11.476   52.5ms  21>20     65    00    5    ok
  11.476  217.6ms  21>20     64    06    7    BAD
  11.526   50.5ms  21>20     65    00    5    BAD
  11.526    0.0ms  21>20     65    00    5    ok
  11.577  101.2ms  21>20     64    27    7    BAD
  11.577   50.7ms  21>20     65    00    5    ok
  11.628    0.0ms  21>20     00    04    5    BAD
  11.732    0.0ms  20>65     00    04    33   BAD
  11.785    0.0ms  21>64     00    06    7    BAD
  11.785   53.0ms  20>65     00    04    5    BAD
  11.886    0.0ms  20>65     04    27    33   BAD
  11.886  309.4ms  21>20     65    00    5    BAD
  11.988  360.5ms  21>20     00    04    5    BAD
  12.040  153.2ms  21>20     65    00    5    BAD
  12.090    0.0ms  65>00     04    27    32   BAD
  12.090   50.8ms  21>20     65    00    5    ok
  12.144   54.0ms  21>20     65    00    5    BAD
  12.197  619.7ms  21>20     64    00    7    BAD
  12.197   52.3ms  21>20     65    00    5    ok
  12.197    0.0ms  21>20     65    00    5    ok
  12.247   50.4ms  21>20     65    00    5    BAD
  12.299  102.6ms  21>20     64    00    7    BAD
  12.299   52.1ms  21>20     65    00    5    ok
  12.299    0.0ms  21>20     65    00    5    ok
  12.350   50.8ms  21>20     65    00    5    ok
  12.350    0.0ms  21>20     65    00    5    ok
  12.350   50.9ms  21>20     64    00    7    ok
  12.403 1084.8ms  20>21     64    00    6    ok
  12.403   53.1ms  21>20     65    00    5    ok
  12.403    0.0ms  21>20     65    00    5    ok
  12.453   50.2ms  21>20     65    00    5    ok
  12.453    0.0ms  21>20     65    00    5    ok
  12.453  103.3ms  21>20     64    00    7    ok
  12.505  101.3ms  20>21     64    00    6    ok
  12.505   51.2ms  21>20     65    00    5    ok
  12.505    0.0ms  21>20     65    00    5    ok
  12.555   50.2ms  21>20     65    00    5    ok
  12.555    0.0ms  21>20     65    00    5    ok
  12.555  101.4ms  21>20     64    00    7    ok
  12.555   50.4ms  20>21     64    00    6    ok
  12.606   50.8ms  21>20     65    00    5    ok
  12.606    0.0ms  21>20     65    00    5    ok
  12.606    0.0ms  21>20     65    00    5    ok
  12.656   50.7ms  21>20     65    00    5    ok
  12.656  101.5ms  21>20     64    00    7    ok
  12.656  101.5ms  20>21     64    00    6    ok
  12.707   50.3ms  21>20     65    00    5    ok
  12.707    0.0ms  90>20     65    00    5    BAD
  12.758   50.9ms  21>20     65    00    5    BAD
  12.808    0.0ms  20>64     00    01    6    BAD
  12.859    0.0ms  90>64     00    27    7    BAD
  12.910  151.9ms  21>20     65    00    5    ok
  12.961    0.0ms  20>00     04    27    5    BAD
  13.063 1278.8ms  20>65     00    04    33   BAD
  13.114    0.0ms  21>65     04    27    5    BAD
  13.165    0.0ms  21>20     b2    00    5    BAD
  13.165 1380.5ms  21>64     00    06    7    BAD
  13.266  356.9ms  21>20     65    00    5    BAD
  13.267  610.1ms  21>20     64    00    7    BAD
  13.318   51.7ms  21>20     65    00    5    BAD
  13.318    0.0ms  21>20     65    00    5    ok
  13.369  102.2ms  21>20     64    00    7    BAD
  13.421  102.4ms  21>20     65    00    5    BAD
  13.421    0.0ms  21>20     65    00    5    ok
  13.472   50.8ms  21>20     65    00    5    ok
  13.472  102.8ms  21>20     64    00    7    ok
  13.472  815.1ms  20>21     64    00    6    ok
  13.472    0.1ms  21>20     65    00    5    ok
  13.525   53.7ms  21>20     65    00    5    ok
  13.525    0.0ms  21>20     65    00    5    ok
  13.577   52.2ms  21>20     65    00    5    ok
  13.578  105.9ms  21>20     64    00    7    ok
  13.578  105.9ms  20>21     64    00    6    ok
  13.578    0.0ms  21>20     65    00    5    ok
  13.628   50.2ms  21>20     65    00    5    ok
  13.628    0.0ms  21>20     65    00    5    ok
  13.628    0.0ms  21>20     65    00    5    ok
  13.679  101.7ms  21>20     64    00    7    ok
  13.679  101.7ms  20>21     64    00    6    ok
  13.679   51.5ms  21>20     65    00    5    ok
  13.730   50.6ms  21>20     65    00    5    ok
  13.730    0.0ms  21>20     65    00    5    ok
  13.730    0.0ms  21>20     65    00    5    ok
  13.783  103.5ms  21>20     64    00    7    ok
  13.783  103.5ms  20>21     64    00    6    ok
  13.783   52.9ms  21>20     65    00    5    ok
  13.834   51.5ms  21>20     65    00    5    ok
  13.834    0.0ms  21>20     65    00    5    ok
  13.834    0.0ms  21>20     65    00    5    ok
  13.887  104.5ms  21>20     64    00    7    ok
  13.887  104.5ms  20>21     64    00    6    ok
  13.887   53.0ms  21>20     65    00    5    ok
  13.887    0.0ms  21>20     65    00    5    ok
  13.939   51.9ms  21>20     65    00    5    ok
  13.939    0.0ms  21>20     65    00    5    ok
  13.990  102.5ms  21>20     64    00    7    ok
  13.990  102.5ms  20>21     64    00    6    ok
  13.990   50.6ms  21>20     65    00    5    ok
  13.990    0.0ms  21>20     65    00    5    ok
  14.043   53.2ms  21>20     65    00    5    ok
  14.043    0.0ms  21>20     65    00    5    ok
  14.094  104.7ms  21>20     64    00    7    ok
  14.094  104.7ms  20>21     64    00    6    ok
  14.095   51.5ms  21>20     65    00    5    ok
  14.095    0.0ms  21>20     65    00    5    ok
  14.148   53.3ms  21>20     65    00    5    ok
  14.148    0.0ms  21>20     65    00    5    ok
  14.148   53.4ms  21>20     64    00    7    ok
  14.201  106.0ms  20>21     64    00    6    ok
  14.201   52.7ms  21>20     65    00    5    ok
  14.201    0.0ms  21>20     65    00    5    ok
  14.251   50.8ms  21>20     65    00    5    ok
  14.251    0.0ms  21>20     65    00    5    ok
  14.251  103.5ms  21>20     64    00    7    ok
  14.302  101.1ms  20>21     64    00    6    ok
  14.302   50.3ms  21>20     65    00    5    ok
  14.302    0.0ms  21>20     65    00    5    ok
  14.353   51.0ms  21>20     65    00    5    ok
  14.353    0.0ms  21>20     65    00    5    ok
  14.353  101.4ms  21>20     64    00    7    ok
  14.405  103.7ms  20>21     64    00    6    ok
  14.405   52.6ms  21>20     65    00    5    ok
  14.405    0.0ms  21>20     65    00    5    ok
  14.457   51.9ms  21>20     65    00    5    ok
  14.457    0.0ms  21>20     65    00    5    ok
  14.457  104.6ms  21>20     64    00    7    ok
  14.508  103.1ms  20>21     64    00    6    ok
  14.508   51.2ms  21>20     65    00    5    ok
  14.508    0.0ms  21>20     65    00    5    ok
  14.508    0.0ms  21>20     65    00    5    ok
  14.559   50.4ms  21>20     65    00    5    ok
  14.559  101.7ms  21>20     64    00    7    ok
  14.559   50.6ms  20>21     64    00    6    ok
  14.609   50.3ms  21>20     65    00    5    ok
  14.609    0.0ms  21>20     65    00    5    ok
  14.609    0.0ms  21>20     65    00    5    ok
  14.660   50.8ms  21>20     65    00    5    ok
  14.660  101.2ms  21>20     64    00    7    ok
  14.660  101.2ms  20>21     64    00    6    ok
  14.711   50.6ms  21>20     65    00    5    ok
  14.711    0.0ms  21>20     65    00    5    ok
  14.711    0.0ms  21>20     65    00    5    ok
  14.761   50.3ms  21>20     65    00    5    ok
  14.761  100.9ms  21>20     64    00    7    ok
  14.761  100.9ms  20>21     64    00    6    ok
  14.812   50.7ms  21>20     65    00    5    ok
  14.812    0.0ms  21>20     65    00    5    ok
  14.812    0.0ms  21>20     65    00    5    ok
  14.862   50.3ms  21>20     65    00    5    ok
  14.862  101.1ms  21>20     64    00    7    ok
  14.862  101.1ms  20>21     64    00    6    ok
  14.913   50.7ms  21>20     65    00    5    ok
  14.913    0.0ms  21>20     65    00    5    ok
  14.913    0.0ms  21>20     65    00    5    ok
  14.963   50.4ms  21>20     65    00    5    ok
  14.963  101.1ms  21>20     64    00    7    ok
  14.963  101.1ms  20>21     64    00    6    ok
  15.014   50.7ms  21>20     65    00    5    ok
  15.014    0.0ms  21>20     65    00    5    ok
  15.014    0.0ms  21>20     65    00    5    ok
  15.065   50.9ms  21>20     65    00    5    ok
  15.065  101.6ms  21>20     64    00    7    ok
  15.065  101.6ms  20>21     64    00    6    ok
  15.116   51.3ms  21>20     65    00    5    ok
  15.116    0.0ms  21>20     65    00    5    ok
  15.116    0.0ms  21>20     65    00    5    ok
  15.167   50.6ms  21>20     65    00    5    ok
  15.167  101.9ms  21>20     64    00    7    ok
  15.167  101.9ms  20>21     64    00    6    ok
  15.218   51.0ms  21>20     65    00    5    ok
  15.218    0.0ms  21>20     65    00    5    ok
  15.218    0.0ms  21>20     65    00    5    ok
  15.270   51.9ms  21>20     65    00    5    ok
  15.270  102.9ms  21>20     64    00    7    ok
  15.270  102.9ms  20>21     64    00    6    ok
  15.270    0.1ms  21>20     65    00    5    ok
  15.322   52.6ms  21>20     65    00    5    ok
  15.322    0.0ms  21>20     65    00    5    ok
  15.373   50.7ms  21>20     65    00    5    ok
  15.373  103.4ms  21>20     64    00    7    ok
  15.373  103.4ms  20>21     64    00    6    ok
  15.373    0.1ms  21>20     65    00    5    ok
  15.423   50.2ms  21>20     65    00    5    ok
  15.423    0.0ms  21>20     65    00    5    ok
  15.473   50.1ms  21>20     65    00    5    ok
  15.473  100.5ms  21>20     64    00    7    ok
  15.473  100.5ms  20>21     64    00    6    ok
  15.473    0.1ms  21>20     65    00    5    ok
  15.527   53.4ms  21>20     65    00    5    ok
  15.527    0.1ms  21>20     65    00    5    ok
  15.579   51.6ms  21>20     65    00    5    ok
  15.579  105.1ms  21>20     64    00    7    ok
  15.579  105.1ms  20>21     64    00    6    ok
  15.579    0.0ms  21>20     65    00    5    ok
  15.630   51.6ms  21>20     65    00    5    ok
  15.630    0.0ms  21>20     65    00    5    ok
  15.630    0.0ms  21>20     65    00    5    ok
  15.683  104.3ms  21>20     64    00    7    ok
  15.683  104.3ms  20>21     64    00    6    ok
  15.683   52.7ms  21>20     65    00    5    ok
  15.734   50.7ms  21>20     65    00    5    ok
  15.734    0.0ms  21>20     65    00    5    ok
  15.734    0.0ms  21>20     65    00    5    ok
  15.785  102.3ms  21>20     64    00    7    ok
  15.785  102.3ms  20>21     64    00    6    ok
  15.785   51.5ms  21>20     65    00    5    ok
  15.837   51.3ms  21>20     65    00    5    ok
  15.837    0.0ms  21>20     65    00    5    ok
  15.837    0.0ms  21>20     65    00    5    ok
  15.888  103.0ms  21>20     64    00    7    ok
  15.888  103.0ms  20>21     64    00    6    ok
  15.888   51.7ms  21>20     65    00    5    ok
  15.939   50.5ms  21>20     65    00    5    ok
  15.939    0.0ms  21>20     65    00    5    ok
  15.939    0.0ms  21>20     65    00    5    ok
  15.991  102.7ms  21>20     64    00    7    ok
  15.991  102.7ms  20>21     64    00    6    ok
  15.991   52.1ms  21>20     65    00    5    ok
  15.991    0.0ms  21>20     65    00    5    ok
  16.043   52.5ms  21>20     65    00    5    ok
  16.043    0.0ms  21>20     65    00    5    ok
  16.094  103.3ms  21>20     64    00    7    ok
  16.094  103.3ms  20>21     64    00    6    ok
  16.094   50.8ms  21>20     65    00    5    ok
  16.094    0.0ms  21>20     65    00    5    ok
  16.145   50.9ms  21>20     65    00    5    ok
  16.145    0.0ms  21>20     65    00    5    ok
  16.196  101.5ms  21>20     64    00    7    ok
  16.196  101.4ms  20>21     64    00    6    ok
  16.196   50.5ms  21>20     65    00    5    ok
  16.196    0.0ms  21>20     65    00    5    ok
  16.248   52.8ms  21>20     65    00    5    ok
  16.249    0.0ms  21>20     65    00    5    ok
  16.300  104.3ms  21>20     64    00    7    ok
  16.300  104.3ms  20>21     64    00    6    ok
  16.300   51.5ms  21>20     65    00    5    ok
  16.300    0.0ms  21>20     65    00    5    ok
  16.352   51.5ms  21>20     65    00    5    ok
  16.352    0.1ms  21>20     65    00    5    ok
  16.352   51.7ms  21>20     64    00    7    ok
  16.404  104.1ms  20>21     64    00    6    ok
  16.404   52.6ms  21>20     65    00    5    ok
  16.404    0.0ms  21>20     65    00    5    ok
  16.455   50.7ms  21>20     65    00    5    ok
  16.455    0.0ms  21>20     65    00    5    ok
  16.455  103.3ms  21>20     64    00    7    ok
  16.508  103.6ms  20>21     64    00    6    ok
  16.508   52.8ms  21>20     65    00    5    ok
  16.508    0.0ms  21>20     65    00    5    ok
  16.559   51.6ms  21>20     65    00    5    ok
  16.559    0.1ms  21>20     65    00    5    ok
  16.559  104.4ms  21>20     64    00    7    ok
  16.610  102.3ms  20>21     64    00    6    ok
  16.610   50.7ms  21>20     65    00    5    ok
  16.610    0.0ms  21>20     65    00    5    ok
  16.662   52.2ms  21>20     65    00    5    ok
  16.662    0.0ms  21>20     65    00    5    ok
  16.662  102.9ms  21>20     64    00    7    ok
  16.713  102.5ms  20>21     64    00    6    ok
  16.713   50.3ms  21>20     65    00    5    ok
  16.713    0.0ms  21>20     65    00    5    ok
  16.713    0.0ms  21>20     65    00    5    ok
  16.763   50.3ms  21>20     65    00    5    ok
  16.763  100.7ms  21>20     64    00    7    ok
  16.763   50.4ms  20>21     64    00    6    ok
  16.813   50.4ms  21>20     65    00    5    ok
  16.813    0.0ms  21>20     65    00    5    ok
  16.813    0.0ms  21>20     65    00    5    ok
  16.864   50.3ms  21>20     65    00    5    ok
  16.864  100.8ms  21>20     64    00    7    ok
  16.864  100.8ms  20>21     64    00    6    ok
  16.914   50.6ms  21>20     65    00    5    ok
  16.914    0.0ms  21>20     65    00    5    ok
  16.914    0.0ms  21>20     65    00    5    ok
  16.964   50.1ms  21>20     65    00    5    ok
  16.964  100.7ms  21>20     64    00    7    ok
  16.964  100.7ms  20>21     64    00    6    ok
  17.015   50.6ms  21>20     65    00    5    ok
  17.015    0.0ms  21>20     65    00    5    ok
  17.015    0.0ms  21>20     65    00    5    ok
  17.066   51.2ms  21>20     65    00    5    ok
  17.066  101.9ms  21>20     64    00    7    ok
  17.066  101.9ms  20>21     64    00    6    ok
  17.117   51.0ms  21>20     65    00    5    ok
  17.117    0.0ms  21>20     65    00    5    ok
  17.117    0.0ms  21>20     65    00    5    ok
  17.168   50.8ms  21>20     65    00    5    ok
  17.168  101.8ms  21>20     64    00    7    ok
  17.168  101.8ms  20>21     64    00    6    ok
  17.219   50.7ms  21>20     65    00    5    ok
  17.219    0.0ms  21>20     65    00    5    ok
  17.219    0.0ms  21>20     65    00    5    ok
  17.271   51.7ms  21>20     65    00    5    ok
  17.271  102.5ms  21>20     64    00    7    ok
  17.271  102.5ms  20>21     64    00    6    ok
  17.322   51.5ms  21>20     65    00    5    ok
  17.322    0.0ms  21>20     65    00    5    ok
  17.322    0.0ms  21>20     65    00    5    ok
  17.373   50.3ms  21>20     65    00    5    ok
  17.373  101.9ms  21>20     64    00    7    ok
  17.373  101.9ms  20>21     64    00    6    ok
  17.373    0.0ms  21>20     65    00    5    ok
  17.425   52.6ms  21>20     65    00    5    ok
  17.425    0.0ms  21>20     65    00    5    ok
  17.476   50.7ms  21>20     65    00    5    ok
  17.476  103.4ms  21>20     64    00    7    ok
  17.476  103.4ms  20>21     64    00    6    ok
  17.476    0.0ms  21>20     65    00    5    ok
  17.527   50.8ms  21>20     65    00    5    ok
  17.527    0.0ms  21>20     65    00    5    ok
  17.578   51.1ms  21>20     65    00    5    ok
  17.578  102.0ms  21>20     64    00    7    ok
  17.578  102.0ms  20>21     64    00    6    ok
  17.578    0.0ms  21>20     65    00    5    ok
  17.632   53.9ms  21>20     65    00    5    ok
  17.632    0.0ms  21>20     65    00    5    ok
  17.682   50.4ms  21>20     65    00    5    ok
  17.682  104.4ms  21>20     64    00    7    ok
  17.682  104.4ms  20>21     64    00    6    ok
  17.682    0.0ms  21>20     65    00    5    ok
  17.733   50.7ms  21>20     65    00    5    ok
  17.733    0.1ms  21>20     65    00    5    ok
  17.733    0.0ms  21>20     65    00    5    ok
  17.785  102.7ms  21>20     64    00    7    ok
  17.785  102.7ms  20>21     64    00    6    ok
  17.785   52.0ms  21>20     65    00    5    ok
  17.836   50.6ms  21>20     65    00    5    ok
  17.836    0.0ms  21>20     65    00    5    ok
  17.836    0.0ms  21>20     65    00    5    ok
  17.886  101.1ms  21>20     64    00    7    ok
  17.886  101.1ms  20>21     64    00    6    ok
  17.886   50.5ms  21>20     65    00    5    ok
  17.937   50.9ms  21>20     65    00    5    ok
  17.937    0.0ms  21>20     65    00    5    ok
  17.937    0.0ms  21>20     65    00    5    ok
  17.991  104.5ms  21>20     64    00    7    ok
  17.991  104.6ms  20>21     64    00    6    ok
  17.991   53.7ms  21>20     65    00    5    ok
  18.043   51.9ms  21>20     65    00    5    ok
  18.043    0.0ms  21>20     65    00    5    ok
  18.043    0.0ms  21>20     65    00    5    ok
  18.093  102.8ms  21>20     64    00    7    ok
  18.094  102.8ms  20>21     64    00    6    ok
  18.094   50.8ms  21>20     65    00    5    ok
  18.094    0.0ms  21>20     65    00    5    ok
  18.146   52.2ms  21>20     65    00    5    ok
  18.146    0.0ms  21>20     65    00    5    ok
  18.196  103.0ms  21>20     64    00    7    ok
  18.196  103.0ms  20>21     64    00    6    ok
  18.196   50.7ms  21>20     65    00    5    ok
  18.196    0.0ms  21>20     65    00    5    ok
  18.250   53.3ms  21>20     65    00    5    ok
  18.250    0.0ms  21>20     65    00    5    ok
  18.301  104.8ms  21>20     64    00    7    ok
  18.301  104.8ms  20>21     64    00    6    ok
  18.301   51.5ms  21>20     65    00    5    ok
  18.301    0.0ms  21>20     65    00    5    ok
  18.354   52.6ms  21>20     65    00    5    ok
  18.354    0.0ms  21>20     65    00    5    ok
  18.354   52.7ms  21>20     64    00    7    ok
  18.405  103.4ms  20>21     64    00    6    ok
  18.405   50.8ms  21>20     65    00    5    ok
  18.405    0.0ms  21>20     65    00    5    ok
  18.455   50.1ms  21>20     65    00    5    ok
  18.455    0.0ms  21>20     65    00    5    ok
  18.455  100.9ms  21>20     64    00    7    ok
  18.506  101.7ms  20>21     64    00    6    ok
  18.506   51.6ms  21>20     65    00    5    ok
  18.506    0.0ms  21>20     65    00    5    ok
  18.557   50.1ms  21>20     65    00    5    ok
  18.557    0.0ms  21>20     65    00    5    ok
  18.557  101.7ms  21>20     64    00    7    ok
  18.610  103.5ms  20>21     64    00    6    ok
  18.610   53.3ms  21>20     65    00    5    ok
  18.610    0.0ms  21>20     65    00    5    ok
  18.660   50.1ms  21>20     65    00    5    ok
  18.660    0.1ms  21>20     65    00    5    ok
  18.660  103.5ms  21>20     64    00    7    ok
  18.660   50.2ms  20>21     64    00    6    ok
  18.711   50.7ms  21>20     65    00    5    ok
  18.711    0.0ms  21>20     65    00    5    ok
  18.761   50.2ms  21>20     65    00    5    ok
  18.761    0.0ms  21>20     65    00    5    ok
  18.761  101.0ms  21>20     64    00    7    ok
  18.761  101.0ms  20>21     64    00    6    ok
  18.814   53.0ms  21>20     65    00    5    ok
  18.814    0.0ms  21>20     65    00    5    ok
  18.864   50.2ms  21>20     65    00    5    ok
  18.864    0.0ms  21>20     65    00    5    ok
  18.864  103.2ms  21>20     64    00    7    ok
  18.864  103.2ms  20>21     64    00    6    ok
  18.914   50.2ms  21>20     65    00    5    ok
  18.915    0.0ms  21>20     65    00    5    ok
  18.915    0.0ms  21>20     65    00    5    ok
  18.965   50.5ms  21>20     65    00    5    ok
  18.965  100.8ms  21>20     64    00    7    ok
  18.965  100.8ms  20>21     64    00    6    ok
  19.015   50.3ms  21>20     65    00    5    ok
  19.015    0.0ms  21>20     65    00    5    ok
  19.015    0.0ms  21>20     65    00    5    ok
  19.065   50.1ms  21>20     65    00    5    ok
  19.065  100.4ms  21>20     64    00    7    ok
  19.065  100.4ms  20>21     64    00    6    ok
  19.116   50.3ms  21>20     65    00    5    ok
  19.116    0.0ms  21>20     65    00    5    ok
  19.116    0.0ms  21>20     65    00    5    ok
  19.167   51.4ms  21>20     65    00    5    ok
  19.167  101.8ms  21>20     64    00    7    ok
  19.167  101.8ms  20>21     64    00    6    ok
  19.218   50.7ms  21>20     65    00    5    ok
  19.218    0.0ms  21>20     65    00    5    ok
  19.218    0.0ms  21>20     65    00    5    ok
  19.268   50.4ms  21>20     65    00    5    ok
  19.268  101.1ms  21>20     64    00    7    ok
  19.268  101.1ms  20>21     64    00    6    ok
  19.319   50.7ms  21>20     65    00    5    ok
  19.319    0.0ms  21>20     65    00    5    ok
  19.319    0.0ms  21>20     65    00    5    ok
  19.370   51.1ms  21>20     65    00    5    ok
  19.370  101.8ms  21>20     64    00    7    ok
  19.370  101.8ms  20>21     64    00    6    ok
  19.421   51.3ms  21>20     65    00    5    ok
  19.421    0.0ms  21>20     65    00    5    ok
  19.421    0.0ms  21>20     65    00    5    ok
  19.472   50.7ms  21>20     65    00    5    ok
  19.472  101.9ms  21>20     64    00    7    ok
  19.472  101.9ms  20>21     64    00    6    ok
  19.523   51.0ms  21>20     65    00    5    ok
  19.523    0.1ms  21>20     65    00    5    ok
  19.523    0.0ms  21>20     65    00    5    ok
  19.575   51.8ms  21>20     65    00    5    ok
  19.575  102.9ms  21>20     64    00    7    ok
  19.575  102.9ms  20>21     64    00    6    ok
  19.627   51.7ms  21>20     65    00    5    ok
  19.627    0.0ms  21>20     65    00    5    ok
  19.627    0.0ms  21>20     65    00    5    ok
  19.677   50.4ms  21>20     65    00    5    ok
  19.677  102.2ms  21>20     64    00    7    ok
  19.677  102.2ms  20>21     64    00    6    ok
  19.677    0.1ms  21>20     65    00    5    ok
  19.730   52.7ms  21>20     65    00    5    ok
  19.730    0.0ms  21>20     65    00    5    ok
  19.781   51.1ms  21>20     65    00    5    ok
  19.781  103.9ms  21>20     64    00    7    ok
  19.781  103.9ms  20>21     64    00    6    ok
  19.781    0.0ms  21>20     65    00    5    ok
  19.835   53.9ms  21>20     65    00    5    ok
  19.835    0.0ms  21>20     65    00    5    ok
  19.887   51.7ms  21>20     65    00    5    ok
  19.887  105.7ms  21>20     64    00    7    ok
  19.887  105.7ms  20>21     64    00    6    ok
  19.887    0.1ms  21>20     65    00    5    ok
  19.937   50.3ms  21>20     65    00    5    ok
  19.937    0.0ms  21>20     65    00    5    ok
  19.937    0.0ms  21>20     65    00    5    ok
  19.989  101.8ms  21>20     64    00    7    ok
  19.989  101.8ms  20>21     64    00    6    ok
  19.989   51.5ms  21>20     65    00    5    ok
  20.039   50.7ms  21>20     65    00    5    ok
  20.039    0.0ms  21>20     65    00    5    ok
  20.092  103.7ms  20>21     64    00    6    BAD
  20.143 7079.9ms  20>65     00    04    5    BAD
  20.196  207.6ms  21>20     64    00    7    BAD
  20.196  156.9ms  21>20     65    00    5    BAD
  20.248    0.0ms  21>65     00    04    5    BAD
  20.298    0.0ms  21>b2     00    27    7    BAD
  20.350  154.3ms  21>20     65    00    5    BAD
  20.401    0.0ms  64>27     7c    02    7    BAD
  20.401   50.5ms  21>20     65    00    5    BAD
  20.452 8565.9ms  20>65     04    27    5    BAD
  20.503 7338.3ms  21>20     b2    00    7    BAD
  20.503  411.0ms  20>21     64    00    6    BAD
  20.606  205.3ms  21>20     65    00    5    BAD
  20.606  102.9ms  20>21     64    00    6    BAD
  20.657  409.3ms  21>65     00    04    5    BAD
  20.709 7901.0ms  20>64     00    27    7    BAD
  20.709 8721.0ms  21>20     00    04    5    BAD
  20.760 7799.1ms  20>00     04    27    5    BAD
  20.760  563.7ms  21>20     64    00    7    ok
  20.860  254.0ms  21>20     65    00    5    BAD
  20.860 8153.6ms  90>20     65    00    5    BAD
  20.914   53.4ms  21>20     65    04    5    BAD
  20.965  105.1ms  90>20     65    00    5    BAD
  21.017  257.4ms  21>20     64    00    7    BAD
  21.017  103.5ms  21>20     65    00    5    ok
  21.017    0.0ms  21>65     27    7b    5    BAD
  21.118  511.6ms  20>21     64    00    6    BAD
  21.118  100.7ms  21>20     65    04    5    BAD
  21.168   50.3ms  21>20     65    00    5    ok
  21.168   50.4ms  20>21     64    00    6    ok
  21.218 8104.6ms  21>65     04    27    5    BAD
  21.269  100.9ms  21>20     65    00    5    ok
  21.269  252.0ms  21>20     64    00    7    BAD
  21.320  610.5ms  21>20     00    04    5    BAD
  21.370  918.0ms  20>65     04    27    5    BAD
  21.370    0.0ms  21>90     64    00    7    BAD
  21.421  661.3ms  20>00     04    27    5    BAD
  21.472  202.6ms  21>20     65    00    5    BAD
  21.472  152.2ms  21>20     00    06    7    BAD
  21.522   50.2ms  21>20     65    00    5    ok
  21.522    0.1ms  21>20     65    00    5    ok
  21.572   50.3ms  21>20     65    04    5    BAD
  21.572  303.1ms  21>20     64    00    7    ok
  21.572  404.0ms  20>21     64    00    6    ok
  21.624   51.3ms  21>20     65    00    5    ok
  21.624    0.0ms  21>20     65    00    5    ok
  21.624    0.0ms  21>20     65    00    5    ok
  21.676   52.0ms  21>20     65    00    5    ok
  21.676  103.4ms  21>20     64    00    7    ok
  21.676  103.4ms  20>21     64    00    6    ok
  21.727   51.1ms  21>20     65    00    5    ok
  21.727    0.0ms  21>20     65    00    5    ok
  21.727    0.0ms  21>20     65    00    5    ok
  21.778   51.5ms  21>20     65    00    5    ok
  21.778  102.7ms  21>20     64    00    7    ok
  21.778  102.6ms  20>21     64    00    6    ok
  21.778    0.1ms  21>20     65    00    5    ok
  21.831   52.6ms  21>20     65    00    5    ok
  21.831    0.0ms  21>20     65    00    5    ok
  21.882   50.7ms  21>20     65    00    5    ok
  21.882  103.4ms  21>20     64    00    7    ok
  21.882  103.4ms  20>21     64    00    6    ok
  21.882    0.1ms  21>20     65    00    5    ok
  21.934   52.4ms  21>20     65    00    5    ok
  21.934    0.0ms  21>20     65    00    5    ok
  21.985   51.0ms  21>20     65    00    5    ok
  21.985  103.5ms  21>20     64    00    7    ok
  21.985  103.5ms  20>21     64    00    6    ok
  21.985    0.1ms  21>20     65    00    5    ok
  22.039   53.2ms  21>20     65    00    5    ok
  22.039    0.0ms  21>20     65    00    5    ok
  22.039    0.0ms  21>20     65    00    5    ok
  22.090  104.3ms  21>20     64    00    7    ok
  22.090  104.3ms  20>21     64    00    6    ok
  22.090   51.1ms  21>20     65    00    5    ok
  22.140   50.3ms  21>20     65    00    5    ok
  22.140    0.0ms  21>20     65    00    5    ok
  22.140    0.0ms  21>20     65    00    5    ok
  22.191  101.0ms  21>20     64    00    7    ok
  22.191  101.0ms  20>21     64    00    6    ok
  22.191   50.7ms  21>20     65    00    5    ok
  22.241    0.0ms  20>04     27    78    5    BAD
  22.344 9179.4ms  21>64     00    01    32   BAD
  22.398  926.6ms  21>20     00    06    7    BAD
  22.500 2201.8ms  21>b2     00    04    5    BAD
  22.500 1790.8ms  20>64     00    01    6    BAD
  22.500  309.3ms  21>20     65    00    5    ok
  22.551   51.5ms  21>20     65    04    5    BAD
  22.602  411.0ms  21>20     64    06    7    BAD
  22.602   50.3ms  21>20     65    00    5    ok
  22.602    0.0ms  21>20     65    00    5    BAD
  22.655   53.2ms  21>20     65    00    5    BAD
  22.706  515.7ms  20>21     64    01    6    BAD
  22.760  105.2ms  21>20     65    00    5    BAD
  22.813 1391.7ms  20>00     04    93    33   BAD
  22.864  103.6ms  21>20     65    04    5    BAD
  22.916  209.8ms  20>21     64    00    6    ok
  22.916   52.5ms  21>20     65    00    5    ok
  22.966   50.2ms  21>20     65    00    5    BAD
  22.966  364.8ms  21>20     64    00    7    BAD
  23.018    0.0ms  20>82     27    88    5    BAD
  23.069  102.3ms  21>20     64    80    7    BAD
  23.120  153.7ms  21>20     65    00    5    ok
  23.120    0.0ms  21>20     65    04    5    BAD
  23.171   50.4ms  21>20     65    00    5    ok
  23.171  254.5ms  20>21     64    00    6    ok
  23.221  822.2ms  21>20     00    04    5    BAD
  23.271 2614.1ms  21>65     00    93    5    BAD
  23.321  150.6ms  21>20     65    00    5    ok
  23.321    0.0ms  21>20     65    00    5    ok
  23.372  871.9ms  20>64     00    06    7    BAD
  23.473 3329.9ms  20>65     00    04    33   BAD
  23.473  404.6ms  21>20     64    00    7    BAD
  23.524  202.9ms  21>20     65    00    5    ok
  23.524    0.0ms  21>20     65    00    5    BAD
  23.576  355.3ms  21>20     00    04    5    BAD
  23.627  456.8ms  20>21     64    00    6    BAD
  23.627  356.4ms  21>65     00    04    5    BAD
  23.679  154.4ms  21>20     65    00    5    BAD
  23.679   51.2ms  20>21     64    00    6    ok
  23.781  102.5ms  21>20     65    00    5    BAD
  23.781  409.2ms  20>64     00    06    7    BAD
  23.834   52.6ms  21>20     65    00    5    BAD
  23.884   50.5ms  21>20     65    00    5    BAD
  23.935 1590.5ms  21>64     00    20    32   BAD
  23.986 2767.4ms  21>65     04    27    5    BAD
  24.090 11999.9ms  65>00     04    27    32   BAD
  24.090  617.1ms  21>20     64    00    7    BAD
  24.141  514.1ms  21>65     00    04    5    BAD
  24.194  103.3ms  21>20     64    00    7    BAD
  24.244  360.2ms  21>20     65    04    5    BAD
  24.244    0.0ms  21>20     65    00    5    BAD
  24.297  103.3ms  21>20     64    00    7    BAD
  24.348  103.2ms  21>20     65    00    5    BAD
  24.348  771.7ms  21>20     00    04    5    BAD
  24.402  104.7ms  21>20     64    00    7    ok
  24.402  723.2ms  20>21     64    00    6    ok
  24.453  105.5ms  21>20     65    00    5    BAD
  24.453    0.1ms  21>20     65    00    5    BAD
  24.504  101.8ms  21>20     64    00    7    BAD
  24.555 1082.1ms  20>65     00    04    33   BAD
  24.606    0.0ms  64>00     06    3d    33   BAD
  24.659  103.8ms  20>65     00    04    5    BAD
  24.710  929.1ms  20>64     00    06    33   BAD
  24.763  309.4ms  21>20     65    00    5    BAD
  24.763  259.1ms  21>20     64    00    7    ok
  24.815  880.0ms  21>64     00    20    6    BAD
  24.815   52.4ms  21>20     65    00    5    ok
  24.866   50.7ms  21>20     65    00    5    BAD
  24.919  156.2ms  21>20     64    00    7    BAD
  24.919   53.3ms  21>20     65    04    5    BAD
  24.970   50.6ms  21>20     65    00    5    ok
  24.970  828.1ms  21>65     00    04    5    BAD
  25.020  618.2ms  20>21     64    00    6    BAD
  25.070  410.9ms  20>65     00    04    5    BAD
  25.070  100.5ms  21>65     00    04    5    BAD
  25.070   50.2ms  20>21     64    00    6    ok
  25.121  151.3ms  21>20     65    00    5    ok
  25.121 4617.5ms  21>20     b2    00    5    BAD
  25.171   50.5ms  21>20     65    00    5    BAD
  25.222    0.0ms  21>64     80    c3    7    BAD
  25.273  101.7ms  21>20     65    00    5    ok
  25.273    0.0ms  65>04     27    02    5    BAD
  25.324   51.1ms  21>20     65    00    5    BAD
  25.376   51.5ms  21>20     65    00    5    BAD
  25.376  305.6ms  20>21     64    00    6    ok
  25.426   50.7ms  21>20     65    00    5    ok
  25.426    0.0ms  21>20     65    00    5    BAD
  25.477   50.4ms  21>20     65    00    5    BAD
  25.528  712.7ms  21>64     00    20    6    BAD
  25.528   50.9ms  21>20     65    00    5    ok
  25.578   50.1ms  21>20     65    00    5    BAD
  25.578  659.0ms  21>20     64    06    7    BAD
  25.629   51.0ms  21>20     65    04    5    BAD
  25.681   51.8ms  21>20     65    00    5    BAD
  25.681  970.6ms  20>64     00    06    7    BAD
  25.733   51.9ms  21>20     65    00    5    BAD
  25.784   51.1ms  21>20     65    00    5    BAD
  25.784  408.1ms  20>21     64    00    6    ok
  25.784    0.1ms  21>20     65    00    5    ok
  25.886  815.9ms  20>65     00    27    33   BAD
  25.886  358.3ms  21>64     00    20    6    BAD
  25.990  104.1ms  20>65     00    04    33   BAD
  26.043  259.6ms  21>20     65    00    5    ok
  26.096   52.2ms  21>20     65    00    5    BAD
  26.096  415.0ms  20>64     00    06    33   BAD
  26.197 2106.2ms  65>00     04    27    33   BAD
  26.247  151.6ms  21>20     65    00    5    BAD
  26.247    0.1ms  21>20     65    00    5    BAD
  26.301  722.8ms  21>20     64    00    7    ok
  26.301    0.0ms  20>21     00    20    6    BAD
  26.352  104.6ms  21>20     65    00    5    ok
  26.352    0.1ms  21>20     65    00    5    ok
  26.405  104.6ms  21>20     64    00    7    BAD
  26.405   53.2ms  21>20     65    00    5    ok
  26.405    0.0ms  21>20     65    00    5    ok
  26.507 2159.5ms  21>20     00    04    5    BAD
  26.507  206.5ms  20>21     00    20    6    BAD
  26.560 2574.5ms  21>65     04    27    5    BAD
  26.612    0.0ms  21>20     04    27    5    BAD
  26.612  726.0ms  21>64     00    20    6    BAD
  26.665  157.6ms  21>20     00    04    5    BAD
  26.717  311.9ms  21>20     65    04    5    BAD
  26.717  933.4ms  20>21     64    00    6    ok
  26.717    0.0ms  21>20     65    04    5    BAD
  26.768   50.6ms  21>20     65    00    5    ok
  26.768    0.0ms  21>20     65    00    5    BAD
  26.821  103.4ms  20>21     64    00    6    ok
  26.821 1750.5ms  21>65     00    04    5    BAD
  26.871  674.7ms  65>00     04    27    32   BAD
  26.925  157.5ms  21>20     65    04    5    BAD
  26.925    0.0ms  21>20     65    00    5    ok
  26.976   50.8ms  21>20     65    00    5    ok
  26.976  570.9ms  21>20     64    00    7    ok
  27.026  205.8ms  20>21     64    00    6    BAD
  27.026  361.7ms  21>20     00    04    5    BAD
  27.128    0.0ms  00>04     27    27    33   BAD
  27.179 1189.1ms  20>65     00    27    33   BAD
  27.179  152.8ms  20>21     64    00    6    ok
  27.230  253.8ms  21>20     65    00    5    BAD
  27.332  824.3ms  20>21     00    20    6    BAD
  27.332  101.7ms  21>20     65    00    5    BAD
  27.384  204.4ms  20>65     00    04    5    BAD
  27.384  204.4ms  20>21     64    00    6    ok
  27.486 4673.1ms  20>00     04    27    33   BAD
  27.486  509.9ms  21>20     64    00    7    BAD
  27.589  205.2ms  20>21     64    00    6    ok
  27.642  310.3ms  21>20     65    00    5    BAD
  27.693  309.1ms  20>65     00    04    33   BAD
  27.797  104.3ms  20>65     00    04    33   BAD
  27.847 1235.3ms  21>64     00    20    32   BAD
  27.847  205.4ms  21>20     65    00    5    ok
  27.900  310.8ms  20>21     64    20    6    BAD
  27.950  103.2ms  21>20     65    00    5    BAD
  28.002  515.7ms  21>20     64    00    7    ok
  28.002  154.5ms  21>64     00    20    6    BAD
  28.052  101.8ms  21>20     65    00    5    ok
  28.103  305.7ms  20>65     00    04    33   BAD
  28.207 1335.4ms  65>00     04    27    33   BAD
  28.259 1232.7ms  21>20     00    04    5    BAD
  28.259  206.9ms  21>20     65    04    5    BAD
  28.360    0.0ms  64>00     01    51    32   BAD
  28.360  100.9ms  21>20     65    00    5    ok
  28.410 2314.7ms  20>64     00    06    33   BAD
  28.463  102.8ms  21>20     65    00    5    BAD
  28.514   51.4ms  21>20     65    00    5    BAD
  28.514  614.8ms  20>21     64    00    6    BAD
  28.568   53.3ms  21>20     65    00    5    BAD
  28.568    0.1ms  21>20     65    00    5    ok
  28.568  566.1ms  21>20     64    00    7    ok
  28.618  104.0ms  20>21     64    00    6    ok
  28.618   50.7ms  21>20     65    00    5    ok
  28.618    0.0ms  21>20     65    00    5    ok
  28.669   50.2ms  21>20     65    00    5    ok
  28.669    0.0ms  21>20     65    00    5    ok
  28.669  101.0ms  21>20     64    00    7    ok
  28.722  103.1ms  20>21     64    00    6    ok
  28.722   52.9ms  21>20     65    00    5    ok
  28.722    0.0ms  21>20     65    00    5    ok
  28.773   51.0ms  21>20     65    00    5    ok
  28.773    0.0ms  21>20     65    00    5    ok
  28.773  103.9ms  21>20     64    00    7    ok
  28.823  101.5ms  20>21     64    00    6    ok
  28.823   50.4ms  21>20     65    00    5    ok
  28.823    0.0ms  21>20     65    00    5    ok
  28.874   50.8ms  21>20     65    00    5    ok
  28.874    0.0ms  21>20     65    00    5    ok
  28.874  101.2ms  21>20     64    00    7    ok
  28.874   50.9ms  20>21     64    00    6    ok
  28.927   52.7ms  21>20     65    00    5    ok
  28.927    0.1ms  21>20     65    00    5    ok
  28.977   50.3ms  21>20     65    00    5    ok
  28.977    0.0ms  21>20     65    00    5    ok
  28.977  103.0ms  21>20     64    00    7    ok
  28.977  103.0ms  20>21     64    00    6    ok
  29.028   51.2ms  21>20     65    00    5    ok
  29.028    0.0ms  21>20     65    00    5    ok
  29.028    0.0ms  21>20     65    00    5    ok
  29.079   50.3ms  21>20     65    00    5    ok
  29.079  101.6ms  21>20     64    00    7    ok
  29.079  101.6ms  20>21     64    00    6    ok
  29.129   50.1ms  21>20     65    00    5    ok
  29.129    0.0ms  21>20     65    00    5    ok
  29.129    0.0ms  21>20     65    00    5    ok
  29.179   50.2ms  21>20     65    00    5    ok
  29.179  100.3ms  21>20     64    00    7    ok
  29.179  100.3ms  20>21     64    00    6    ok
  29.229   50.2ms  21>20     65    00    5    ok
  29.229    0.1ms  21>20     65    00    5    ok
  29.229    0.0ms  21>20     65    00    5    ok
  29.280   50.7ms  21>20     65    00    5    ok
  29.280  101.0ms  21>20     64    00    7    ok
  29.280  101.0ms  20>21     64    00    6    ok
  29.330   50.5ms  21>20     65    00    5    ok
  29.330    0.0ms  21>20     65    00    5    ok
  29.330    0.0ms  21>20     65    00    5    ok
  29.381   50.3ms  21>20     65    00    5    ok
  29.381  100.8ms  21>20     64    00    7    ok
  29.381  100.8ms  20>21     64    00    6    ok
  29.431   50.7ms  21>20     65    00    5    ok
  29.431    0.0ms  21>20     65    00    5    ok
  29.431    0.0ms  21>20     65    00    5    ok
  29.483   51.3ms  21>20     65    00    5    ok
  29.483  102.0ms  21>20     64    00    7    ok
  29.483  102.0ms  20>21     64    00    6    ok
  29.534   51.2ms  21>20     65    00    5    ok
  29.534    0.1ms  21>20     65    00    5    ok
  29.534    0.0ms  21>20     65    00    5    ok
  29.585   51.1ms  21>20     65    00    5    ok
  29.585  102.3ms  21>20     64    00    7    ok
  29.585  102.3ms  20>21     64    00    6    ok
  29.636   51.0ms  21>20     65    00    5    ok
  29.636    0.0ms  21>20     65    00    5    ok
  29.636    0.0ms  21>20     65    00    5    ok
  29.689   52.7ms  21>20     65    00    5    ok
  29.689  103.7ms  21>20     64    00    7    ok
  29.689  103.7ms  20>21     64    00    6    ok
  29.740   51.7ms  21>20     65    00    5    ok
  29.740    0.1ms  21>20     65    00    5    ok
  29.740    0.0ms  21>20     65    00    5    ok
  29.791   50.4ms  21>20     65    00    5    ok
  29.791  102.2ms  21>20     64    00    7    ok
  29.791  102.2ms  20>21     64    00    6    ok
  29.791    0.1ms  21>20     65    00    5    ok
  29.843   52.1ms  21>20     65    00    5    ok
  29.843    0.0ms  21>20     65    00    5    ok
  29.893   50.4ms  21>20     65    00    5    ok
  29.894  102.6ms  21>20     64    00    7    ok
  29.894  102.6ms  20>21     64    00    6    ok
  29.894    0.1ms  21>20     65    00    5    ok
  29.946   52.0ms  21>20     65    00    5    ok
  29.946    0.1ms  21>20     65    00    5    ok
  29.997   51.0ms  21>20     65    00    5    ok
  29.997  103.1ms  21>20     64    00    7    ok
  29.997  103.1ms  20>21     64    00    6    ok
  29.997    0.1ms  21>20     65    00    5    ok
  30.049   52.4ms  21>20     65    00    5    ok
  30.049    0.1ms  21>20     65    00    5    ok
  30.102   52.4ms  21>20     65    00    5    ok
  30.102  104.9ms  21>20     64    00    7    ok
  30.102  104.9ms  20>21     64    00    6    ok
  30.102    0.0ms  21>20     65    00    5    ok
  30.152 3331.5ms  21>65     00    04    5    BAD
  30.203 1943.4ms  21>20     00    04    5    BAD
  30.203  101.0ms  20>21     64    00    6    BAD
  30.253  151.3ms  21>20     65    00    5    ok
  30.305 2973.8ms  20>21     00    01    6    BAD
  30.407 2304.4ms  20>65     00    04    33   BAD
  30.458  205.6ms  21>20     65    04    5    BAD
  30.459   51.4ms  20>65     00    04    5    BAD
  30.510  408.4ms  21>20     64    00    7    BAD
  30.561  102.7ms  21>20     65    04    5    BAD
  30.561    0.1ms  21>20     65    00    5    ok
  30.612  459.4ms  21>65     00    04    5    BAD
  30.612  409.0ms  20>21     64    01    6    BAD
  30.612   50.4ms  21>20     65    00    5    ok
  30.715 2508.7ms  65>00     04    27    33   BAD
  30.818  359.8ms  20>65     00    04    33   BAD
  30.871 2869.6ms  21>64     00    01    32   BAD
  30.922    0.0ms  21>64     27    71    7    BAD
  30.922  310.5ms  21>65     00    04    5    BAD
  30.972  360.8ms  21>20     65    00    5    ok
  30.972    0.0ms  21>20     65    00    5    BAD
  31.024  152.7ms  21>64     00    20    6    BAD
  31.075  102.5ms  21>20     65    00    5    BAD
  31.075    0.0ms  21>20     65    00    5    BAD
  31.127  515.1ms  20>21     64    00    6    ok
  31.127   51.8ms  21>20     65    00    5    ok
  31.127    0.0ms  21>20     65    00    5    ok
  31.178   51.4ms  21>20     65    00    5    BAD
  31.230  924.5ms  20>21     00    00    6    BAD
  31.230   51.7ms  21>20     65    00    5    ok
  31.280   50.3ms  21>20     65    82    5    BAD
  31.331 2921.0ms  20>64     00    06    33   BAD
  31.331   51.2ms  21>20     65    04    5    BAD
  31.382   50.3ms  21>20     65    00    5    ok
  31.382  871.8ms  21>20     64    00    7    BAD
  31.432   50.2ms  21>20     65    00    5    BAD
  31.482  664.0ms  20>65     00    04    5    BAD
  31.533  405.9ms  20>21     64    00    6    BAD
  31.533  100.8ms  21>20     65    00    5    BAD
  31.583  867.5ms  65>00     04    27    5    BAD
  31.583   50.2ms  20>21     64    00    6    ok
  31.633  711.2ms  21>65     00    04    5    BAD
  31.633  100.5ms  21>20     65    00    5    ok
  31.684   50.3ms  21>20     65    00    5    BAD
  31.684  100.7ms  20>21     64    00    6    ok
  31.785  202.2ms  65>00     04    27    32   BAD
  31.887  404.3ms  20>65     00    04    33   BAD
  31.887  504.9ms  21>20     64    00    7    ok
  31.937   50.9ms  20>65     00    04    5    BAD
  31.990 4504.2ms  20>00     04    27    5    BAD
  31.990 1787.7ms  21>20     00    06    7    BAD
  32.042  358.4ms  21>20     65    00    5    BAD
  32.092   50.6ms  21>20     65    00    5    BAD
  32.092 1068.4ms  21>64     00    06    7    BAD
  32.144  511.1ms  21>65     00    27    5    BAD
  32.195  308.0ms  21>20     64    00    7    ok
  32.195  511.2ms  20>21     64    00    6    ok
  32.248  155.4ms  21>20     65    04    5    BAD
  32.248    0.0ms  21>20     65    00    5    ok
  32.299   51.4ms  21>20     65    00    5    ok
  32.299  104.6ms  21>20     64    00    7    BAD
  32.352   53.3ms  21>20     65    00    5    BAD
  32.403  465.7ms  20>65     00    27    33   BAD
  32.453  100.9ms  21>20     65    00    5    BAD
  32.453    0.0ms  21>90     65    00    5    BAD
  32.506 5945.7ms  21>65     04    27    5    BAD
  32.506  311.4ms  20>21     64    00    6    BAD
  32.557 11186.5ms  20>65     04    27    5    BAD
  32.660  206.7ms  21>20     65    00    5    BAD
  32.660    0.0ms  21>20     65    00    5    ok
  32.711  411.4ms  21>20     64    00    7    ok
  32.761  357.8ms  20>65     00    04    33   BAD
  32.814  103.1ms  21>20     64    00    7    BAD
  32.814  823.7ms  21>20     00    04    5    BAD
  32.917  257.0ms  21>20     65    04    5    BAD
  32.917  411.1ms  20>21     64    00    6    BAD
  32.968   50.4ms  21>20     65    00    5    ok
  33.018   50.2ms  21>20     65    00    5    BAD
  33.018 1787.9ms  20>21     00    20    6    BAD
  33.070   52.4ms  21>20     65    04    5    BAD
  33.070    0.0ms  21>20     65    00    5    ok
  33.122    0.0ms  20>00     06    27    7    BAD
  33.122   51.6ms  21>20     65    00    5    BAD
  33.175   52.9ms  21>20     65    00    5    BAD
  33.175    0.0ms  21>20     65    00    5    ok
  33.226 1894.2ms  20>64     00    06    33   BAD
  33.276  101.4ms  21>20     65    00    5    BAD
  33.276    0.0ms  21>20     65    00    5    BAD
  33.327 1234.2ms  21>64     00    20    6    BAD
  33.377  820.5ms  20>65     04    27    5    BAD
  33.428 1642.7ms  65>00     04    27    32   BAD
  33.479  717.5ms  20>65     00    04    5    BAD
  33.479 1334.3ms  21>65     00    93    5    BAD
  33.532  614.9ms  20>21     64    00    6    BAD
  33.532  256.0ms  21>20     65    00    5    ok
  33.583   50.4ms  21>20     65    00    5    BAD
  33.583   50.5ms  20>21     64    00    6    ok
  33.635   52.0ms  21>20     65    04    5    BAD
  33.685   50.5ms  21>20     65    00    5    ok
  33.685 1231.6ms  21>90     65    00    5    BAD
  33.685 11185.1ms  21>b2     00    06    7    BAD
  33.735    0.0ms  65>00     27    27    5    BAD
  33.786  100.8ms  21>20     65    00    5    BAD
  33.786  972.0ms  21>20     64    00    7    ok
  33.836  509.4ms  21>64     00    20    32   BAD
  33.888  101.9ms  21>20     65    00    5    ok
  33.888  101.9ms  21>20     64    00    7    ok
  33.989  561.6ms  65>00     04    27    32   BAD
  33.989  101.6ms  21>20     64    06    7    BAD
  34.040  152.7ms  21>20     65    00    5    ok
  34.040  561.9ms  20>65     00    04    5    BAD
  34.092 13126.5ms  90>20     65    00    5    BAD
  34.092  509.4ms  20>21     64    00    6    ok
  34.143 1328.8ms  21>20     00    04    5    BAD
  34.143  102.2ms  21>20     65    00    5    ok
  34.194   51.7ms  21>20     65    00    5    ok
  34.194  205.0ms  21>20     64    00    7    ok
  34.194  102.5ms  20>21     64    00    6    ok
  34.247   52.2ms  21>20     65    00    5    BAD
  34.247    0.0ms  21>20     65    00    5    ok
  34.297   50.3ms  21>20     65    00    5    ok
  34.297  102.5ms  21>20     64    00    7    ok
  34.297 1279.1ms  20>21     00    20    6    BAD
  34.349   52.0ms  21>20     65    00    5    ok
  34.400  359.3ms  20>65     00    04    5    BAD
  34.400  102.9ms  21>20     64    00    7    ok
  34.400  205.4ms  20>21     64    00    6    ok
  34.400   51.0ms  21>20     65    00    5    ok
  34.452   51.8ms  21>20     65    00    5    ok
  34.452    0.0ms  21>20     65    00    5    ok
  34.503   51.5ms  21>20     65    00    5    ok
  34.503  103.5ms  21>20     64    00    7    ok
  34.503  103.5ms  20>21     64    00    6    ok
  34.503    0.1ms  21>20     65    00    5    ok
  34.556   52.9ms  21>20     65    00    5    ok
  34.556    0.0ms  21>20     65    00    5    ok
  34.556    0.0ms  21>20     65    00    5    ok
  34.608 1382.0ms  20>64     00    06    7    BAD
  34.608   51.5ms  21>20     65    00    5    ok
  34.658   50.5ms  21>20     65    00    5    ok
  34.658    0.0ms  21>20     65    00    5    ok
  34.658    0.0ms  21>20     65    00    5    ok
  34.710  206.8ms  21>20     64    00    7    ok
  34.710  206.9ms  20>21     64    00    6    ok
  34.710   51.9ms  21>20     65    00    5    ok
  34.761   50.8ms  21>20     65    00    5    ok
  34.761    0.0ms  21>20     65    00    5    ok
  34.761    0.0ms  21>20     65    00    5    ok
  34.813  102.9ms  21>20     64    00    7    ok
  34.813  102.9ms  20>21     64    00    6    ok
  34.865 1386.0ms  21>65     00    28    5    BAD
  34.865  103.6ms  21>20     65    80    5    BAD
  34.917  103.5ms  21>20     64    00    7    ok
  34.917  103.5ms  20>21     64    00    6    ok
  34.917   51.9ms  21>20     65    00    5    ok
  34.917    0.0ms  21>20     65    00    5    ok
  34.969   52.1ms  21>20     65    00    5    ok
  34.969    0.0ms  21>20     65    00    5    ok
  35.019  102.9ms  21>20     64    00    7    ok
  35.019  102.9ms  20>21     64    00    6    ok
  35.019   50.7ms  21>20     65    00    5    ok
  35.019    0.0ms  21>20     65    00    5    ok
  35.071   51.2ms  21>20     65    00    5    ok
  35.071    0.0ms  21>20     65    00    5    ok
  35.122  102.1ms  21>20     64    00    7    ok
  35.122  102.1ms  20>21     64    00    6    ok
  35.122   50.9ms  21>20     65    00    5    ok
  35.122    0.0ms  21>20     65    00    5    ok
  35.175   53.7ms  21>20     65    00    5    ok
  35.175    0.0ms  21>20     65    00    5    ok
  35.227  105.8ms  21>20     64    00    7    ok
  35.227  105.8ms  20>21     64    00    6    ok
  35.227   52.1ms  21>20     65    00    5    ok
  35.227    0.0ms  21>20     65    00    5    ok
  35.278   50.2ms  21>20     65    00    5    ok
  35.278    0.1ms  21>20     65    00    5    ok
  35.278   50.4ms  21>20     64    00    7    ok
  35.330  103.1ms  20>21     64    00    6    BAD
  35.381 1238.8ms  21>20     00    04    5    BAD
  35.381  103.7ms  21>20     65    00    5    ok
  35.381  103.7ms  21>20     64    00    7    ok
  35.435  104.5ms  20>21     64    00    6    ok
  35.435   53.6ms  21>20     65    00    5    ok
  35.435    0.0ms  21>20     65    00    5    ok
  35.486   51.0ms  21>20     65    00    5    ok
  35.486    0.0ms  21>20     65    00    5    ok
  35.486  104.7ms  21>20     64    00    7    ok
  35.486   51.1ms  20>21     64    00    6    ok
  35.537   51.2ms  21>20     65    00    5    ok
  35.537    0.0ms  21>20     65    00    5    ok
  35.537    0.0ms  21>20     65    00    5    ok
  35.588   50.9ms  21>20     65    00    5    ok
  35.588  102.2ms  21>20     64    00    7    ok
  35.588  102.2ms  20>21     64    00    6    ok
  35.638   50.2ms  21>20     65    00    5    ok
  35.639    0.0ms  21>20     65    00    5    ok
  35.639    0.0ms  21>20     65    00    5    ok
  35.689   50.2ms  21>20     65    00    5    ok
  35.689  100.5ms  21>20     64    00    7    ok
  35.689  100.5ms  20>21     64    00    6    ok
  35.739   50.5ms  21>20     65    00    5    ok
  35.739    0.0ms  21>20     65    00    5    ok
  35.739    0.0ms  21>20     65    00    5    ok
  35.790   50.9ms  21>20     65    00    5    ok
  35.790  101.4ms  21>20     64    00    7    ok
  35.841  152.1ms  20>21     64    00    6    ok
  35.841   50.8ms  21>20     65    04    5    BAD
  35.892 1492.7ms  20>65     00    04    33   BAD
  35.892   51.5ms  20>21     64    00    6    ok
  35.943  102.4ms  21>20     65    00    5    ok
  35.943    0.0ms  21>20     65    00    5    ok
  35.943    0.0ms  21>20     65    00    5    ok
  35.996   52.4ms  21>20     65    00    5    ok
  35.996  205.6ms  21>20     64    00    7    ok
  35.996  103.4ms  20>21     64    00    6    ok
  36.047   51.3ms  21>20     65    00    5    ok
  36.047    0.0ms  21>20     65    00    5    ok
  36.047    0.0ms  21>20     65    00    5    ok
  36.098   50.7ms  21>20     65    00    5    ok
  36.098  102.0ms  21>20     64    00    7    ok
  36.098  102.0ms  20>21     64    00    6    ok
  36.098    0.0ms  21>20     65    00    5    ok
  36.150   52.6ms  21>20     65    00    5    ok
  36.150    0.0ms  21>20     65    00    5    ok
  36.201   50.2ms  21>20     65    00    5    ok
  36.201  102.9ms  21>20     64    00    7    ok
  36.201  102.9ms  20>21     64    00    6    ok
  36.201    0.0ms  21>20     65    00    5    ok
  36.253   52.4ms  21>20     65    00    5    ok
  36.253    0.1ms  21>20     65    00    5    ok
  36.304   50.4ms  21>20     65    00    5    ok
  36.304  102.9ms  21>20     64    00    7    ok
  36.304  102.9ms  20>21     64    00    6    ok
  36.304    0.1ms  21>20     65    00    5    ok
  36.407  103.7ms  21>20     65    04    5    BAD
  36.407  103.7ms  21>20     64    00    7    ok
  36.407  103.7ms  20>21     64    00    6    ok
  36.407    0.1ms  21>20     65    00    5    ok
  36.458   51.0ms  21>20     65    00    5    ok
  36.458    0.0ms  21>20     65    00    5    ok
  36.458    0.0ms  21>20     65    00    5    ok
  36.510  102.3ms  21>20     64    00    7    ok
  36.510  102.4ms  20>21     64    00    6    ok
  36.510   51.3ms  21>20     65    00    5    ok
  36.560   50.3ms  21>20     65    00    5    ok
  36.560    0.0ms  21>20     65    00    5    ok
  36.560    0.0ms  21>20     65    00    5    ok
  36.613  102.9ms  21>20     64    00    7    ok
  36.613  102.9ms  20>21     64    00    6    ok
  36.613   52.5ms  21>20     65    00    5    ok
  36.664   51.0ms  21>20     65    00    5    ok
  36.664    0.0ms  21>20     65    00    5    ok
  36.664    0.0ms  21>20     65    00    5    ok
  36.717  104.1ms  21>20     64    00    7    ok
  36.717  104.1ms  20>21     64    00    6    ok
  36.717   53.0ms  21>20     65    00    5    ok
  36.768   51.6ms  21>20     65    00    5    ok
  36.768    0.1ms  21>20     65    00    5    ok
  36.768    0.0ms  21>20     65    00    5    ok
  36.819  101.8ms  21>20     64    00    7    ok
  36.819  101.8ms  20>21     64    00    6    ok
  36.819   50.1ms  21>20     65    00    5    ok
  36.870   51.7ms  21>20     65    00    5    ok
  36.870    0.0ms  21>20     65    00    5    ok
  36.921 1028.3ms  20>65     00    28    5    BAD
  36.921  102.2ms  20>21     64    00    6    ok
  36.921   50.4ms  21>20     65    00    5    ok
  36.921    0.0ms  21>20     65    00    5    ok
  36.973   51.9ms  21>20     65    00    5    ok
  36.973    0.0ms  21>20     65    00    5    ok
  37.023  204.8ms  21>20     64    00    7    ok
  37.023  102.6ms  20>21     64    00    6    ok
  37.023   50.7ms  21>20     65    00    5    ok
  37.023    0.0ms  21>20     65    00    5    ok
  37.076   52.7ms  21>20     65    00    5    ok
  37.076    0.0ms  21>20     65    00    5    ok
  37.128  104.3ms  21>20     64    00    7    ok
  37.128  104.3ms  20>21     64    00    6    ok
  37.128   51.6ms  21>20     65    00    5    ok
  37.128    0.0ms  21>20     65    00    5    ok
  37.180   51.9ms  21>20     65    00    5    ok
  37.180    0.0ms  21>20     65    00    5    ok
  37.180   52.0ms  21>20     64    00    7    ok
  37.230  102.6ms  20>21     64    00    6    ok
  37.230   50.7ms  21>20     65    00    5    ok
  37.230    0.0ms  21>20     65    00    5    ok
  37.281   50.2ms  21>20     65    00    5    ok
  37.281    0.0ms  21>20     65    00    5    ok
  37.281  100.9ms  21>20     64    00    7    ok
  37.332  101.5ms  20>21     64    00    6    ok
  37.332   51.3ms  21>20     65    00    5    ok
  37.332    0.0ms  21>20     65    00    5    ok
  37.382   50.2ms  21>20     65    00    5    BAD
  37.434 2825.9ms  20>64     00    06    7    BAD
  37.434   51.5ms  21>20     65    04    5    BAD
  37.485   51.0ms  21>20     65    00    5    ok
  37.485    0.1ms  21>20     65    00    5    ok
  37.538 3702.1ms  21>64     00    06    7    BAD
  37.538  617.5ms  20>65     00    04    5    BAD
  37.589  103.9ms  21>20     65    00    5    BAD
  37.640  308.4ms  20>21     64    00    6    ok
  37.640   51.6ms  21>20     65    00    5    ok
  37.640    0.0ms  21>20     65    04    5    BAD
  37.741  202.5ms  20>65     00    04    33   BAD
  37.741  100.5ms  21>20     65    00    5    ok
  37.792   50.8ms  21>20     65    00    5    BAD
  37.842  201.7ms  20>21     64    00    6    BAD
  37.842   50.4ms  21>20     65    00    5    BAD
  37.892  151.7ms  20>65     00    04    5    BAD
  37.943  101.0ms  20>21     64    00    6    BAD
  37.943  101.0ms  21>20     65    00    5    ok
  37.993  100.9ms  20>65     00    04    5    BAD
  37.993   50.5ms  20>21     64    00    6    ok
  38.044  101.2ms  21>20     65    00    5    BAD
  38.094  101.0ms  20>21     64    00    6    ok
  38.196  202.9ms  20>65     00    27    33   BAD
  38.196  915.7ms  21>20     64    06    7    BAD
  38.247   50.8ms  20>65     00    04    5    BAD
  38.298 3433.8ms  21>65     00    82    5    BAD
  38.298  102.1ms  21>20     64    00    7    ok
  38.298  204.1ms  20>21     64    00    6    ok
  38.350  306.2ms  21>20     65    00    5    BAD
  38.401 3019.2ms  21>20     00    04    5    BAD
  38.452  914.2ms  21>64     00    20    32   BAD
  38.503  152.5ms  21>20     65    00    5    ok
  38.503  204.4ms  21>20     64    00    7    BAD
  38.555   52.2ms  21>20     65    04    5    BAD
  38.606   51.0ms  21>20     65    00    5    BAD
  38.606 1172.4ms  20>64     00    20    6    BAD
  38.658 6667.5ms  20>00     04    27    5    BAD
  38.709  308.4ms  21>20     00    27    5    BAD
  38.709  410.7ms  20>21     64    00    6    BAD
  38.762  155.8ms  21>20     65    00    5    ok
  38.762    0.0ms  21>20     65    00    5    ok
  38.813  103.8ms  21>20     00    04    5    BAD
  38.813  103.8ms  20>21     64    00    6    ok
  38.863  616.2ms  20>65     00    27    5    BAD
  38.863   50.4ms  21>20     00    27    5    BAD
  38.916  413.1ms  21>20     64    00    7    ok
  38.916  103.0ms  20>21     64    00    6    BAD
  38.967  204.9ms  21>20     65    00    5    ok
  38.967 13845.9ms  21>20     b2    00    5    BAD
  39.017  100.9ms  21>20     64    00    7    ok
  39.017  100.9ms  20>21     64    20    6    BAD
  39.068  101.5ms  21>20     65    00    5    BAD
  39.119  255.5ms  20>65     00    04    33   BAD
  39.170  102.4ms  21>20     65    04    5    BAD
  39.222  923.8ms  21>65     00    04    5    BAD
  39.222    0.0ms  21>65     00    04    5    BAD
  39.275   52.5ms  21>65     00    04    5    BAD
  39.325  308.5ms  21>20     64    00    7    BAD
  39.325  154.8ms  21>20     65    00    5    ok
  39.377   51.3ms  21>20     65    00    5    BAD
  39.377    0.0ms  21>20     65    00    5    ok
  39.428  411.0ms  20>21     64    00    6    ok
  39.428  309.2ms  20>65     00    04    5    BAD
  39.481  617.4ms  21>20     00    04    5    BAD
  39.531  206.1ms  21>20     64    00    7    BAD
  39.583  155.1ms  20>65     00    04    33   BAD
  39.583   51.6ms  21>20     64    00    7    ok
  39.635  207.6ms  20>21     64    00    6    ok
  39.636  258.8ms  21>20     65    00    5    BAD
  39.686   50.8ms  21>20     65    00    5    BAD
  39.686  103.4ms  21>20     64    00    7    ok
  39.739  104.0ms  20>21     64    00    6    ok
  39.740   53.2ms  21>20     65    00    5    ok
  39.790   51.0ms  21>20     65    00    5    ok
  39.791  104.1ms  21>20     64    00    7    ok
  39.843 1237.2ms  20>64     00    20    6    BAD
  39.843    0.0ms  90>65     00    04    5    BAD
  39.893  102.8ms  21>20     65    00    5    ok
  39.893  153.9ms  20>21     64    00    6    ok
  39.994  411.2ms  20>65     00    04    33   BAD
  39.994  513.6ms  21>20     00    27    7    BAD
  40.096  101.6ms  20>65     00    04    33   BAD
  40.096  305.3ms  21>20     64    00    7    BAD
  40.147  253.2ms  21>20     65    00    5    BAD
  40.198   51.7ms  21>20     65    00    5    BAD
  40.249  356.1ms  20>21     64    00    6    BAD
  40.250   51.3ms  21>20     65    00    5    ok
  40.301   51.0ms  21>20     65    00    5    BAD
  40.301  204.7ms  21>20     64    00    7    BAD
  40.404    0.0ms  20>80     04    27    33   BAD
  40.404  103.3ms  21>20     64    06    7    BAD
  40.456 1180.9ms  21>65     00    04    5    BAD
  40.506  205.5ms  21>20     65    00    5    BAD
  40.506  511.9ms  21>20     00    06    7    BAD
  40.559   52.8ms  21>20     65    00    5    BAD
  40.610   51.1ms  21>20     65    00    5    BAD
  40.610  206.1ms  21>20     64    00    7    BAD
  40.714 7336.4ms  20>65     04    27    33   BAD
  40.714  103.7ms  21>20     64    00    7    BAD
  40.714  103.8ms  21>20     65    00    5    ok
  40.764   50.6ms  21>20     65    00    5    ok
  40.817 2159.1ms  20>00     04    27    33   BAD
  40.867  103.1ms  21>20     65    00    5    BAD
  40.920   52.9ms  21>20     65    00    5    BAD
  40.972 2519.3ms  21>64     00    20    32   BAD
  41.023  206.4ms  20>00     04    27    5    BAD
  41.023    0.0ms  20>64     20    00    6    BAD
  41.125 1029.4ms  20>65     00    04    33   BAD
  41.125  875.8ms  20>21     64    00    6    ok
  41.177  256.5ms  21>20     65    00    5    BAD
  41.227  513.7ms  21>20     64    00    7    ok
  41.228  102.2ms  20>21     64    00    6    BAD
  41.280  774.2ms  21>20     00    04    5    BAD
  41.332  104.2ms  21>20     64    00    7    ok
  41.332  104.2ms  20>21     64    00    6    BAD
  41.385  208.6ms  21>20     65    04    5    BAD
  41.438 1594.6ms  20>64     00    06    7    BAD
  41.488  363.0ms  20>65     00    04    33   BAD
  41.541  209.5ms  21>20     64    00    7    BAD
  41.541 1085.6ms  21>65     00    04    5    BAD
  41.592  103.9ms  20>65     00    04    5    BAD
  41.644  206.0ms  20>64     00    20    6    BAD
  41.695  309.8ms  21>20     65    00    5    BAD
  41.695    0.0ms  21>20     65    00    5    BAD
  41.746  413.9ms  20>21     64    00    6    ok
  41.746   50.4ms  21>20     65    00    5    BAD
  41.796 9289.8ms  21>65     04    27    5    BAD
  41.796  254.7ms  21>20     64    06    7    BAD
  41.897 1183.1ms  20>65     04    27    33   BAD
  41.947  201.4ms  20>21     64    00    6    BAD
  41.947  923.9ms  20>00     04    27    5    BAD
  41.998  405.7ms  20>65     00    04    33   BAD
  42.048  302.8ms  21>20     65    00    5    ok
  42.048    0.0ms  21>20     65    00    5    BAD
  42.099  818.4ms  21>20     00    04    5    BAD
  42.150 1178.0ms  21>64     00    20    6    BAD
  42.150  101.2ms  21>20     65    27    5    BAD
  42.200   50.7ms  21>20     65    00    5    BAD
  42.200  253.4ms  20>21     64    00    6    ok
  42.252  304.5ms  20>00     04    26    5    BAD
  42.302  101.4ms  21>20     65    00    5    BAD
  42.302  203.0ms  21>20     00    06    7    BAD
  42.352   50.3ms  21>20     65    00    5    BAD
  42.402   50.3ms  21>20     65    00    5    BAD
  42.402    0.0ms  21>20     06    27    7    BAD
  42.454   51.3ms  21>20     65    00    5    ok
  42.504  506.3ms  20>65     00    27    33   BAD
  42.504  303.9ms  20>21     64    00    6    ok
  42.556  254.4ms  21>20     00    04    5    BAD
  42.556  102.6ms  21>20     65    00    5    ok
  42.606  102.1ms  20>65     00    04    33   BAD
  42.658 1117.0ms  21>65     00    04    5    BAD
  42.708  152.2ms  21>20     65    00    5    BAD
  42.708  204.2ms  20>21     64    00    6    ok
  42.708    0.1ms  21>20     65    00    5    ok
  42.812  205.2ms  20>65     00    04    33   BAD
  42.865  156.8ms  21>20     65    00    5    BAD
  42.865    0.1ms  21>20     65    00    5    ok
  42.917   51.8ms  21>20     65    00    5    BAD
  42.917  208.7ms  20>21     64    00    6    ok
  42.967  411.1ms  21>20     00    04    5    BAD
  42.967   50.3ms  21>20     65    00    5    ok
  43.018 1121.2ms  20>65     04    27    5    BAD
  43.018  100.9ms  20>21     64    00    6    ok
  43.068   50.4ms  20>65     04    27    5    BAD
  43.068  101.0ms  21>20     65    04    5    BAD
  43.119  717.1ms  21>20     06    27    7    BAD
  43.120   51.1ms  21>20     65    00    5    ok
  43.223 1579.0ms  20>64     00    06    7    BAD
  43.274  615.8ms  21>65     00    04    5    BAD
  43.327  515.8ms  20>65     00    04    33   BAD
  43.378  258.5ms  21>20     65    00    5    BAD
  43.378  410.7ms  21>20     00    04    5    BAD
  43.428 1632.3ms  21>20     64    06    7    BAD
  43.428   50.2ms  21>20     00    04    5    BAD
  43.480  152.6ms  20>65     00    04    5    BAD
  43.530  512.4ms  20>21     64    00    6    BAD
  43.584  205.7ms  21>20     65    00    5    BAD
  43.584    0.0ms  21>20     65    00    5    ok
  43.635  206.8ms  21>20     64    06    7    BAD
  43.688  208.6ms  20>65     00    04    33   BAD
  43.689   53.6ms  21>20     64    00    7    ok
  43.741  210.5ms  20>21     64    00    6    ok
  43.741  157.2ms  21>20     65    00    5    ok
  43.741    0.0ms  21>20     65    00    5    ok
  43.791   50.2ms  21>20     65    00    5    ok
  43.791    0.0ms  21>20     65    00    5    ok
  43.791  102.6ms  21>20     64    00    7    ok
  43.841  100.5ms  20>21     64    00    6    ok
  43.841   50.3ms  21>20     65    00    5    ok
  43.841    0.0ms  21>20     65    00    5    ok
  43.892   50.6ms  21>20     65    00    5    ok
  43.892    0.0ms  21>20     65    00    5    ok
  43.892  100.9ms  21>20     64    00    7    ok
  43.945  104.1ms  20>21     64    00    6    ok
  43.946   53.6ms  21>20     65    00    5    ok
  43.946    0.0ms  21>20     65    00    5    ok
  43.997   51.5ms  21>20     65    00    5    ok
  43.997    0.1ms  21>20     65    00    5    ok
  43.997  105.1ms  21>20     64    00    7    ok
  44.049  103.2ms  20>21     64    00    6    ok
  44.049   51.6ms  21>20     65    00    5    ok
  44.049    0.0ms  21>20     65    00    5    ok
  44.049    0.0ms  21>20     65    00    5    ok
  44.100   50.9ms  21>20     65    00    5    ok
  44.100  102.6ms  21>20     64    00    7    ok
  44.100   51.0ms  20>21     64    00    6    ok
  44.150   50.4ms  21>20     65    00    5    ok
  44.150    0.1ms  21>20     65    00    5    ok
  44.150    0.0ms  21>20     65    00    5    ok
  44.200   50.4ms  21>20     65    00    5    ok
  44.201  100.8ms  21>20     64    00    7    ok
  44.201  100.8ms  20>21     64    00    6    ok
  44.251   50.6ms  21>20     65    00    5    ok
  44.251    0.0ms  21>20     65    00    5    ok
  44.251    0.0ms  21>20     65    00    5    ok
  44.302   50.5ms  21>20     65    00    5    ok
  44.302  101.1ms  21>20     64    00    7    ok
  44.302  101.1ms  20>21     64    00    6    ok
  44.352   50.8ms  21>20     65    00    5    ok
  44.352    0.0ms  21>20     65    00    5    ok
  44.352    0.0ms  21>20     65    00    5    ok
  44.404   51.6ms  21>20     65    00    5    ok
  44.404  102.4ms  21>20     64    00    7    ok
  44.404  102.4ms  20>21     64    00    6    ok
  44.455   50.9ms  21>20     65    00    5    ok
  44.455    0.0ms  21>20     65    00    5    ok
  44.455    0.0ms  21>20     65    00    5    ok
  44.506   51.4ms  21>20     65    00    5    ok
  44.506  102.3ms  21>20     64    00    7    ok
  44.506  102.3ms  20>21     64    00    6    ok
  44.557   50.3ms  21>20     65    00    5    ok
  44.557    0.0ms  21>20     65    00    5    ok
  44.557    0.1ms  21>20     65    00    5    ok
  44.609   52.1ms  21>20     65    00    5    ok
  44.609  102.5ms  21>20     64    00    7    ok
  44.609  102.5ms  20>21     64    00    6    ok
  44.659   50.5ms  21>20     65    00    5    ok
  44.659    0.0ms  21>20     65    00    5    ok
  44.659    0.0ms  21>20     65    00    5    ok
  44.710   50.1ms  21>20     65    00    5    ok
  44.710  100.6ms  21>20     64    00    7    ok
  44.710  100.6ms  20>21     64    00    6    ok
  44.710    0.0ms  21>20     65    00    5    ok
  44.762   52.6ms  21>20     65    00    5    ok
  44.762    0.0ms  21>20     65    00    5    ok
  44.813   50.6ms  21>20     65    00    5    ok
  44.813  103.4ms  21>20     64    00    7    ok
  44.813  103.4ms  20>21     64    00    6    ok
  44.813    0.1ms  21>20     65    00    5    ok
  44.866   52.9ms  21>20     65    00    5    ok
  44.866    0.0ms  21>20     65    00    5    ok
  44.918   51.7ms  21>20     65    00    5    ok
  44.918  104.7ms  21>20     64    00    7    ok
  44.918  104.7ms  20>21     64    00    6    ok
  44.918    0.1ms  21>20     65    00    5    ok
  44.968   50.2ms  21>20     65    00    5    ok
  44.968    0.0ms  21>20     65    00    5    ok
  45.020   52.1ms  21>20     65    00    5    ok
  45.020  102.3ms  21>20     64    00    7    ok
  45.020  102.3ms  20>21     64    00    6    ok
  45.020    0.0ms  21>20     65    00    5    ok
  45.070   50.1ms  21>20     65    00    5    ok
  45.070    0.0ms  21>20     65    00    5    ok
  45.070    0.0ms  21>20     65    00    5    ok
  45.123  102.8ms  21>20     64    00    7    ok
  45.123  102.8ms  20>21     64    00    6    ok
  45.123   52.7ms  21>20     65    00    5    ok
  45.174   50.7ms  21>20     65    00    5    ok
  45.174    0.0ms  21>20     65    00    5    ok
  45.174    0.0ms  21>20     65    00    5    ok
  45.227  104.0ms  21>20     64    00    7    ok
  45.227  104.0ms  20>21     64    00    6    ok
  45.227   53.2ms  21>20     65    00    5    ok
  45.278   51.0ms  21>20     65    00    5    ok
  45.278    0.0ms  21>20     65    00    5    ok
  45.278    0.0ms  21>20     65    00    5    ok
  45.330  103.6ms  21>20     64    00    7    ok
  45.330  103.6ms  20>21     64    00    6    ok
  45.330   52.5ms  21>20     65    00    5    ok
  45.381   50.6ms  21>20     65    00    5    ok
  45.381    0.0ms  21>20     65    00    5    ok
  45.381    0.0ms  21>20     65    00    5    ok
  45.431  100.9ms  21>20     64    00    7    ok
  45.431  100.9ms  20>21     64    00    6    ok
  45.431   50.3ms  21>20     65    00    5    ok
  45.431    0.0ms  21>20     65    00    5    ok
  45.483   51.6ms  21>20     65    00    5    ok
  45.483    0.0ms  21>20     65    00    5    ok
  45.534  102.4ms  21>20     64    00    7    ok
  45.534  102.4ms  20>21     64    00    6    ok
  45.534   50.8ms  21>20     65    00    5    ok
  45.534    0.0ms  21>20     65    00    5    ok
  45.586   52.6ms  21>20     65    00    5    ok
  45.586    0.0ms  21>20     65    00    5    ok
  45.638  104.3ms  21>20     64    00    7    ok
  45.638  104.3ms  20>21     64    00    6    ok
  45.638   51.6ms  21>20     65    00    5    ok
  45.638    0.0ms  21>20     65    00    5    ok
  45.691   53.0ms  21>20     65    00    5    ok
  45.691    0.0ms  21>20     65    00    5    ok
  45.691   53.1ms  21>20     64    00    7    ok
  45.744  105.7ms  20>21     64    00    6    ok
  45.744   52.7ms  21>20     65    00    5    ok
  45.744    0.0ms  21>20     65    00    5    ok
  45.794   50.8ms  21>20     65    00    5    ok
  45.794    0.0ms  21>20     65    00    5    ok
  45.795  103.5ms  21>20     64    00    7    ok
  45.847  103.5ms  20>21     64    00    6    ok
  45.847   52.6ms  21>20     65    00    5    ok
  45.847    0.0ms  21>20     65    00    5    ok
  45.897   50.1ms  21>20     65    00    5    ok
  45.897    0.0ms  21>20     65    00    5    ok
  45.897  102.7ms  21>20     64    00    7    ok
  45.897   50.2ms  20>21     64    00    6    ok
  45.951   53.5ms  21>20     65    00    5    ok
  45.951    0.0ms  21>20     65    00    5    ok
  46.001   50.1ms  21>20     65    00    5    ok
  46.001    0.0ms  21>20     65    00    5    ok
  46.001  103.7ms  21>20     64    00    7    ok
  46.001  103.7ms  20>21     64    00    6    ok
  46.051   50.4ms  21>20     65    00    5    ok
  46.051    0.0ms  21>20     65    00    5    ok
  46.051    0.0ms  21>20     65    00    5    ok
  46.102   50.4ms  21>20     65    00    5    ok
  46.102  100.8ms  21>20     64    00    7    ok
  46.102  100.8ms  20>21     64    00    6    ok
  46.152   50.2ms  21>20     65    00    5    ok
  46.152    0.0ms  21>20     65    00    5    ok
  46.152    0.0ms  21>20     65    00    5    ok
  46.203   50.8ms  21>20     65    00    5    ok
  46.203  101.1ms  21>20     64    00    7    ok
  46.203  101.1ms  20>21     64    00    6    ok
  46.253   50.5ms  21>20     65    00    5    ok
  46.253    0.0ms  21>20     65    00    5    ok
  46.253    0.0ms  21>20     65    00    5    ok
  46.304   51.1ms  21>20     65    00    5    ok
  46.304  101.6ms  21>20     64    00    7    ok
  46.304  101.6ms  20>21     64    00    6    ok
  46.355   50.7ms  21>20     65    00    5    ok
  46.355    0.0ms  21>20     65    00    5    ok
  46.355    0.0ms  21>20     65    00    5    ok
  46.406   50.4ms  21>20     65    00    5    ok
  46.406  101.2ms  21>20     64    00    7    ok
  46.406  101.2ms  20>21     64    00    6    ok
  46.457   51.1ms  21>20     65    00    5    ok
  46.457    0.0ms  21>20     65    00    5    ok
  46.457    0.0ms  21>20     65    00    5    ok
  46.508   51.6ms  21>20     65    00    5    ok
  46.509  102.8ms  21>20     64    00    7    ok
  46.509  102.8ms  20>21     64    00    6    ok
  46.559   51.0ms  21>20     65    00    5    ok
  46.560    0.0ms  21>20     65    00    5    ok
  46.560    0.0ms  21>20     65    00    5    ok
  46.612   52.2ms  21>20     65    00    5    ok
  46.612  103.2ms  21>20     64    00    7    ok
  46.612  103.2ms  20>21     64    00    6    ok
  46.663   51.0ms  21>20     65    00    5    ok
  46.663    0.0ms  21>20     65    00    5    ok
  46.663    0.0ms  21>20     65    00    5    ok
  46.713   50.2ms  21>20     65    00    5    ok
  46.713  101.3ms  21>20     64    00    7    ok
  46.713  101.3ms  20>21     64    00    6    ok
  46.713    0.1ms  21>20     65    00    5    ok
  46.766   52.8ms  21>20     65    00    5    ok
  46.766    0.0ms  21>20     65    00    5    ok
  46.817   51.0ms  21>20     65    00    5    ok
  46.817  103.9ms  21>20     64    00    7    ok
  46.817  103.9ms  20>21     64    00    6    ok
  46.817    0.1ms  21>20     65    00    5    ok
  46.871   53.8ms  21>20     65    00    5    ok
  46.871    0.0ms  21>20     65    00    5    ok
  46.922   51.5ms  21>20     65    00    5    ok
  46.922  105.4ms  21>20     64    00    7    ok
  46.922  105.4ms  20>21     64    00    6    ok
  46.922    0.0ms  21>20     65    00    5    ok

frames 2148   good 1725   bad checksum 423   junk bytes 6187
