    time     gap  src>dst   cmd   reg   len  ok
   0.053    0.0ms  21>20     65    00    5    ok
   0.053    0.0ms  21>20     65    00    5    ok
   0.106   52.4ms  21>20     65    00    5    ok
   0.106    0.0ms  21>20     64    00    7    ok
   0.106    0.0ms  20>21     64    00    6    ok
   0.106    0.0ms  21>20     65    00    5    ok
   0.156   50.4ms  21>20     65    00    5    ok
   0.156    0.0ms  21>20     65    00    5    ok
   0.156    0.0ms  21>20     65    00    5    ok
   0.209  103.5ms  21>20     64    00    7    ok
   0.209  103.5ms  20>21     64    00    6    ok
   0.209   53.0ms  21>20     65    00    5    ok
   0.261   51.3ms  21>20     65    00    5    ok
   0.261    0.0ms  21>20     65    00    5    ok
   0.261    0.0ms  21>20     65    00    5    ok
   0.313  103.4ms  21>20     64    00    7    ok
   0.313  103.4ms  20>21     64    00    6    ok
   0.313   52.1ms  21>20     65    00    5    ok
   0.363   50.4ms  21>20     65    00    5    ok
   0.363    0.0ms  21>20     65    00    5    ok
   0.363    0.0ms  21>20     65    00    5    ok
   0.415  102.1ms  21>20     64    00    7    ok
   0.415  102.1ms  20>21     64    00    6    ok
   0.415   51.7ms  21>20     65    00    5    ok
   0.415    0.0ms  21>20     65    00    5    ok
   0.468   52.6ms  21>20     65    00    5    ok
   0.468    0.0ms  21>20     65    00    5    ok
   0.518  103.5ms  21>20     64    00    7    ok
   0.518  103.5ms  20>21     64    00    6    ok
   0.518   50.8ms  21>20     65    00    5    ok
   0.518    0.0ms  21>20     65    00    5    ok
   0.571   52.2ms  21>20     65    00    5    ok
   0.571    0.0ms  21>20     65    00    5    ok
   0.622  103.8ms  21>20     64    00    7    ok
   0.622  103.7ms  20>21     64    00    6    ok
   0.622   51.5ms  21>20     65    00    5    ok
   0.622    0.0ms  21>20     65    00    5    ok
   0.675   53.2ms  21>20     65    00    5    ok
   0.675    0.0ms  21>20     65    00    5    ok
   0.675   53.3ms  21>20     64    00    7    ok
   0.728  105.8ms  20>21     64    00    6    ok
   0.728   52.5ms  21>20     65    00    5    ok
   0.728    0.0ms  21>20     65    00    5    ok
   0.778   50.5ms  21>20     65    00    5    ok
   0.779    0.0ms  21>20     65    00    5    ok
   0.779  103.1ms  21>20     64    00    7    ok
   0.831  103.4ms  20>21     64    00    6    ok
   0.831   52.8ms  21>20     65    00    5    ok
   0.831    0.0ms  21>20     65    00    5    ok
   0.882   50.3ms  21>20     65    00    5    ok
   0.882    0.0ms  21>20     65    00    5    ok
   0.882  103.1ms  21>20     64    00    7    ok
   0.882   50.4ms  20>21     64    00    6    ok
   0.934   52.5ms  21>20     65    00    5    ok
   0.934    0.0ms  21>20     65    00    5    ok
   0.984   50.2ms  21>20     65    00    5    ok
   0.985    0.2ms  21>20     65    00    5    ok
   0.985  102.9ms  21>20     64    00    7    ok
   0.985  102.9ms  20>21     64    00    6    ok
   1.036   51.1ms  21>20     65    00    5    ok
   1.036    0.0ms  21>20     65    00    5    ok
   1.036    0.0ms  21>20     65    00    5    ok
   1.087   51.2ms  21>20     65    00    5    ok
   1.087  102.3ms  21>20     64    00    7    ok
   1.087  102.4ms  20>21     64    00    6    ok
   1.137   50.5ms  21>20     65    00    5    ok
   1.137    0.0ms  21>20     65    00    5    ok
   1.137    0.0ms  21>20     65    00    5    ok
   1.189   52.0ms  21>20     65    00    5    ok
   1.189  102.5ms  21>20     64    00    7    ok
   1.189  102.5ms  20>21     64    00    6    ok
   1.240   50.8ms  21>20     65    00    5    ok
   1.240    0.0ms  21>20     65    00    5    ok
   1.240    0.0ms  21>20     65    00    5    ok
   1.292   52.2ms  21>20     65    00    5    ok
   1.293  103.2ms  21>20     64    00    7    ok
   1.293  103.2ms  20>21     64    00    6    ok
   1.344   51.5ms  21>20     65    00    5    ok
   1.344    0.0ms  21>20     65    00    5    ok
   1.344    0.0ms  21>20     65    00    5    ok
   1.395   50.6ms  21>20     65    00    5    ok
   1.395  102.1ms  21>20     64    00    7    ok
   1.395  102.0ms  20>21     64    00    6    ok
   1.447   52.3ms  21>20     65    00    5    ok
   1.447    0.0ms  21>20     65    00    5    ok
   1.447    0.0ms  21>20     65    00    5    ok
   1.497   50.2ms  21>20     65    00    5    ok
   1.497  102.5ms  21>20     64    00    7    ok
   1.497  102.5ms  20>21     64    00    6    ok
   1.497    0.1ms  21>20     65    00    5    ok
   1.547   50.2ms  21>20     65    00    5    ok
   1.548    0.0ms  21>20     65    00    5    ok
   1.598   50.4ms  21>20     65    00    5    ok
   1.598  100.7ms  21>20     64    00    7    ok
   1.598  100.7ms  20>21     64    00    6    ok
   1.598    0.1ms  21>20     65    00    5    ok
   1.651   53.0ms  21>20     65    00    5    ok
   1.651    0.0ms  21>20     65    00    5    ok
   1.702   51.1ms  21>20     65    00    5    ok
   1.702  104.2ms  21>20     64    00    7    ok
   1.702  104.2ms  20>21     64    00    6    ok
   1.702    0.1ms  21>20     65    00    5    ok
   1.755   52.4ms  21>20     65    00    5    ok
   1.755    0.0ms  21>20     65    00    5    ok
   1.807   52.1ms  21>20     65    00    5    ok
   1.807  104.6ms  21>20     64    00    7    ok
   1.807  104.6ms  20>21     64    00    6    ok
   1.807    0.1ms  21>20     65    00    5    ok
   1.857   50.2ms  21>20     65    00    5    ok
   1.857    0.0ms  21>20     65    00    5    ok
   1.857    0.0ms  21>20     65    00    5    ok
   1.907  100.7ms  21>20     64    00    7    ok
   1.907  100.7ms  20>21     64    00    6    ok
   1.907   50.5ms  21>20     65    00    5    ok
   1.958   50.2ms  21>20     65    00    5    BAD
   1.958    0.1ms  21>20     65    00    5    ok
   2.009  101.7ms  21>20     64    00    7    ok
   2.009  101.8ms  20>21     64    00    6    ok
   2.009   51.5ms  21>20     65    00    5    ok
   2.060   50.6ms  21>20     65    00    5    ok
   2.060    0.0ms  21>20     65    00    5    ok
   2.060    0.0ms  21>20     65    00    5    ok
   2.111  101.9ms  21>20     64    00    7    ok
   2.111  101.9ms  20>21     64    00    6    ok
   2.111   51.2ms  21>20     65    00    5    ok
   2.162   51.0ms  21>20     65    00    5    ok
   2.162    0.0ms  21>20     65    00    5    ok
   2.162    0.0ms  21>20     65    00    5    ok
   2.216  104.9ms  21>20     64    00    7    ok
   2.216  104.9ms  20>21     64    00    6    ok
   2.216   53.9ms  21>20     65    00    5    ok
   2.267   50.9ms  21>20     65    00    5    ok
   2.267    0.0ms  21>20     65    00    5    ok
   2.267    0.0ms  21>20     65    00    5    ok
   2.318  101.6ms  21>20     64    00    7    ok
   2.318  101.6ms  20>21     64    00    6    ok
   2.318   50.6ms  21>20     65    00    5    ok
   2.318    0.0ms  21>20     65    00    5    ok
   2.370   52.6ms  21>20     65    00    5    ok
   2.370    0.0ms  21>20     65    00    5    ok
   2.421  103.4ms  21>20     64    00    7    ok
   2.421  103.4ms  20>21     64    00    6    ok
   2.421   50.8ms  21>20     65    00    5    ok
   2.421    0.0ms  21>20     65    00    5    ok
   2.471   50.3ms  21>20     65    00    5    ok
   2.471    0.0ms  21>20     65    00    5    ok
   2.522  101.4ms  21>20     64    00    7    ok
   2.522  101.3ms  20>21     64    00    6    ok
   2.522   51.0ms  21>20     65    00    5    ok
   2.522    0.0ms  21>20     65    00    5    ok
   2.576   53.4ms  21>20     65    00    5    ok
   2.576    0.0ms  21>20     65    00    5    ok
   2.628  105.5ms  21>20     64    00    7    ok
   2.628  105.5ms  20>21     64    00    6    ok
   2.628   52.1ms  21>20     65    00    5    ok
   2.628    0.0ms  21>20     65    00    5    ok
   2.678   50.6ms  21>20     65    00    5    ok
   2.678    0.1ms  21>20     65    00    5    ok
   2.678   50.7ms  21>20     64    00    7    ok
   2.731  103.3ms  20>21     64    00    6    ok
   2.731   52.7ms  21>20     65    00    5    ok
   2.731    0.0ms  21>20     65    00    5    ok
   2.782   50.8ms  21>20     65    00    5    ok
   2.782    0.0ms  21>20     65    00    5    ok
   2.782  103.5ms  21>20     64    00    7    ok
   2.833  101.7ms  20>21     64    00    6    ok
   2.833   50.9ms  21>20     65    00    5    ok
   2.833    0.1ms  21>20     65    00    5    ok
   2.884   51.1ms  21>20     65    00    5    ok
   2.884    0.0ms  21>20     65    00    5    ok
   2.884  102.1ms  21>20     64    00    7    ok
   2.935  102.3ms  20>21     64    00    6    ok
   2.935   51.0ms  21>20     65    00    5    ok
   2.935    0.0ms  21>20     65    00    5    ok
   2.986   51.1ms  21>20     65    00    5    ok
   2.986    0.0ms  21>20     65    00    5    ok
   2.986  102.2ms  21>20     64    00    7    ok
   3.039  104.4ms  20>21     64    00    6    ok
   3.040   53.2ms  21>20     65    00    5    ok
   3.040    0.0ms  21>20     65    00    5    ok
   3.090   50.6ms  21>20     65    00    5    ok
   3.090    0.0ms  21>20     65    00    5    ok
   3.090  103.9ms  21>20     64    00    7    ok
   3.090   50.7ms  20>21     64    00    6    ok
   3.141   50.5ms  21>20     65    00    5    ok
   3.141    0.0ms  21>20     65    00    5    ok
   3.141    0.0ms  21>20     65    00    5    ok
   3.192   50.9ms  21>20     65    00    5    ok
   3.192  101.5ms  21>20     64    00    7    ok
   3.192  101.5ms  20>21     64    00    6    ok
   3.242   50.8ms  21>20     65    00    5    ok
   3.243    0.0ms  21>20     65    00    5    ok
   3.243    0.0ms  21>20     65    00    5    ok
   3.295   52.3ms  21>20     65    00    5    ok
   3.295  103.2ms  21>20     64    00    7    ok
   3.295  103.2ms  20>21     64    00    6    ok
   3.346   51.6ms  21>20     65    00    5    ok
   3.346    0.0ms  21>20     65    00    5    ok
   3.346    0.0ms  21>20     65    00    5    ok
   3.399   52.4ms  21>20     65    00    5    ok
   3.399  104.0ms  21>20     64    00    7    ok
   3.399  104.0ms  20>21     64    00    6    ok
   3.451   52.6ms  21>20     65    00    5    ok
   3.451    0.0ms  21>20     65    00    5    ok
   3.451    0.0ms  21>20     65    00    5    ok
   3.502   50.2ms  21>20     65    00    5    ok
   3.502  102.8ms  21>20     64    00    7    ok
   3.502  102.8ms  20>21     64    00    6    ok
   3.502    0.1ms  21>20     65    00    5    ok
   3.552   50.2ms  21>20     65    00    5    ok
   3.552    0.0ms  21>20     65    00    5    ok
   3.603   50.7ms  21>20     65    00    5    ok
   3.603  101.0ms  21>20     64    00    7    ok
   3.603  101.1ms  20>21     64    00    6    ok
   3.603    0.1ms  21>20     65    00    5    ok
   3.653   50.5ms  21>20     65    00    5    ok
   3.653    0.0ms  21>20     65    00    5    ok
   3.704   51.0ms  21>20     65    00    5    ok
   3.704  101.7ms  21>20     64    00    7    ok
   3.704  101.7ms  20>21     64    00    6    ok
   3.705    0.1ms  21>20     65    00    5    ok
   3.758   53.9ms  21>20     65    00    5    ok
   3.758    0.0ms  21>20     65    00    5    ok
   3.810   51.8ms  21>20     65    00    5    ok
   3.810  105.8ms  21>20     64    00    7    ok
   3.810    0.1ms  21>20     65    00    5    ok
   3.860   50.1ms  21>20     65    00    5    ok
   3.860    0.0ms  21>20     65    00    5    ok
   3.860    0.0ms  21>20     65    00    5    ok
   3.912  101.4ms  21>20     64    00    7    ok
   3.912  207.2ms  20>21     64    00    6    ok
   3.912   51.4ms  21>20     65    00    5    ok
   3.962   50.5ms  21>20     65    00    5    ok
   3.962    0.1ms  21>20     65    00    5    ok
   3.962    0.0ms  21>20     65    00    5    ok
   4.015  103.8ms  21>20     64    00    7    ok
   4.015  103.8ms  20>21     64    00    6    ok
   4.015   53.2ms  21>20     65    00    5    ok
   4.067   51.4ms  21>20     65    00    5    ok
   4.067    0.0ms  21>20     65    00    5    ok
   4.067    0.0ms  21>20     65    00    5    ok
   4.119  103.5ms  21>20     64    00    7    ok
   4.119  103.5ms  20>21     64    00    6    ok
   4.119   52.1ms  21>20     65    00    5    ok
   4.171   51.6ms  21>20     65    00    5    ok
   4.171    0.0ms  21>20     65    00    5    ok
   4.171    0.0ms  21>20     65    00    5    ok
   4.221  102.0ms  20>21     64    00    6    ok
   4.221   50.4ms  21>20     65    00    5    ok
   4.221    0.0ms  21>20     65    00    5    ok
   4.272   51.0ms  21>20     65    00    5    ok
   4.272    0.0ms  21>20     65    00    5    ok
   4.323  203.6ms  21>20     64    00    7    ok
   4.323  101.6ms  20>21     64    00    6    ok
   4.323   50.4ms  21>20     65    00    5    ok
   4.323    0.0ms  21>20     65    00    5    ok
   4.373   50.9ms  21>20     65    00    5    ok
   4.374    0.0ms  21>20     65    00    5    ok
   4.424  101.1ms  21>20     64    00    7    ok
   4.424  101.1ms  20>21     64    00    6    ok
   4.424   50.2ms  21>20     65    00    5    ok
   4.424    0.0ms  21>20     65    00    5    ok
   4.475   51.4ms  21>20     65    00    5    ok
   4.475    0.0ms  21>20     65    00    5    ok
   4.526  102.1ms  21>20     64    00    7    ok
   4.526  102.2ms  20>21     64    00    6    ok
   4.526   50.8ms  21>20     65    00    5    ok
   4.526    0.0ms  21>20     65    00    5    ok
   4.576   50.4ms  21>20     65    00    5    ok
   4.576    0.0ms  21>20     65    00    5    ok
   4.628  101.9ms  21>20     64    00    7    ok
   4.628  101.9ms  20>21     64    00    6    ok
   4.628   51.4ms  21>20     65    00    5    ok
   4.628    0.0ms  21>20     65    00    5    ok
   4.679   51.6ms  21>20     65    00    5    ok
   4.679    0.0ms  21>20     65    00    5    ok
   4.731  103.0ms  21>20     64    00    7    ok
   4.731  103.0ms  20>21     64    00    6    ok
   4.731   51.4ms  21>20     65    00    5    ok
   4.731    0.0ms  21>20     65    00    5    ok
   4.782   50.8ms  21>20     65    00    5    ok
   4.782    0.0ms  21>20     65    00    5    ok
   4.782   50.9ms  21>20     64    00    7    ok
   4.833  102.3ms  20>21     64    00    6    ok
   4.833   51.5ms  21>20     65    00    5    ok
   4.833    0.0ms  21>20     65    00    5    ok
   4.884   50.4ms  21>20     65    00    5    ok
   4.884    0.0ms  21>20     65    00    5    ok
   4.884  102.0ms  21>20     64    00    7    ok
   4.935  101.5ms  20>21     64    00    6    ok
   4.935   51.1ms  21>20     65    00    5    ok
   4.935    0.0ms  21>20     65    00    5    ok
   4.985   50.7ms  21>20     65    00    5    ok
   4.985    0.0ms  21>20     65    00    5    ok
   4.985  101.8ms  21>20     64    00    7    ok
   5.039  104.3ms  20>21     64    00    6    ok
   5.039   53.6ms  21>20     65    00    5    ok
   5.039    0.0ms  21>20     65    00    5    ok
   5.091   51.8ms  21>20     65    00    5    ok
   5.091    0.0ms  21>20     65    00    5    ok
   5.091  105.4ms  21>20     64    00    7    ok
   5.091   51.9ms  20>21     64    00    6    ok
   5.142   51.0ms  21>20     65    00    5    ok
   5.142    0.0ms  21>20     65    00    5    ok
   5.142    0.0ms  21>20     65    00    5    ok
   5.192   50.5ms  21>20     65    00    5    ok
   5.192  101.6ms  21>20     64    00    7    ok
   5.192  101.7ms  20>21     64    00    6    ok
   5.243   50.2ms  21>20     65    00    5    ok
   5.243    0.0ms  21>20     65    00    5    ok
   5.243    0.0ms  21>20     65    00    5    ok
   5.293   50.5ms  21>20     65    00    5    ok
   5.293  100.7ms  21>20     64    00    7    ok
   5.293  100.7ms  20>21     64    00    6    ok
   5.344   50.4ms  21>20     65    00    5    ok
   5.344    0.0ms  21>20     65    00    5    ok
   5.344    0.0ms  21>20     65    00    5    ok
   5.395   51.1ms  21>20     65    00    5    ok
   5.395  101.5ms  21>20     64    00    7    ok
   5.395  101.5ms  20>21     64    00    6    ok
   5.445   50.7ms  21>20     65    00    5    ok
   5.445    0.1ms  21>20     65    00    5    ok
   5.446    0.0ms  21>20     65    00    5    ok
   5.496   50.1ms  21>20     65    00    5    ok
   5.496  100.9ms  21>20     64    00    7    ok
   5.496  100.9ms  20>21     64    00    6    ok
   5.546   50.5ms  21>20     65    00    5    ok
   5.546    0.0ms  21>20     65    00    5    ok
   5.546    0.0ms  21>20     65    00    5    ok
   5.596   50.1ms  21>20     65    00    5    ok
   5.596  100.6ms  21>20     64    00    7    ok
   5.596  100.6ms  20>21     64    00    6    ok
   5.647   50.8ms  21>20     65    00    5    ok
   5.647    0.0ms  21>20     65    00    5    ok
   5.647    0.0ms  21>20     65    00    5    ok
   5.698   51.3ms  21>20     65    00    5    ok
   5.698  102.1ms  21>20     64    00    7    ok
   5.698  102.1ms  20>21     64    00    6    ok
   5.750   51.6ms  21>20     65    00    5    ok
   5.750    0.1ms  21>20     65    00    5    ok
   5.750    0.0ms  21>20     65    00    5    ok
   5.801   50.6ms  21>20     65    00    5    ok
   5.801  102.3ms  21>20     64    00    7    ok
   5.801  102.3ms  20>21     64    00    6    ok
   5.851   50.3ms  21>20     65    00    5    ok
   5.851    0.0ms  21>20     65    00    5    ok
   5.851    0.0ms  21>20     65    00    5    ok
   5.903   52.0ms  21>20     65    00    5    ok
   5.903  102.4ms  21>20     64    00    7    ok
   5.903  102.3ms  20>21     64    00    6    ok
   5.903    0.1ms  21>20     65    00    5    ok
   5.954   51.4ms  21>20     65    00    5    ok
   5.954    0.0ms  21>20     65    00    5    ok
   6.005   50.4ms  21>20     65    00    5    ok
   6.005  101.8ms  21>20     64    00    7    ok
   6.005  101.8ms  20>21     64    00    6    ok
   6.005    0.0ms  21>20     65    00    5    ok
   6.057   51.7ms  21>20     65    00    5    ok
   6.057    0.1ms  21>20     65    00    5    ok
   6.108   50.9ms  21>20     65    00    5    ok
   6.108  102.7ms  21>20     64    00    7    ok
   6.108  102.7ms  20>21     64    00    6    ok
   6.108    0.0ms  21>20     65    00    5    ok
   6.161   53.6ms  21>20     65    00    5    ok
   6.161    0.0ms  21>20     65    00    5    ok
   6.213   52.0ms  21>20     65    00    5    ok
   6.213  105.7ms  21>20     64    00    7    ok
   6.213  105.7ms  20>21     64    00    6    ok
   6.213    0.0ms  21>20     65    00    5    ok
   6.264   50.5ms  21>20     65    00    5    ok
   6.264    0.0ms  21>20     65    00    5    ok
   6.264    0.0ms  21>20     65    00    5    ok
   6.316  102.6ms  21>20     64    00    7    ok
   6.316  102.6ms  20>21     64    00    6    ok
   6.316   52.1ms  21>20     65    00    5    ok
   6.367   50.7ms  21>20     65    00    5    ok
   6.367    0.0ms  21>20     65    00    5    ok
   6.367    0.0ms  21>20     65    00    5    ok
   6.418  102.6ms  21>20     64    00    7    ok
   6.418  102.6ms  20>21     64    00    6    ok
   6.418   51.8ms  21>20     65    00    5    ok
   6.470   51.3ms  21>20     65    00    5    ok
   6.470    0.1ms  21>20     65    00    5    ok
   6.470    0.0ms  21>20     65    00    5    ok
   6.522  103.1ms  21>20     64    00    7    ok
   6.522  103.1ms  20>21     64    00    6    ok
   6.522   51.7ms  21>20     65    00    5    ok
   6.572   50.4ms  21>20     65    00    5    ok
   6.572    0.0ms  21>20     65    00    5    ok
   6.572    0.0ms  21>20     65    00    5    ok
   6.624  102.4ms  21>20     64    00    7    ok
   6.624  102.4ms  20>21     64    00    6    ok
   6.624   51.9ms  21>20     65    00    5    ok
   6.624    0.0ms  21>20     65    00    5    ok
   6.677   52.6ms  21>20     65    00    5    ok
   6.677    0.0ms  21>20     65    00    5    ok
   6.727  103.5ms  21>20     64    00    7    ok
   6.727  103.5ms  20>21     64    00    6    ok
   6.727   50.8ms  21>20     65    00    5    ok
   6.727    0.0ms  21>20     65    00    5    ok
   6.781   53.5ms  21>20     65    00    5    ok
   6.781    0.0ms  21>20     65    00    5    ok
   6.833  105.3ms  21>20     64    00    7    ok
   6.833  105.3ms  20>21     64    00    6    ok
   6.833   51.8ms  21>20     65    00    5    ok
   6.833    0.0ms  21>20     65    00    5    ok
   6.884   51.5ms  21>20     65    00    5    ok
   6.884    0.0ms  21>20     65    00    5    ok
   6.937  104.2ms  21>20     64    00    7    ok
   6.937  104.2ms  20>21     64    00    6    ok
   6.937   52.6ms  21>20     65    00    5    ok
   6.937    0.0ms  21>20     65    00    5    ok
   6.988   50.7ms  21>20     65    00    5    ok
   6.988    0.0ms  21>20     65    00    5    ok
   6.988   50.8ms  21>20     64    00    7    ok
   7.041  103.9ms  20>21     64    00    6    ok
   7.041   53.2ms  21>20     65    00    5    ok
   7.041    0.0ms  21>20     65    00    5    ok
   7.091   50.1ms  21>20     65    00    5    ok
   7.091    0.0ms  21>20     65    00    5    ok
   7.091  103.3ms  21>20     64    00    7    ok
   7.091   50.2ms  20>21     64    00    6    ok
   7.145   53.6ms  21>20     65    00    5    ok
   7.145    0.0ms  21>20     65    00    5    ok
   7.195   50.7ms  21>20     65    00    5    ok
   7.195    0.0ms  21>20     65    00    5    ok
   7.195  104.4ms  21>20     64    00    7    ok
   7.195  104.4ms  20>21     64    00    6    ok
   7.246   50.2ms  21>20     65    00    5    ok
   7.246    0.0ms  21>20     65    00    5    ok
   7.246    0.0ms  21>20     65    00    5    ok
   7.296   50.8ms  21>20     65    00    5    ok
   7.296  101.1ms  21>20     64    00    7    ok
   7.297  101.1ms  20>21     64    00    6    ok
   7.347   50.5ms  21>20     65    00    5    ok
   7.347    0.0ms  21>20     65    00    5    ok
   7.347    0.0ms  21>20     65    00    5    ok
   7.398   50.6ms  21>20     65    00    5    ok
   7.398  101.2ms  21>20     64    00    7    ok
   7.398  101.2ms  20>21     64    00    6    ok
   7.448   50.7ms  21>20     65    00    5    ok
   7.448    0.1ms  21>20     65    00    5    ok
   7.448    0.0ms  21>20     65    00    5    ok
   7.500   51.3ms  21>20     65    00    5    ok
   7.500  102.1ms  21>20     64    00    7    ok
   7.500  102.1ms  20>21     64    00    6    ok
   7.551   51.0ms  21>20     65    00    5    ok
   7.551    0.0ms  21>20     65    00    5    ok
   7.551    0.0ms  21>20     65    00    5    ok
   7.602   51.4ms  21>20     65    00    5    ok
   7.602  102.5ms  21>20     64    00    7    ok
   7.602  102.5ms  20>21     64    00    6    ok
   7.654   51.9ms  21>20     65    00    5    ok
   7.654    0.0ms  21>20     65    00    5    ok
   7.654    0.0ms  21>20     65    00    5    ok
   7.705   50.6ms  21>20     65    00    5    ok
   7.705  102.5ms  21>20     64    00    7    ok
   7.705  102.5ms  20>21     64    00    6    ok
   7.757   52.1ms  21>20     65    00    5    ok
   7.757    0.0ms  21>20     65    00    5    ok
   7.757    0.0ms  21>20     65    00    5    ok
   7.807   50.4ms  21>20     65    00    5    ok
   7.807  102.6ms  21>20     64    00    7    ok
   7.807  102.6ms  20>21     64    00    6    ok
   7.807    0.1ms  21>20     65    00    5    ok
   7.859   51.8ms  21>20     65    00    5    ok
   7.859    0.1ms  21>20     65    00    5    ok
   7.910   51.0ms  21>20     65    00    5    ok
   7.910  102.9ms  21>20     64    00    7    ok
   7.910  102.9ms  20>21     64    00    6    ok
   7.910    0.1ms  21>20     65    00    5    ok
   7.964   53.7ms  21>20     65    00    5    ok
   7.964    0.0ms  21>20     65    00    5    ok
   8.016   52.0ms  21>20     65    00    5    ok
   8.016  105.9ms  21>20     64    00    7    ok
   8.016  105.9ms  20>21     64    00    6    ok
   8.016    0.1ms  21>20     65    00    5    ok
   8.066   50.1ms  21>20     65    00    5    ok
   8.066    0.0ms  21>20     65    00    5    ok
   8.066    0.0ms  21>20     65    00    5    ok
   8.118  102.3ms  21>20     64    00    7    ok
   8.118  102.4ms  20>21     64    00    6    ok
   8.118   52.2ms  21>20     65    00    5    ok
   8.169   50.6ms  21>20     65    00    5    ok
   8.169    0.0ms  21>20     65    00    5    ok
   8.169    0.0ms  21>20     65    00    5    ok
   8.222  104.0ms  21>20     64    00    7    ok
   8.222  104.0ms  20>21     64    00    6    ok
   8.222   53.4ms  21>20     65    00    5    ok
   8.273   50.6ms  21>20     65    00    5    ok
   8.273    0.0ms  21>20     65    00    5    ok
   8.273    0.0ms  21>20     65    00    5    ok
   8.326  103.4ms  21>20     64    00    7    ok
   8.326  103.4ms  20>21     64    00    6    ok
   8.326   52.7ms  21>20     65    00    5    ok
   8.378   52.4ms  21>20     65    00    5    ok
   8.378    0.0ms  21>20     65    00    5    ok
   8.378    0.0ms  21>20     65    00    5    ok
   8.429  103.0ms  21>20     64    00    7    ok
   8.429  102.9ms  20>21     64    00    6    ok
   8.429   50.5ms  21>20     65    00    5    ok
   8.429    0.0ms  21>20     65    00    5    ok
   8.481   52.0ms  21>20     65    00    5    ok
   8.481    0.1ms  21>20     65    00    5    ok
   8.532  103.3ms  21>20     64    00    7    ok
   8.532  103.3ms  20>21     64    00    6    ok
   8.532   51.2ms  21>20     65    00    5    ok
   8.532    0.0ms  21>20     65    00    5    ok
   8.584   51.5ms  21>20     65    00    5    ok
   8.584    0.0ms  21>20     65    00    5    ok
   8.635  103.4ms  21>20     64    00    7    ok
   8.635  103.4ms  20>21     64    00    6    ok
   8.635   51.8ms  21>20     65    00    5    ok
   8.635    0.0ms  21>20     65    00    5    ok
   8.686   50.1ms  21>20     65    00    5    ok
   8.686    0.1ms  21>20     65    00    5    ok
   8.736  100.6ms  21>20     64    00    7    ok
   8.736  100.6ms  20>21     64    00    6    ok
   8.736   50.4ms  21>20     65    00    5    ok
   8.736    0.0ms  21>20     65    00    5    ok
   8.787   51.1ms  21>20     65    00    5    ok
   8.787    0.0ms  21>20     65    00    5    ok
   8.787   51.3ms  21>20     64    00    7    ok
   8.840  103.9ms  20>21     64    00    6    ok
   8.840   52.7ms  21>20     65    00    5    ok
   8.840    0.0ms  21>20     65    00    5    ok
   8.891   50.7ms  21>20     65    00    5    ok
   8.891    0.0ms  21>20     65    00    5    ok
   8.891  103.4ms  21>20     64    00    7    ok
   8.942  102.5ms  20>21     64    00    6    ok
   8.942   51.8ms  21>20     65    00    5    ok
   8.942    0.0ms  21>20     65    00    5    ok
   8.994   51.3ms  21>20     65    00    5    ok
   8.994    0.0ms  21>20     65    00    5    ok
   8.994  103.1ms  21>20     64    00    7    ok
   9.047  105.1ms  20>21     64    00    6    ok
   9.047   53.7ms  21>20     65    00    5    ok
   9.048    0.0ms  21>20     65    00    5    ok
   9.098   50.1ms  21>20     65    00    5    ok
   9.098    0.0ms  21>20     65    00    5    ok
   9.098  103.9ms  21>20     64    00    7    ok
   9.098   50.2ms  20>21     64    00    6    ok
   9.148   50.2ms  21>20     65    00    5    ok
   9.148    0.1ms  21>20     65    00    5    ok
   9.148    0.0ms  21>20     65    00    5    ok
   9.199   50.8ms  21>20     65    00    5    ok
   9.199  101.1ms  21>20     64    00    7    ok
   9.199  101.1ms  20>21     64    00    6    ok
   9.250   50.8ms  21>20     65    00    5    ok
   9.250    0.0ms  21>20     65    00    5    ok
   9.250    0.0ms  21>20     65    00    5    ok
   9.301   51.1ms  21>20     65    00    5    ok
   9.301  101.9ms  21>20     64    00    7    ok
   9.301  101.9ms  20>21     64    00    6    ok
   9.352   50.9ms  21>20     65    00    5    ok
   9.352    0.0ms  21>20     65    00    5    ok
   9.352    0.0ms  21>20     65    00    5    ok
   9.403   51.5ms  21>20     65    00    5    ok
   9.403  102.4ms  21>20     64    00    7    ok
   9.403  102.4ms  20>21     64    00    6    ok
   9.454   51.4ms  21>20     65    00    5    ok
   9.454    0.0ms  21>20     65    00    5    ok
   9.454    0.0ms  21>20     65    00    5    ok
   9.506   51.5ms  21>20     65    00    5    ok
   9.506  102.9ms  21>20     64    00    7    ok
   9.506  102.9ms  20>21     64    00    6    ok
   9.558   51.6ms  21>20     65    00    5    ok
   9.558    0.0ms  21>20     65    00    5    ok
   9.558    0.0ms  21>20     65    00    5    ok
   9.608   50.6ms  21>20     65    00    5    ok
   9.608  102.3ms  21>20     64    00    7    ok
   9.608  102.3ms  20>21     64    00    6    ok
   9.608    0.1ms  21>20     65    00    5    ok
   9.659   50.7ms  21>20     65    00    5    ok
   9.659    0.1ms  21>20     65    00    5    ok
   9.709   50.3ms  21>20     65    00    5    ok
   9.709  101.2ms  21>20     64    00    7    ok
   9.709  101.2ms  20>21     64    00    6    ok
   9.709    0.0ms  21>20     65    00    5    ok
   9.762   52.8ms  21>20     65    00    5    ok
   9.762    0.0ms  21>20     65    00    5    ok
   9.813   50.4ms  21>20     65    00    5    ok
   9.813  103.3ms  21>20     64    00    7    ok
   9.813  103.3ms  20>21     64    00    6    ok
   9.813    0.1ms  21>20     65    00    5    ok
   9.864   51.4ms  21>20     65    00    5    ok
   9.864    0.0ms  21>20     65    00    5    ok
   9.916   51.2ms  21>20     65    00    5    ok
   9.916  102.8ms  21>20     64    00    7    ok
   9.916  102.8ms  20>21     64    00    6    ok
   9.916    0.1ms  21>20     65    00    5    ok
   9.967   51.8ms  21>20     65    00    5    ok
   9.967    0.0ms  21>20     65    00    5    ok
  10.020   52.3ms  21>20     65    00    5    ok
  10.020  104.3ms  21>20     64    00    7    ok
  10.020  104.3ms  20>21     64    00    6    ok
  10.020    0.1ms  21>20     65    00    5    ok
  10.070   50.4ms  21>20     65    00    5    ok
  10.070    0.0ms  21>20     65    00    5    ok
  10.070    0.0ms  21>20     65    00    5    ok
  10.123  103.5ms  21>20     64    00    7    ok
  10.123  103.5ms  20>21     64    00    6    ok
  10.123   53.1ms  21>20     65    00    5    ok
  10.175   51.2ms  21>20     65    00    5    ok
  10.175    0.1ms  21>20     65    00    5    ok
  10.175    0.0ms  21>20     65    00    5    ok
  10.226  102.7ms  21>20     64    00    7    ok
  10.226  102.7ms  20>21     64    00    6    ok
  10.226   51.4ms  21>20     65    00    5    ok
  10.277   50.7ms  21>20     65    00    5    ok
  10.277    0.0ms  21>20     65    00    5    ok
  10.277    0.0ms  21>20     65    00    5    ok
  10.329  103.1ms  21>20     64    00    7    ok
  10.329  103.1ms  20>21     64    00    6    ok
  10.329   52.4ms  21>20     65    00    5    ok
  10.329    0.0ms  21>20     65    00    5    ok
  10.380   50.4ms  21>20     65    00    5    ok
  10.380    0.0ms  21>20     65    00    5    ok
  10.430  100.7ms  21>20     64    00    7    ok
  10.430  100.7ms  20>21     64    00    6    ok
  10.430   50.2ms  21>20     65    00    5    ok
  10.430    0.0ms  21>20     65    00    5    ok
  10.481   51.6ms  21>20     65    00    5    ok
  10.481    0.0ms  21>20     65    00    5    ok
  10.532  102.3ms  21>20     64    00    7    ok
  10.532  102.3ms  20>21     64    00    6    ok
  10.532   50.7ms  21>20     65    00    5    ok
  10.532    0.0ms  21>20     65    00    5    ok
  10.585   53.0ms  21>20     65    00    5    ok
  10.585    0.0ms  21>20     65    00    5    ok
  10.636  103.7ms  21>20     64    00    7    ok
  10.636  103.7ms  20>21     64    00    6    ok
  10.636   50.6ms  21>20     65    00    5    ok
  10.636    0.0ms  21>20     65    00    5    ok
  10.689   53.2ms  21>20     65    00    5    ok
  10.689    0.0ms  21>20     65    00    5    ok
  10.741  104.9ms  21>20     64    00    7    ok
  10.741  104.9ms  20>21     64    00    6    ok
  10.741   51.7ms  21>20     65    00    5    ok
  10.741    0.0ms  21>20     65    00    5    ok
  10.791   50.3ms  21>20     65    00    5    ok
  10.791    0.0ms  21>20     65    00    5    ok
  10.791   50.4ms  21>20     64    00    7    ok
  10.842  100.8ms  20>21     64    00    6    ok
  10.842   50.5ms  21>20     65    00    5    ok
  10.842    0.0ms  21>20     65    00    5    ok
  10.892   50.3ms  21>20     65    00    5    ok
  10.892    0.0ms  21>20     65    00    5    ok
  10.892  100.9ms  21>20     64    00    7    ok
  10.944  102.4ms  20>21     64    00    6    ok
  10.944   52.1ms  21>20     65    00    5    ok
  10.944    0.0ms  21>20     65    00    5    ok
  10.995   50.8ms  21>20     65    00    5    ok
  10.995    0.0ms  21>20     65    00    5    ok
  10.995  102.9ms  21>20     64    00    7    ok
  11.047  103.4ms  20>21     64    00    6    ok
  11.048   52.6ms  21>20     65    00    5    ok
  11.048    0.0ms  21>20     65    00    5    ok
  11.098   50.8ms  21>20     65    00    5    ok
  11.098    0.1ms  21>20     65    00    5    ok
  11.098  103.5ms  21>20     64    00    7    ok
  11.098   50.9ms  20>21     64    00    6    ok
  11.149   50.4ms  21>20     65    00    5    ok
  11.149    0.0ms  21>20     65    00    5    ok
  11.200   50.8ms  21>20     65    00    5    ok
  11.200    0.0ms  21>20     65    00    5    ok
  11.200  101.3ms  21>20     64    00    7    ok
  11.200  101.3ms  20>21     64    00    6    ok
  11.252   51.9ms  21>20     65    00    5    ok
  11.252    0.0ms  21>20     65    00    5    ok
  11.252    0.0ms  21>20     65    00    5    ok
  11.302   50.6ms  21>20     65    00    5    ok
  11.302  102.6ms  21>20     64    00    7    ok
  11.302  102.6ms  20>21     64    00    6    ok
  11.353   50.5ms  21>20     65    00    5    ok
  11.353    0.0ms  21>20     65    00    5    ok
  11.353    0.0ms  21>20     65    00    5    ok
  11.404   51.6ms  21>20     65    00    5    ok
  11.404  102.1ms  21>20     64    00    7    ok
  11.404  102.1ms  20>21     64    00    6    ok
  11.455   50.8ms  21>20     65    00    5    ok
  11.455    0.1ms  21>20     65    00    5    ok
  11.455    0.0ms  21>20     65    00    5    ok
  11.506   51.2ms  21>20     65    00    5    ok
  11.506  102.1ms  21>20     64    00    7    ok
  11.507  102.1ms  20>21     64    00    6    ok
  11.558   51.3ms  21>20     65    00    5    ok
  11.558    0.0ms  21>20     65    00    5    ok
  11.558    0.0ms  21>20     65    00    5    ok
  11.608   50.1ms  21>20     65    00    5    ok
  11.608  101.5ms  21>20     64    00    7    ok
  11.608  101.5ms  20>21     64    00    6    ok
  11.659   51.2ms  21>20     65    00    5    ok
  11.659    0.0ms  21>20     65    00    5    ok
  11.659    0.0ms  21>20     65    00    5    ok
  11.709   50.1ms  21>20     65    00    5    ok
  11.709  101.3ms  21>20     64    00    7    ok
  11.709  101.3ms  20>21     64    00    6    ok
  11.760   50.8ms  21>20     65    00    5    ok
  11.760    0.0ms  21>20     65    00    5    ok
  11.760    0.0ms  21>20     65    00    5    ok
  11.812   51.4ms  21>20     65    00    5    ok
  11.812  102.3ms  21>20     64    00    7    ok
  11.812  102.3ms  20>21     64    00    6    ok
  11.812    0.1ms  21>20     65    00    5    ok
  11.864   52.5ms  21>20     65    00    5    ok
  11.864    0.0ms  21>20     65    00    5    ok
  11.915   50.7ms  21>20     65    00    5    ok
  11.915  103.3ms  21>20     64    00    7    ok
  11.915  103.3ms  20>21     64    00    6    ok
  11.915    0.1ms  21>20     65    00    5    ok
  11.967   52.5ms  21>20     65    00    5    ok
  11.967    0.0ms  21>20     65    00    5    ok
  12.019   51.4ms  21>20     65    00    5    ok
  12.019  104.0ms  21>20     64    00    7    ok
  12.019  104.0ms  20>21     64    00    6    ok
  12.019    0.0ms  21>20     65    00    5    ok
  12.071   51.9ms  21>20     65    00    5    ok
  12.071    0.0ms  21>20     65    00    5    ok
  12.121   50.4ms  21>20     65    00    5    ok
  12.121  102.4ms  21>20     64    00    7    ok
  12.121  102.4ms  20>21     64    00    6    ok
  12.121    0.1ms  21>20     65    00    5    ok
  12.172   50.6ms  21>20     65    00    5    ok
  12.172    0.0ms  21>20     65    00    5    ok
  12.172    0.0ms  21>20     65    00    5    ok
  12.224  102.3ms  21>20     64    00    7    ok
  12.224  102.3ms  20>21     64    00    6    ok
  12.224   51.6ms  21>20     65    00    5    ok
  12.274   50.5ms  21>20     65    00    5    ok
  12.274    0.0ms  21>20     65    00    5    ok
  12.274    0.0ms  21>20     65    00    5    ok
  12.327  103.2ms  21>20     64    00    7    ok
  12.327  103.2ms  20>21     64    00    6    ok
  12.327   52.7ms  21>20     65    00    5    ok
  12.378   51.2ms  21>20     65    00    5    ok
  12.378    0.0ms  21>20     65    00    5    ok
  12.378    0.0ms  21>20     65    00    5    ok
  12.429  102.5ms  21>20     64    00    7    ok
  12.429  102.5ms  20>21     64    00    6    ok
  12.429   51.2ms  21>20     65    00    5    ok
  12.481   51.8ms  21>20     65    00    5    ok
  12.481    0.0ms  21>20     65    00    5    ok
  12.481    0.0ms  21>20     65    00    5    ok
  12.533  103.1ms  21>20     64    00    7    ok
  12.533  103.1ms  20>21     64    00    6    ok
  12.533   51.3ms  21>20     65    00    5    ok
  12.533    0.0ms  21>20     65    00    5    ok
  12.584   51.9ms  21>20     65    00    5    ok
  12.584    0.0ms  21>20     65    00    5    ok
  12.635  102.5ms  21>20     64    00    7    ok
  12.635  102.5ms  20>21     64    00    6    ok
  12.635   50.6ms  21>20     65    00    5    ok
  12.635    0.0ms  21>20     65    00    5    ok
  12.688   53.2ms  21>20     65    00    5    ok
  12.688    0.0ms  21>20     65    00    5    ok
  12.739  103.7ms  21>20     64    00    7    ok
  12.739  103.7ms  20>21     64    00    6    ok
  12.739   50.5ms  21>20     65    00    5    ok
  12.739    0.0ms  21>20     65    00    5    ok
  12.790   51.3ms  21>20     65    00    5    ok
  12.790    0.0ms  21>20     65    00    5    ok
  12.842  102.9ms  21>20     64    00    7    ok
  12.842  102.9ms  20>21     64    00    6    ok
  12.842   51.5ms  21>20     65    00    5    ok
  12.842    0.0ms  21>20     65    00    5    ok
  12.893   51.5ms  21>20     65    00    5    ok
  12.893    0.0ms  21>20     65    00    5    ok
  12.893   51.7ms  21>20     64    00    7    ok
  12.946  104.1ms  20>21     64    00    6    ok
  12.946   52.5ms  21>20     65    00    5    ok
  12.946    0.0ms  21>20     65    00    5    ok
  12.996   50.7ms  21>20     65    00    5    ok
  12.997    0.0ms  21>20     65    00    5    ok
  12.997  103.3ms  21>20     64    00    7    ok
  13.047  101.3ms  20>21     64    00    6    ok
  13.047   50.6ms  21>20     65    00    5    ok
  13.047    0.0ms  21>20     65    00    5    ok
  13.098   51.0ms  21>20     65    00    5    ok
  13.098    0.0ms  21>20     65    00    5    ok
  13.098  101.6ms  21>20     64    00    7    ok
  13.152  104.5ms  20>21     64    00    6    ok
  13.152   53.5ms  21>20     65    00    5    ok
  13.152    0.0ms  21>20     65    00    5    ok
  13.202   50.5ms  21>20     65    00    5    ok
  13.202    0.0ms  21>20     65    00    5    ok
  13.202  104.0ms  21>20     64    00    7    ok
  13.202   50.6ms  20>21     64    00    6    ok
  13.253   51.0ms  21>20     65    00    5    ok
  13.253    0.0ms  21>20     65    00    5    ok
  13.304   51.1ms  21>20     65    00    5    ok
  13.304    0.0ms  21>20     65    00    5    ok
  13.304  102.1ms  21>20     64    00    7    ok
  13.304  102.1ms  20>21     64    00    6    ok
  13.355   50.3ms  21>20     65    00    5    ok
  13.355    0.0ms  21>20     65    00    5    ok
  13.355    0.0ms  21>20     65    00    5    ok
  13.406   51.8ms  21>20     65    00    5    ok
  13.406  102.1ms  21>20     64    00    7    ok
  13.406  102.1ms  20>21     64    00    6    ok
  13.457   50.2ms  21>20     65    00    5    ok
  13.457    0.0ms  21>20     65    00    5    ok
  13.457    0.0ms  21>20     65    00    5    ok
  13.509   52.4ms  21>20     65    00    5    ok
  13.509  102.7ms  21>20     64    00    7    ok
  13.509  102.7ms  20>21     64    00    6    ok
  13.559   50.3ms  21>20     65    00    5    ok
  13.559    0.0ms  21>20     65    00    5    ok
  13.559    0.0ms  21>20     65    00    5    ok
  13.610   50.7ms  21>20     65    00    5    ok
  13.610  101.0ms  21>20     64    00    7    ok
  13.610  101.0ms  20>21     64    00    6    ok
  13.661   50.6ms  21>20     65    00    5    ok
  13.661    0.0ms  21>20     65    00    5    ok
  13.661    0.0ms  21>20     65    00    5    ok
  13.713   52.5ms  21>20     65    00    5    ok
  13.713  103.2ms  21>20     64    00    7    ok
  13.713  103.2ms  20>21     64    00    6    ok
  13.766   52.4ms  21>20     65    00    5    ok
  13.766    0.0ms  21>20     65    00    5    ok
  13.766    0.0ms  21>20     65    00    5    ok
  13.816   50.1ms  21>20     65    00    5    ok
  13.816  102.6ms  21>20     64    00    7    ok
  13.816  102.6ms  20>21     64    00    6    ok
  13.816    0.1ms  21>20     65    00    5    ok
  13.867   51.5ms  21>20     65    00    5    ok
  13.867    0.0ms  21>20     65    00    5    ok
  13.918   50.8ms  21>20     65    00    5    ok
  13.918  102.4ms  21>20     64    00    7    ok
  13.918  102.4ms  20>21     64    00    6    ok
  13.918    0.1ms  21>20     65    00    5    ok
  13.971   52.8ms  21>20     65    00    5    ok
  13.971    0.1ms  21>20     65    00    5    ok
  14.023   51.6ms  21>20     65    00    5    ok
  14.023  104.5ms  21>20     64    00    7    ok
  14.023  104.5ms  20>21     64    00    6    ok
  14.023    0.1ms  21>20     65    00    5    ok
  14.075   52.2ms  21>20     65    00    5    ok
  14.075    0.0ms  21>20     65    00    5    ok
  14.075    0.0ms  21>20     65    00    5    ok
  14.126  103.1ms  21>20     64    00    7    ok
  14.126  103.1ms  20>21     64    00    6    ok
  14.126   50.9ms  21>20     65    00    5    ok
  14.176   50.3ms  21>20     65    00    5    ok
  14.176    0.1ms  21>20     65    00    5    ok
  14.176    0.0ms  21>20     65    00    5    ok
  14.228  101.9ms  21>20     64    00    7    ok
  14.228  101.9ms  20>21     64    00    6    ok
  14.228   51.5ms  21>20     65    00    5    ok
  14.278   50.7ms  21>20     65    00    5    ok
  14.278    0.0ms  21>20     65    00    5    ok
  14.279    0.0ms  21>20     65    00    5    ok
  14.330  102.3ms  21>20     64    00    7    ok
  14.330  102.4ms  20>21     64    00    6    ok
  14.330   51.6ms  21>20     65    00    5    ok
  14.381   51.3ms  21>20     65    00    5    ok
  14.381    0.1ms  21>20     65    00    5    ok
  14.381    0.0ms  21>20     65    00    5    ok
  14.434  103.8ms  21>20     64    00    7    ok
  14.434  103.9ms  20>21     64    00    6    ok
  14.434   52.5ms  21>20     65    00    5    ok
  14.486    0.0ms  21>65     00    04    5    BAD
  14.486   52.1ms  21>20     65    00    5    ok
  14.536    0.0ms  20>21     00    04    6    BAD
  14.537   50.5ms  21>20     65    00    5    ok
  14.589   52.6ms  21>20     65    00    5    ok
  14.640  206.0ms  21>20     64    00    7    BAD
  14.640  205.9ms  20>21     64    00    6    BAD
  14.693  103.7ms  21>20     65    04    5    BAD
  14.745  208.1ms  20>21     00    04    6    BAD
  14.848  208.6ms  21>20     64    00    7    BAD
  14.899    0.0ms  20>04     27    49    33   BAD
  15.002    0.0ms  20>65     00    27    33   BAD
  15.002  153.4ms  21>20     64    00    7    ok
  15.054  414.6ms  20>21     64    00    6    ok
  15.055  361.7ms  21>20     65    00    5    ok
  15.055    0.0ms  21>20     65    00    5    ok
  15.106   51.1ms  21>20     65    00    5    ok
  15.106    0.0ms  21>20     65    00    5    ok
  15.106  103.8ms  21>20     64    00    7    ok
  15.106   51.2ms  20>21     64    00    6    ok
  15.156   50.6ms  21>20     65    00    5    ok
  15.156    0.0ms  21>20     65    00    5    ok
  15.156    0.0ms  21>20     65    00    5    ok
  15.208   51.6ms  21>20     65    00    5    ok
  15.208  102.3ms  21>20     64    00    7    ok
  15.208  102.3ms  20>21     64    00    6    ok
  15.258   50.5ms  21>20     65    00    5    ok
  15.258    0.1ms  21>20     65    00    5    ok
  15.258    0.0ms  21>20     65    00    5    ok
  15.309   50.7ms  21>20     65    00    5    ok
  15.309  101.2ms  21>20     64    00    7    ok
  15.309  101.2ms  20>21     64    00    6    ok
  15.360   50.8ms  21>20     65    00    5    ok
  15.360    0.0ms  21>20     65    00    5    ok
  15.360    0.0ms  21>20     65    00    5    ok
  15.410   50.2ms  21>20     65    00    5    ok
  15.410  101.1ms  21>20     64    00    7    ok
  15.410  101.1ms  20>21     64    00    6    ok
  15.461   51.0ms  21>20     65    00    5    ok
  15.461    0.0ms  21>20     65    00    5    ok
  15.461    0.0ms  21>20     65    00    5    ok
  15.512   50.6ms  21>20     65    00    5    ok
  15.512  101.7ms  21>20     64    00    7    ok
  15.512  101.7ms  20>21     64    00    6    ok
  15.562   50.4ms  21>20     65    00    5    ok
  15.562    0.0ms  21>20     65    00    5    ok
  15.562    0.0ms  21>20     65    00    5    ok
  15.614   52.0ms  21>20     65    00    5    ok
  15.614  102.5ms  21>20     64    00    7    ok
  15.614  102.5ms  20>21     64    00    6    ok
  15.666   52.0ms  21>20     65    00    5    ok
  15.666    0.1ms  21>20     65    00    5    ok
  15.666    0.0ms  21>20     65    00    5    ok
  15.717   50.6ms  21>20     65    00    5    ok
  15.717  102.7ms  21>20     64    00    7    ok
  15.717  102.7ms  20>21     64    00    6    ok
  15.717    0.1ms  21>20     65    00    5    ok
  15.768   51.3ms  21>20     65    00    5    ok
  15.768    0.0ms  21>20     65    00    5    ok
  15.819   50.4ms  21>20     65    00    5    ok
  15.819  101.9ms  21>20     64    00    7    ok
  15.819  101.9ms  20>21     64    00    6    ok
  15.819    0.1ms  21>20     65    00    5    ok
  15.871   52.4ms  21>20     65    00    5    ok
  15.871    0.0ms  21>20     65    00    5    ok
  15.923   51.1ms  21>20     65    00    5    ok
  15.923  103.6ms  21>20     64    00    7    ok
  15.923  103.6ms  20>21     64    00    6    ok
  15.923    0.1ms  21>20     65    00    5    ok
  15.976   53.1ms  21>20     65    00    5    ok
  15.976    0.0ms  21>20     65    00    5    ok
  16.027   51.2ms  21>20     65    00    5    ok
  16.027  104.4ms  21>20     64    00    7    ok
  16.027  104.4ms  20>21     64    00    6    ok
  16.027    0.1ms  21>20     65    00    5    ok
  16.078   50.7ms  21>20     65    00    5    ok
  16.078    0.0ms  21>20     65    00    5    ok
  16.078    0.0ms  21>20     65    00    5    ok
  16.129  102.0ms  21>20     64    00    7    ok
  16.129  102.0ms  20>21     64    00    6    ok
  16.129   51.2ms  21>20     65    00    5    ok
  16.179   50.4ms  21>20     65    00    5    ok
  16.179    0.0ms  21>20     65    00    5    ok
  16.179    0.0ms  21>20     65    00    5    ok
  16.231  101.6ms  21>20     64    00    7    ok
  16.231  101.6ms  20>21     64    00    6    ok
  16.231   51.2ms  21>20     65    00    5    ok
  16.281   50.8ms  21>20     65    00    5    ok
  16.281    0.0ms  21>20     65    00    5    ok
  16.281    0.0ms  21>20     65    00    5    ok
  16.333  102.8ms  21>20     64    00    7    ok
  16.333  102.7ms  20>21     64    00    6    ok
  16.333   51.9ms  21>20     65    00    5    ok
  16.384   50.5ms  21>20     65    00    5    ok
  16.384    0.0ms  21>20     65    00    5    ok
  16.384    0.0ms  21>20     65    00    5    ok
  16.436  102.7ms  21>20     64    00    7    ok
  16.436  102.7ms  20>21     64    00    6    ok
  16.436   52.2ms  21>20     65    00    5    ok
  16.488   52.0ms  21>20     65    00    5    ok
  16.488    0.0ms  21>20     65    00    5    ok
  16.488    0.0ms  21>20     65    00    5    ok
  16.538  102.1ms  21>20     64    00    7    ok
  16.538  102.1ms  20>21     64    00    6    ok
  16.538   50.1ms  21>20     65    00    5    ok
  16.538    0.0ms  21>20     65    00    5    ok
  16.589   51.2ms  21>20     65    00    5    ok
  16.590    0.0ms  21>20     65    00    5    ok
  16.640  101.4ms  21>20     64    00    7    ok
  16.640  101.4ms  20>21     64    00    6    ok
  16.640   50.2ms  21>20     65    00    5    ok
  16.640    0.0ms  21>20     65    00    5    ok
  16.691   51.2ms  21>20     65    00    5    ok
  16.691    0.1ms  21>20     65    00    5    ok
  16.742  102.0ms  21>20     64    00    7    ok
  16.742  102.0ms  20>21     64    00    6    ok
  16.742   50.8ms  21>20     65    00    5    ok
  16.742    0.0ms  21>20     65    00    5    ok
  16.795   53.4ms  21>20     65    00    5    ok
  16.795    0.0ms  21>20     65    00    5    ok
  16.846  104.4ms  21>20     64    00    7    ok
  16.846  104.4ms  20>21     64    00    6    ok
  16.846   51.0ms  21>20     65    00    5    ok
  16.846    0.0ms  21>20     65    00    5    ok
  16.899   53.1ms  21>20     65    00    5    ok
  16.899    0.0ms  21>20     65    00    5    ok
  16.899   53.2ms  21>20     64    00    7    ok
  16.951  104.7ms  20>21     64    00    6    ok
  16.951   51.5ms  21>20     65    00    5    ok
  16.951    0.0ms  21>20     65    00    5    ok
  17.001   50.4ms  21>20     65    00    5    ok
  17.001    0.0ms  21>20     65    00    5    ok
  17.001  102.0ms  21>20     64    00    7    ok
  17.053  102.4ms  20>21     64    00    6    ok
  17.053   51.9ms  21>20     65    00    5    ok
  17.053    0.0ms  21>20     65    00    5    ok
  17.103   50.2ms  21>20     65    00    5    ok
  17.103    0.1ms  21>20     65    00    5    ok
  17.103  102.2ms  21>20     64    00    7    ok
  17.103   50.3ms  20>21     64    00    6    ok
  17.157   53.7ms  21>20     65    00    5    ok
  17.157    0.0ms  21>20     65    00    5    ok
  17.208   50.8ms  21>20     65    00    5    ok
  17.208    0.0ms  21>20     65    00    5    ok
  17.208  104.6ms  21>20     64    00    7    ok
  17.208  104.6ms  20>21     64    00    6    ok
  17.260   51.6ms  21>20     65    00    5    ok
  17.260    0.0ms  21>20     65    00    5    ok
  17.260    0.0ms  21>20     65    00    5    ok
  17.310   50.5ms  21>20     65    00    5    ok
  17.310  102.2ms  21>20     64    00    7    ok
  17.310  102.1ms  20>21     64    00    6    ok
  17.360   50.3ms  21>20     65    00    5    ok
  17.360    0.0ms  21>20     65    00    5    ok
  17.360    0.0ms  21>20     65    00    5    ok
  17.412   51.6ms  21>20     65    00    5    ok
  17.412  101.9ms  21>20     64    00    7    ok
  17.412  101.9ms  20>21     64    00    6    ok
  17.463   50.7ms  21>20     65    00    5    ok
  17.463    0.0ms  21>20     65    00    5    ok
  17.463    0.0ms  21>20     65    00    5    ok
  17.515   51.8ms  21>20     65    00    5    ok
  17.515  102.6ms  21>20     64    00    7    ok
  17.515  102.5ms  20>21     64    00    6    ok
  17.566   51.3ms  21>20     65    00    5    ok
  17.566    0.1ms  21>20     65    00    5    ok
  17.566    0.0ms  21>20     65    00    5    ok
  17.617   51.5ms  21>20     65    00    5    ok
  17.617  102.9ms  21>20     64    00    7    ok
  17.618  102.9ms  20>21     64    00    6    ok
  17.668   51.0ms  21>20     65    00    5    ok
  17.669    0.0ms  21>20     65    00    5    ok
  17.669    0.0ms  21>20     65    00    5    ok
  17.719   51.0ms  21>20     65    00    5    ok
  17.720  102.0ms  21>20     64    00    7    ok
  17.720  102.0ms  20>21     64    00    6    ok
  17.772   52.5ms  21>20     65    00    5    ok
  17.772    0.0ms  21>20     65    00    5    ok
  17.772    0.0ms  21>20     65    00    5    ok
  17.823   50.5ms  21>20     65    00    5    ok
  17.823  103.0ms  21>20     64    00    7    ok
  17.823  103.0ms  20>21     64    00    6    ok
  17.823    0.1ms  21>20     65    00    5    ok
  17.875   52.2ms  21>20     65    00    5    ok
  17.875    0.0ms  21>20     65    00    5    ok
  17.926   51.2ms  21>20     65    00    5    ok
  17.926  103.5ms  21>20     64    00    7    ok
  17.926  103.5ms  20>21     64    00    6    ok
  17.926    0.1ms  21>20     65    00    5    ok
  17.978   52.1ms  21>20     65    00    5    ok
  17.978    0.0ms  21>20     65    00    5    ok
  18.029   50.8ms  21>20     65    00    5    ok
  18.029  102.9ms  21>20     64    00    7    ok
  18.029  102.9ms  20>21     64    00    6    ok
  18.029    0.1ms  21>20     65    00    5    ok
  18.079   50.4ms  21>20     65    00    5    ok
  18.080    0.0ms  21>20     65    00    5    ok
  18.130   50.7ms  21>20     65    00    5    ok
  18.130  101.2ms  21>20     64    00    7    ok
  18.130  101.2ms  20>21     64    00    6    ok
  18.130    0.0ms  21>20     65    00    5    ok
  18.181   50.5ms  21>20     65    00    5    ok
  18.181    0.0ms  21>20     65    00    5    ok
  18.181    0.0ms  21>20     65    00    5    ok
  18.231  101.3ms  21>20     64    00    7    ok
  18.232  101.3ms  20>21     64    00    6    ok
  18.232    0.0ms  3e>20     01    10    4    ok
  18.282    0.0ms  20>3e     04    10    14   ok
  18.282   50.3ms  21>20     64    00    7    ok
  18.282  101.0ms  21>20     65    00    5    ok
  18.282    0.0ms  21>20     65    00    5    ok
  18.334   51.7ms  21>20     65    00    5    ok
  18.334    0.0ms  21>20     65    00    5    ok
  18.384  102.3ms  21>20     64    00    7    ok
  18.384  152.6ms  20>21     64    00    6    ok
  18.384   50.6ms  21>20     65    00    5    ok
  18.384    0.0ms  21>20     65    00    5    ok
  18.437   53.1ms  21>20     65    00    5    ok
  18.437    0.0ms  21>20     65    00    5    ok
  18.488  104.3ms  21>20     64    00    7    ok
  18.488  104.3ms  20>21     64    00    6    ok
  18.488   51.1ms  21>20     65    00    5    ok
  18.488    0.0ms  21>20     65    00    5    ok
  18.541   52.9ms  21>20     65    00    5    ok
  18.541    0.0ms  21>20     65    00    5    ok
  18.541   53.0ms  21>20     64    00    7    ok
  18.592  103.1ms  20>21     64    00    6    ok
  18.592   50.2ms  21>20     65    00    5    ok
  18.592    0.0ms  21>20     61    00    5    ok
  18.642  410.3ms  3e>20     01    25    1    ok
  18.642  360.1ms  20>3e     04    25    2    ok
  18.642  100.5ms  21>20     64    00    7    ok
  18.642   50.3ms  20>21     64    00    6    ok
  18.642   50.3ms  21>20     65    00    5    ok
  18.694   52.0ms  21>20     65    00    5    ok
  18.694    0.0ms  21>20     65    00    5    ok
  18.744   50.3ms  21>20     65    00    5    ok
  18.744  152.6ms  21>20     61    00    5    ok
  18.744  102.5ms  3e>20     01    7b    1    ok
  18.797  155.5ms  20>3e     04    7b    6    ok
  18.797  155.5ms  21>20     64    00    7    ok
  18.797  155.5ms  20>21     64    00    6    ok
  18.797   53.2ms  21>20     65    00    5    ok
  18.849   51.6ms  21>20     65    00    5    ok
  18.849  104.8ms  21>20     61    00    5    ok
  18.849  104.9ms  3e>20     01    76    1    ok
  18.901  104.1ms  20>3e     04    76    2    ok
  18.901  104.0ms  21>20     64    00    7    ok
  18.901  104.0ms  20>21     64    00    6    ok
  18.901   52.4ms  21>20     61    00    5    ok
  18.901   52.4ms  3e>20     01    3b    1    ok
  18.954   52.5ms  20>3e     04    3b    2    ok
  18.954   52.6ms  21>20     64    00    7    ok
  18.954   52.6ms  20>21     64    00    6    ok
  18.954  104.9ms  21>20     65    00    5    ok
  19.005   50.6ms  21>20     65    00    5    ok
  19.005    0.0ms  21>20     65    00    5    ok
  19.005    0.0ms  21>20     65    00    5    ok
  19.056  154.3ms  21>20     61    00    5    ok
  19.056    0.0ms  3e>22     01    10    1    ok
  19.107    0.0ms  22>3e     04    10    34   ok
  19.107  152.6ms  21>20     64    00    7    ok
  19.107  152.6ms  20>21     64    00    6    ok
  19.107  102.0ms  21>20     65    00    5    ok
  19.107   50.9ms  21>20     61    00    5    ok
  19.159  102.9ms  3e>22     01    33    1    ok
  19.159   52.2ms  22>3e     04    33    4    ok
  19.159   52.1ms  21>20     64    00    7    ok
  19.159   52.1ms  20>21     64    00    6    ok
  19.210  103.8ms  21>20     65    00    5    ok
  19.210    0.0ms  21>20     65    00    5    ok
  19.211    0.0ms  21>20     65    00    5    ok
  19.262  155.8ms  21>20     61    00    5    ok
  19.263  103.9ms  3e>22     01    31    1    ok
  19.263  103.8ms  22>3e     04    31    2    ok
  19.263    0.1ms  21>20     61    00    5    ok
  19.313  412.0ms  3e>20     01    b0    1    ok
  19.314  359.6ms  20>3e     04    b0    52   ok
  19.314  154.8ms  21>20     64    00    7    ok
  19.314  154.8ms  20>21     64    00    6    ok
  19.364  153.3ms  21>20     65    00    5    ok
  19.364    0.0ms  21>20     65    00    5    ok
  19.364    0.0ms  21>20     65    00    5    ok
  19.417   52.8ms  21>20     65    00    5    ok
  19.417  154.1ms  21>20     61    00    5    ok
  19.468  205.2ms  3e>22     01    40    1    ok
  19.468  154.3ms  21>20     64    00    7    BAD
  19.468   51.2ms  21>20     65    00    5    ok
  19.521   53.4ms  21>20     65    00    5    ok
  19.521    0.0ms  21>20     65    00    5    ok
  19.573   52.2ms  21>20     65    00    5    ok
  19.573  105.6ms  21>20     64    00    7    ok
  19.573  259.9ms  20>21     64    00    6    ok
  19.573    0.1ms  21>20     65    00    5    ok
  19.624  206.9ms  21>20     61    00    5    ok
  19.624  310.1ms  3e>20     01    67    1    ok
  19.624  310.1ms  20>3e     04    67    4    ok
  19.624   50.2ms  21>20     64    00    7    ok
  19.676  102.4ms  20>21     64    00    6    ok
  19.676   52.3ms  21>20     61    00    5    ok
  19.676   52.3ms  3e>20     01    1a    1    ok
  19.676   52.3ms  20>3e     04    1a    2    ok
  19.727   50.8ms  21>20     61    00    5    ok
  19.727   50.9ms  3e>20     01    25    1    ok
  19.727   50.9ms  20>3e     04    25    2    ok
  19.727    0.1ms  21>20     61    00    5    ok
  19.779   52.7ms  3e>20     01    32    1    ok
  19.779   52.7ms  20>3e     04    32    8    ok
  19.779   52.7ms  21>20     61    00    5    ok
  19.830   50.6ms  3e>20     01    75    1    ok
  19.830   50.6ms  20>3e     04    75    2    ok
  19.830  206.4ms  21>20     64    00    7    ok
  19.830  154.2ms  20>21     64    00    6    ok
  19.830   50.6ms  21>20     61    00    5    ok
  19.883   52.6ms  3e>20     01    7b    1    ok
  19.883   52.6ms  20>3e     04    7b    6    ok
  19.883   52.6ms  21>20     64    00    7    ok
  19.883   52.6ms  20>21     64    00    6    ok
  19.934  360.2ms  21>20     65    00    5    ok
  19.934    0.0ms  21>20     65    00    5    ok
  19.934  103.6ms  21>20     61    00    5    ok
  19.984  101.2ms  3e>20     01    76    1    ok
  19.984  101.2ms  20>3e     04    76    2    ok
  19.984  101.3ms  21>20     64    00    7    ok
  19.984  101.3ms  20>21     64    00    6    ok
  19.984   50.3ms  21>20     65    00    5    ok
  20.035  101.2ms  21>20     61    00    5    ok
  20.035   51.1ms  3e>20     01    3b    1    ok
  20.035   51.0ms  20>3e     04    3b    2    ok
  20.085   50.5ms  21>20     61    00    5    ok
  20.085   50.5ms  3e>20     01    25    1    ok
  20.085   50.5ms  20>3e     04    25    2    ok
  20.085    0.1ms  21>20     61    00    5    ok
  20.136   51.0ms  3e>20     01    b4    1    ok
  20.136   51.0ms  20>3e     04    b4    6    ok
  20.137   51.0ms  21>20     61    00    5    ok
  20.187   50.9ms  3e>20     01    75    1    ok
  20.187   50.9ms  20>3e     04    75    2    ok
  20.187   50.9ms  21>20     61    00    5    ok
  20.187  719.7ms  3e>22     01    33    1    ok
  20.239  976.2ms  22>3e     04    33    4    ok
  20.239  254.9ms  21>20     64    00    7    ok
  20.239  254.9ms  20>21     64    00    6    ok
  20.239  254.9ms  21>20     65    00    5    ok
  20.290  102.5ms  21>20     61    00    5    ok
  20.290  102.5ms  3e>22     01    35    1    ok
  20.290   51.2ms  22>3e     04    35    2    ok
  20.290    0.0ms  21>20     61    00    5    ok
  20.341  153.1ms  3e>20     01    76    1    ok
  20.341  153.1ms  20>3e     04    76    2    ok
  20.341  101.7ms  21>20     64    00    7    ok
  20.341  101.7ms  20>21     64    00    6    ok
  20.391  152.4ms  21>20     65    00    5    ok
  20.391  101.3ms  21>20     61    00    5    ok
  20.391   50.8ms  3e>20     01    b4    1    ok
  20.391   50.8ms  20>3e     04    b4    6    ok
  20.442   50.6ms  21>20     61    00    5    ok
  20.442   50.6ms  3e>20     01    b0    1    ok
  20.442   50.6ms  20>3e     04    b0    52   ok
  20.492   50.3ms  21>20     61    00    5    ok
  20.492  202.3ms  3e>22     01    33    1    ok
  20.492  202.3ms  22>3e     04    33    4    ok
  20.492  151.7ms  21>20     64    00    7    ok
  20.492  151.7ms  20>21     64    00    6    ok
  20.544  152.6ms  21>20     65    00    5    ok
  20.544   51.7ms  21>20     61    00    5    ok
  20.544  101.9ms  3e>20     01    75    1    ok
  20.595  153.3ms  20>3e     04    75    2    ok
  20.595   51.4ms  21>20     61    00    5    ok
  20.595  103.0ms  3e>22     01    31    1    ok
  20.595  103.0ms  22>3e     04    31    2    ok
  20.645   50.1ms  21>20     61    00    5    ok
  20.645  101.5ms  3e>20     01    b0    1    ok
  20.645   50.2ms  20>3e     04    b0    52   ok
  20.645    0.1ms  21>20     61    00    5    ok
  20.696   50.6ms  21>20     61    00    5    ok
  20.696   50.7ms  3e>20     01    76    1    ok
  20.696   50.7ms  20>3e     04    76    2    ok
  20.747  254.4ms  21>20     64    00    7    ok
  20.747  254.5ms  20>21     64    00    6    ok
  20.747   50.7ms  21>20     61    00    5    ok
  20.747   50.7ms  3e>20     01    7b    1    ok
  20.799  103.1ms  20>3e     04    7b    6    ok
  20.799   52.5ms  21>20     61    00    5    ok
  20.799   52.5ms  3e>20     01    b4    1    ok
  20.799    0.1ms  20>3e     04    b4    6    ok
  20.851  104.0ms  21>20     64    00    7    ok
  20.851  104.0ms  20>21     64    00    6    ok
  20.851   51.5ms  21>20     61    00    5    ok
  20.851   51.5ms  3e>20     01    76    1    ok
  20.902  102.5ms  20>3e     04    76    2    ok
  20.902   51.1ms  21>20     61    00    5    ok
  20.902  306.6ms  3e>22     01    33    1    ok
  20.902  306.6ms  22>3e     04    33    4    ok
  20.953   50.7ms  21>20     61    00    5    ok
  20.953  101.8ms  3e>20     01    b4    1    ok
  20.953   50.9ms  20>3e     04    b4    6    ok
  20.953  102.0ms  21>20     64    00    7    ok
  20.953  102.0ms  20>21     64    00    6    ok
  21.004   51.4ms  21>20     61    00    5    ok
  21.004  102.1ms  3e>22     01    35    1    ok
  21.004  102.1ms  22>3e     04    35    2    ok
  21.055   51.2ms  21>20     61    00    5    ok
  21.055   51.2ms  3e>22     01    33    1    ok
  21.055   51.2ms  22>3e     04    33    4    ok
  21.055  102.4ms  21>20     64    00    7    ok
  21.055  102.4ms  20>21     64    00    6    ok
  21.105  561.5ms  21>20     65    00    5    ok
  21.105   50.3ms  21>20     61    00    5    ok
  21.105  152.9ms  3e>20     01    b0    1    ok
  21.157  203.9ms  20>3e     04    b0    52   ok
  21.157   51.3ms  21>20     61    00    5    ok
  21.157  101.6ms  3e>22     01    35    1    ok
  21.157  101.6ms  22>3e     04    35    2    ok
  21.207  152.0ms  21>20     64    00    7    ok
  21.207  152.1ms  20>21     64    00    6    ok
  21.207  101.9ms  21>20     65    00    5    ok
  21.207    0.0ms  21>20     65    00    5    ok
  21.259   51.8ms  21>20     65    00    5    ok
  21.259  102.5ms  21>20     61    00    5    ok
  21.310  204.1ms  3e>20     01    b0    1    ok
  21.310  152.9ms  20>3e     04    b0    52   ok
  21.310   50.4ms  21>20     61    00    5    ok
  21.310    0.1ms  3e>20     01    25    1    ok
  21.361   50.9ms  20>3e     04    25    2    ok
  21.361   51.0ms  21>20     61    00    5    ok
  21.361   51.0ms  3e>20     01    7b    1    ok
  21.361    0.1ms  20>3e     04    7b    6    ok
  21.412  204.9ms  21>20     64    00    7    ok
  21.412  204.8ms  20>21     64    00    6    ok
  21.412   51.5ms  21>20     61    00    5    ok
  21.412  255.4ms  3e>22     01    40    1    ok
  21.464  307.1ms  22>3e     04    40    30   ok
  21.464   51.8ms  21>20     61    00    5    ok
  21.464  103.3ms  3e>20     01    76    1    ok
  21.464  103.3ms  20>3e     04    76    2    ok
  21.515  102.5ms  21>20     64    00    7    ok
  21.515  102.5ms  20>21     64    00    6    ok
  21.515  255.5ms  21>20     65    00    5    ok
  21.515   50.7ms  21>20     61    00    5    ok
  21.566  101.8ms  3e>20     01    3b    1    ok
  21.566  101.8ms  20>3e     04    3b    2    ok
  21.566   51.2ms  21>20     64    00    7    ok
  21.566   51.2ms  20>21     64    00    6    ok
  21.566   51.2ms  21>20     61    00    5    ok
  21.618   51.9ms  3e>20     01    75    1    ok
  21.618   51.9ms  20>3e     04    75    2    ok
  21.618   51.8ms  21>20     61    00    5    ok
  21.668   50.6ms  3e>20     01    b4    1    ok
  21.668   50.6ms  20>3e     04    b4    6    ok
  21.668  102.5ms  21>20     64    00    7    ok
  21.668  102.5ms  20>21     64    00    6    ok
  21.668   50.6ms  21>20     61    00    5    ok
  21.720  308.0ms  3e>22     01    33    1    ok
  21.720  256.3ms  22>3e     04    33    4    ok
  21.720   51.9ms  21>20     64    00    7    ok
  21.720   51.9ms  20>21     64    00    6    ok
  21.771  103.0ms  21>20     61    00    5    ok
  21.771   51.2ms  3e>22     01    33    1    ok
  21.771   51.2ms  22>3e     04    33    4    ok
  21.771    0.0ms  21>20     61    00    5    ok
  21.825   53.9ms  3e>22     01    35    1    ok
  21.825   54.0ms  22>3e     04    35    2    ok
  21.825   54.0ms  21>20     61    00    5    ok
  21.876   50.7ms  3e>22     01    35    1    ok
  21.876   50.7ms  22>3e     04    35    2    ok
  21.876  155.9ms  21>20     64    00    7    ok
  21.876  155.9ms  20>21     64    00    6    ok
  21.876   50.7ms  21>20     61    00    5    ok
  21.926  258.1ms  3e>20     01    da    1    ok
  21.926  258.0ms  20>3e     04    da    12   ok
  21.926   50.2ms  21>20     64    00    7    ok
  21.926   50.2ms  20>21     64    00    6    ok
  21.926   50.2ms  21>20     61    00    5    ok
  21.978   51.3ms  3e>20     01    da    1    ok
  21.978   51.3ms  20>3e     04    da    12   ok
  21.978   51.3ms  21>20     64    00    7    ok
  21.978   51.3ms  20>21     64    00    6    ok
  22.028  513.1ms  21>20     65    00    5    ok
  22.028    0.1ms  21>20     65    00    5    ok
  22.028    0.0ms  21>20     65    00    5    ok
  22.078   50.6ms  21>20     65    00    5    ok
  22.078  100.8ms  21>20     64    00    7    ok
  22.078  100.8ms  20>21     64    00    6    ok
  22.129   50.5ms  21>20     65    00    5    ok
  22.129  202.6ms  21>20     61    00    5    ok
  22.129  151.3ms  3e>20     01    b4    1    ok
  22.179  201.9ms  20>3e     04    b4    6    ok
  22.180   50.7ms  21>20     61    00    5    ok
  22.180  303.6ms  3e>22     01    33    1    ok
  22.180  303.5ms  22>3e     04    33    4    ok
  22.230  151.8ms  21>20     64    00    7    ok
  22.230  151.8ms  20>21     64    00    6    ok
  22.230   50.7ms  21>20     61    00    5    ok
  22.230   50.7ms  3e>22     01    33    1    ok
  22.282  102.9ms  22>3e     04    33    4    ok
  22.283   52.3ms  21>20     61    00    5    ok
  22.283   52.3ms  3e>22     01    35    1    ok
  22.283    0.1ms  22>3e     04    35    2    ok
  22.333   50.1ms  21>20     61    00    5    ok
  22.333   50.2ms  3e>22     01    35    1    ok
  22.333   50.2ms  22>3e     04    35    2    ok
  22.333  102.5ms  21>20     64    00    7    ok
  22.385  154.9ms  20>21     64    00    6    ok
  22.385   52.5ms  21>20     61    00    5    ok
  22.385  256.3ms  3e>20     01    da    1    ok
  22.385  205.7ms  20>3e     04    da    12   ok
  22.436  103.7ms  21>20     64    00    7    ok
  22.436   51.3ms  20>21     64    00    6    ok
  22.436   51.3ms  21>20     61    00    5    ok
  22.436   51.2ms  3e>20     01    da    1    ok
  22.436   51.2ms  20>3e     04    da    12   ok
  22.487   51.1ms  21>20     64    00    7    ok
  22.488   51.1ms  20>21     64    00    6    ok
  22.488  358.7ms  21>20     65    00    5    ok
  22.488    0.0ms  21>20     65    00    5    ok
  22.539  102.2ms  21>20     61    00    5    ok
  22.539  102.2ms  3e>20     01    b4    1    ok
  22.539  102.2ms  20>3e     04    b4    6    ok
  22.590  102.4ms  21>20     64    00    7    ok
  22.590  102.4ms  20>21     64    00    6    ok
  22.590  102.4ms  21>20     65    00    5    ok
  22.590   51.3ms  21>20     61    00    5    ok
  22.640  101.5ms  3e>20     01    b4    1    ok
  22.640  101.5ms  20>3e     04    b4    6    ok
  22.640   50.3ms  21>20     61    00    5    ok
  22.691  358.2ms  3e>22     01    33    1    ok
  22.691  358.2ms  22>3e     04    33    4    ok
  22.691  101.1ms  21>20     64    00    7    ok
  22.691  101.1ms  20>21     64    00    6    ok
  22.691   50.8ms  21>20     61    00    5    ok
  22.742   51.0ms  3e>22     01    33    1    ok
  22.742   51.0ms  22>3e     04    33    4    ok
  22.742   51.0ms  21>20     61    00    5    ok
  22.792   50.5ms  3e>22     01    35    1    ok
  22.792   50.4ms  22>3e     04    35    2    ok
  22.792  101.5ms  21>20     64    00    7    ok
  22.792  101.5ms  20>21     64    00    6    ok
  22.792  202.5ms  21>20     65    00    5    ok
  22.846   53.8ms  21>20     65    00    5    ok
  22.846  104.2ms  21>20     61    00    5    ok
  22.898  258.3ms  3e>20     01    da    1    ok
  22.898  258.3ms  20>3e     04    da    12   ok
  22.898  106.1ms  21>20     64    00    7    ok
  22.898  106.1ms  20>21     64    00    6    ok
  22.899   52.3ms  21>20     61    00    5    ok
  22.949   50.3ms  3e>20     01    da    1    ok
  22.949   50.3ms  20>3e     04    da    12   ok
  22.949   50.3ms  21>20     64    00    7    ok
  22.949   50.3ms  20>21     64    00    6    ok
  22.949  102.6ms  21>20     65    00    5    ok
  23.000   50.9ms  21>20     65    00    5    ok
  23.000    0.0ms  21>20     65    00    5    ok
  23.050   50.5ms  21>20     65    00    5    ok
  23.050  101.5ms  21>20     64    00    7    ok
  23.050  101.5ms  20>21     64    00    6    ok
  23.050  151.8ms  21>20     61    00    5    ok
  23.103  154.7ms  3e>20     01    b4    1    ok
  23.104  154.7ms  20>3e     04    b4    6    ok
  23.104   53.2ms  21>20     61    00    5    ok
  23.154   50.2ms  3e>20     01    b4    1    ok
  23.154   50.2ms  20>3e     04    b4    6    ok
  23.154   50.2ms  21>20     61    00    5    ok
  23.154  103.4ms  21>20     64    00    7    ok
  23.154  103.4ms  20>21     64    00    6    ok
  23.205   51.8ms  21>20     61    00    5    ok
  23.205  413.1ms  3e>22     01    33    1    ok
  23.206  413.1ms  22>3e     04    33    4    ok
  23.257   51.4ms  21>20     61    00    5    ok
  23.257   51.4ms  3e>22     01    35    1    ok
  23.257   51.4ms  22>3e     04    35    2    ok
  23.257    0.1ms  21>20     61    00    5    ok
  23.308   51.5ms  3e>22     01    35    1    ok
  23.309   51.6ms  22>3e     04    35    2    ok
  23.309  154.8ms  21>20     64    00    7    ok
  23.309  154.8ms  20>21     64    00    6    ok
  23.309   51.6ms  21>20     61    00    5    ok
  23.359  205.7ms  3e>20     01    da    1    ok
  23.359  205.7ms  20>3e     04    da    12   ok
  23.359   50.9ms  21>20     64    00    7    ok
  23.359   50.9ms  20>21     64    00    6    ok
  23.410  101.1ms  21>20     61    00    5    ok
  23.410   50.4ms  3e>20     01    da    1    ok
  23.410   50.3ms  20>3e     04    da    12   ok
  23.410   50.3ms  21>20     64    00    7    ok
  23.462  102.9ms  20>21     64    00    6    ok
  23.462  412.1ms  21>20     65    00    5    ok
  23.462    0.0ms  21>20     65    00    5    ok
  23.513  103.4ms  21>20     61    00    5    ok
  23.513  103.4ms  3e>20     01    b4    1    ok
  23.513  103.4ms  20>3e     04    b4    6    ok
  23.513  103.4ms  21>20     64    00    7    ok
  23.567  104.2ms  20>21     64    00    6    ok
  23.567  104.2ms  21>20     65    00    5    ok
  23.567   53.6ms  21>20     61    00    5    ok
  23.618  104.4ms  3e>20     01    b4    1    ok
  23.618  104.5ms  20>3e     04    b4    6    ok
  23.618  104.5ms  21>20     64    00    7    ok
  23.618   51.0ms  20>21     64    00    6    ok
  23.618   51.0ms  21>20     65    00    5    ok
  23.669   51.0ms  21>20     65    00    5    ok
  23.669  102.0ms  21>20     61    00    5    ok
  23.669  360.1ms  3e>22     01    33    1    ok
  23.719  410.6ms  22>3e     04    33    4    ok
  23.719   50.6ms  21>20     61    00    5    ok
  23.719   50.6ms  3e>22     01    35    1    ok
  23.769   50.2ms  22>3e     04    35    2    ok
  23.769   50.2ms  21>20     61    00    5    ok
  23.769   50.2ms  3e>22     01    35    1    ok
  23.769    0.1ms  22>3e     04    35    2    ok
  23.769    0.0ms  21>20     61    00    5    ok
  23.820  202.6ms  3e>20     01    da    1    ok
  23.820  202.6ms  20>3e     04    da    12   ok
  23.820  202.6ms  21>20     64    00    7    ok
  23.820  202.6ms  20>21     64    00    6    ok
  23.871  202.1ms  21>20     65    00    5    ok
  23.871  101.3ms  21>20     61    00    5    ok
  23.871   50.5ms  3e>20     01    da    1    ok
  23.922  101.5ms  20>3e     04    da    12   ok
  23.922  101.5ms  21>20     64    00    7    ok
  23.922  101.5ms  20>21     64    00    6    ok
  23.922   51.1ms  21>20     65    00    5    ok
  23.972   50.7ms  21>20     65    00    5    ok
  23.973  101.9ms  21>20     61    00    5    ok
  23.973  101.9ms  3e>20     01    75    1    ok
  24.026  103.8ms  20>3e     04    75    2    ok
  24.026  103.9ms  21>20     64    00    7    ok
  24.026  103.9ms  20>21     64    00    6    ok
  24.026   53.1ms  21>20     61    00    5    ok
  24.076  103.2ms  3e>20     01    b4    1    ok
  24.076   50.2ms  20>3e     04    b4    6    ok
  24.076   50.2ms  21>20     61    00    5    ok
  24.076    0.1ms  3e>20     01    75    1    ok
  24.076    0.0ms  20>3e     04    75    2    ok
  24.130  104.0ms  21>20     64    00    7    ok
  24.130  104.0ms  20>21     64    00    6    ok
  24.130  157.2ms  21>20     65    00    5    ok
  24.180  104.5ms  21>20     61    00    5    ok
  24.180  104.5ms  3e>20     01    b4    1    ok
  24.180  104.5ms  20>3e     04    b4    6    ok
  24.180   50.8ms  21>20     64    00    7    ok
  24.180   50.7ms  20>21     64    00    6    ok
  24.231   50.2ms  21>20     61    00    5    ok
  24.231  461.2ms  3e>22     01    33    1    ok
  24.231  461.2ms  22>3e     04    33    4    ok
  24.231    0.1ms  21>20     61    00    5    ok
  24.282   51.9ms  3e>22     01    35    1    ok
  24.282   51.9ms  22>3e     04    35    2    ok
  24.282  102.1ms  21>20     64    00    7    ok
  24.283  102.2ms  20>21     64    00    6    ok
  24.333  203.7ms  21>20     65    00    5    ok
  24.333  102.8ms  21>20     61    00    5    ok
  24.333  153.1ms  3e>20     01    da    1    ok
  24.385  204.6ms  20>3e     04    da    12   ok
  24.385  102.5ms  21>20     64    00    7    ok
  24.385  102.5ms  20>21     64    00    6    ok
  24.385   51.7ms  21>20     65    00    5    ok
  24.435  101.9ms  21>20     61    00    5    ok
  24.435  101.9ms  3e>20     01    da    1    ok
  24.435   50.4ms  20>3e     04    da    12   ok
  24.435   50.4ms  21>20     64    00    7    ok
  24.435   50.4ms  20>21     64    00    6    ok
  24.488   52.3ms  21>20     61    00    5    ok
  24.488   52.3ms  3e>20     01    b4    1    ok
  24.488   52.4ms  20>3e     04    b4    6    ok
  24.539  103.8ms  21>20     64    00    7    ok
  24.539  103.8ms  20>21     64    00    6    ok
  24.539  154.2ms  21>20     65    00    5    ok
  24.539    0.0ms  21>20     65    00    5    ok
  24.589  101.7ms  21>20     61    00    5    ok
  24.589  307.0ms  3e>22     01    33    1    ok
  24.589  307.0ms  22>3e     04    33    4    ok
  24.641   52.1ms  21>20     61    00    5    ok
  24.642  153.8ms  3e>20     01    b4    1    ok
  24.642  153.8ms  20>3e     04    b4    6    ok
  24.642    0.1ms  21>20     61    00    5    ok
  24.692  102.6ms  3e>22     01    33    1    ok
  24.692  102.6ms  22>3e     04    33    4    ok
  24.692   50.5ms  21>20     61    00    5    ok
  24.692    0.1ms  3e>22     01    35    1    ok
  24.743   51.0ms  22>3e     04    35    2    ok
  24.743  203.9ms  21>20     64    00    7    ok
  24.743  203.9ms  20>21     64    00    6    ok
  24.743  203.9ms  21>20     65    00    5    ok
  24.794   50.7ms  21>20     65    00    5    ok
  24.794    0.0ms  21>20     65    00    5    ok
  24.794  101.8ms  21>20     61    00    5    ok
  24.844  202.4ms  3e>20     01    da    1    ok
  24.844  202.5ms  20>3e     04    da    12   ok
  24.844  100.9ms  21>20     64    00    7    ok
  24.844  100.9ms  20>21     64    00    6    ok
  24.895  101.1ms  21>20     65    00    5    ok
  24.895  101.2ms  21>20     61    00    5    ok
  24.895   51.1ms  3e>20     01    da    1    ok
  24.947  103.3ms  20>3e     04    da    12   ok
  24.947  103.3ms  21>20     64    00    7    ok
  24.947  103.3ms  20>21     64    00    6    ok
  24.947   52.3ms  21>20     61    00    5    ok
  24.998  103.5ms  3e>20     01    b4    1    ok
  24.998   51.3ms  20>3e     04    b4    6    ok
  24.999   51.2ms  21>20     64    00    7    ok
  24.999   51.2ms  20>21     64    00    6    ok
  24.999  103.6ms  21>20     65    00    5    ok
  25.051   52.0ms  21>20     65    00    5    ok
  25.051  103.3ms  21>20     61    00    5    ok
  25.051  358.5ms  3e>22     01    33    1    ok
  25.101  358.2ms  22>3e     04    33    4    ok
  25.101   50.7ms  21>20     61    00    5    ok
  25.101  102.8ms  21>20     64    00    7    ok
  25.101  102.7ms  20>21     64    00    6    ok
  25.151   50.2ms  21>20     61    00    5    ok
  25.151  100.8ms  3e>22     01    33    1    ok
  25.151   50.2ms  22>3e     04    33    4    ok
  25.151    0.0ms  21>20     61    00    5    ok
  25.202   50.3ms  3e>22     01    35    1    ok
  25.202   50.4ms  22>3e     04    35    2    ok
  25.202  100.6ms  21>20     64    00    7    ok
  25.202  100.6ms  20>21     64    00    6    ok
  25.252  201.9ms  21>20     65    00    5    ok
  25.252  101.0ms  21>20     61    00    5    ok
  25.252   50.7ms  3e>22     01    35    1    ok
  25.304  102.6ms  22>3e     04    35    2    ok
  25.305   52.1ms  21>20     61    00    5    ok
  25.305  306.1ms  3e>20     01    da    1    ok
  25.305  306.1ms  20>3e     04    da    12   ok
  25.355  152.9ms  21>20     64    00    7    ok
  25.355  153.0ms  20>21     64    00    6    ok
  25.355  102.5ms  21>20     65    00    5    ok
  25.355   50.3ms  21>20     61    00    5    ok
  25.406  101.7ms  3e>20     01    b0    1    ok
  25.406  101.7ms  20>3e     04    b0    52   ok
  25.406   51.5ms  21>20     64    00    7    ok
  25.406   51.4ms  20>21     64    00    6    ok
  25.457  102.5ms  21>20     61    00    5    ok
  25.457   51.3ms  3e>20     01    25    1    ok
  25.457   51.2ms  20>3e     04    25    2    ok
  25.457   51.2ms  21>20     64    00    7    ok
  25.509  102.3ms  20>21     64    00    6    ok
  25.509  153.8ms  21>20     65    00    5    ok
  25.509    0.0ms  21>20     65    00    5    ok
  25.559  101.5ms  21>20     61    00    5    ok
  25.559  101.6ms  3e>20     01    75    1    ok
  25.559  101.8ms  20>3e     04    75    2    ok
  25.559    0.4ms  21>20     61    00    5    ok
  25.612   52.9ms  21>20     61    00    5    ok
  25.612   53.2ms  3e>20     01    b4    1    ok
  25.612   53.0ms  20>3e     04    b4    6    ok
  25.612  154.8ms  21>20     64    00    7    ok
  25.664  155.9ms  20>21     64    00    6    ok
  25.665  155.9ms  21>20     65    00    5    ok
  25.665   52.3ms  21>20     61    00    5    ok
  25.715  462.9ms  3e>22     01    33    1    ok
  25.715  410.9ms  22>3e     04    33    4    ok
  25.715   50.9ms  21>20     61    00    5    ok
  25.715  103.1ms  3e>20     01    b4    1    ok
  25.766  153.5ms  20>3e     04    b4    6    ok
  25.766   50.4ms  21>20     61    00    5    ok
  25.766   50.5ms  3e>22     01    33    1    ok
  25.766   50.4ms  22>3e     04    33    4    ok
  25.816   50.5ms  21>20     61    00    5    ok
  25.816   50.5ms  3e>22     01    35    1    ok
  25.816   50.5ms  22>3e     04    35    2    ok
  25.816  204.0ms  21>20     64    00    7    ok
  25.869  204.4ms  20>21     64    00    6    ok
  25.869  204.4ms  21>20     65    00    5    ok
  25.869   52.7ms  21>20     61    00    5    ok
  25.919  204.0ms  3e>20     01    da    1    ok
  25.919  153.7ms  20>3e     04    da    12   ok
  25.919  103.1ms  21>20     64    00    7    ok
  25.919   50.6ms  20>21     64    00    6    ok
  25.920   50.6ms  21>20     65    00    5    ok
  25.973   53.4ms  21>20     65    00    5    ok
  25.973    0.0ms  21>20     65    00    5    ok
  25.973  104.0ms  21>20     61    00    5    ok
  26.025  105.1ms  3e>20     01    da    1    ok
  26.025  105.1ms  20>3e     04    da    12   ok
  26.025  105.1ms  21>20     64    00    7    ok
  26.025  105.1ms  20>21     64    00    6    ok
  26.075  102.2ms  21>20     61    00    5    ok
  26.075   50.6ms  3e>20     01    b4    1    ok
  26.075   50.6ms  20>3e     04    b4    6    ok
  26.075   50.6ms  21>20     64    00    7    ok
  26.126  101.1ms  20>21     64    00    6    ok
  26.126  152.9ms  21>20     65    00    5    ok
  26.126    0.0ms  21>20     65    00    5    ok
  26.177  101.5ms  21>20     61    00    5    ok
  26.177  360.4ms  3e>22     01    33    1    ok
  26.177  360.4ms  22>3e     04    33    4    ok
  26.177    0.1ms  21>20     61    00    5    ok
  26.229  154.1ms  3e>20     01    b4    1    ok
  26.229  154.1ms  20>3e     04    b4    6    ok
  26.229   52.6ms  21>20     61    00    5    ok
  26.279  102.7ms  3e>22     01    33    1    ok
  26.279  102.7ms  22>3e     04    33    4    ok
  26.279   50.1ms  21>20     61    00    5    ok
  26.279    0.0ms  3e>22     01    35    1    ok
  26.279    0.0ms  22>3e     04    35    2    ok
  26.334  258.5ms  21>20     64    00    7    ok
  26.334  207.9ms  20>21     64    00    6    ok
  26.334  207.9ms  21>20     65    00    5    ok
  26.384  104.4ms  21>20     61    00    5    ok
  26.384  154.7ms  3e>20     01    da    1    ok
  26.384  154.6ms  20>3e     04    da    12   ok
  26.384   50.3ms  21>20     64    00    7    ok
  26.384   50.2ms  20>21     64    00    6    ok
  26.434  100.5ms  21>20     65    00    5    ok
  26.434    0.0ms  21>20     65    00    5    ok
  26.434    0.0ms  21>20     65    00    5    ok
  26.486  101.9ms  21>20     61    00    5    ok
  26.486  101.9ms  3e>20     01    da    1    ok
  26.486  101.9ms  20>3e     04    da    12   ok
  26.536  152.0ms  21>20     64    00    7    ok
  26.536  152.0ms  20>21     64    00    6    ok
  26.536   50.2ms  21>20     61    00    5    ok
  26.536   50.1ms  3e>20     01    75    1    ok
  26.586  100.4ms  20>3e     04    75    2    ok
  26.586   50.4ms  21>20     64    00    7    ok
  26.586   50.4ms  20>21     64    00    6    ok
  26.586   50.4ms  21>20     61    00    5    ok
  26.637  101.3ms  3e>20     01    b4    1    ok
  26.637   51.1ms  20>3e     04    b4    6    ok
  26.637   51.0ms  21>20     61    00    5    ok
  26.637    0.1ms  3e>20     01    75    1    ok
  26.689   51.6ms  20>3e     04    75    2    ok
  26.689  102.7ms  21>20     64    00    7    ok
  26.689  102.6ms  20>21     64    00    6    ok
  26.689   51.7ms  21>20     61    00    5    ok
  26.740  460.3ms  3e>22     01    33    1    ok
  26.740  460.3ms  22>3e     04    33    4    ok
  26.740   50.8ms  21>20     61    00    5    ok
  26.740  102.4ms  3e>20     01    b4    1    ok
  26.790  101.0ms  20>3e     04    b4    6    ok
  26.790   50.2ms  21>20     61    00    5    ok
  26.790   50.3ms  3e>22     01    35    1    ok
  26.790   50.2ms  22>3e     04    35    2    ok
  26.842  152.7ms  21>20     64    00    7    ok
  26.842  152.7ms  20>21     64    00    6    ok
  26.842  407.5ms  21>20     65    00    5    ok
  26.842    0.0ms  21>20     65    00    5    ok
  26.892   50.6ms  21>20     65    00    5    ok
  26.892  102.4ms  21>20     61    00    5    ok
  26.943  152.5ms  3e>22     01    35    1    ok
  26.943  152.5ms  22>3e     04    35    2    ok
  26.943   50.2ms  21>20     61    00    5    ok
  26.943  202.8ms  3e>20     01    da    1    ok
  26.943  152.6ms  20>3e     04    da    12   ok
  26.994  152.2ms  21>20     64    00    7    ok
  26.994  152.2ms  20>21     64    00    6    ok
  26.994  101.6ms  21>20     65    00    5    ok
  26.994   51.4ms  21>20     61    00    5    ok
  27.045  102.6ms  3e>20     01    da    1    ok
  27.045  102.6ms  20>3e     04    da    12   ok
  27.045   51.3ms  21>20     64    00    7    ok
  27.045   51.3ms  20>21     64    00    6    ok
  27.096  101.6ms  21>20     61    00    5    ok
  27.096   50.4ms  3e>20     01    b4    1    ok
  27.096   50.4ms  20>3e     04    b4    6    ok
  27.096   50.4ms  21>20     64    00    7    ok
  27.147  101.9ms  20>21     64    00    6    ok
  27.147   51.6ms  21>20     61    00    5    ok
  27.147  204.7ms  3e>22     01    33    1    ok
  27.198  255.4ms  22>3e     04    33    4    ok
  27.198   50.8ms  21>20     61    00    5    ok
  27.198  102.4ms  3e>20     01    b4    1    ok
  27.198  102.4ms  20>3e     04    b4    6    ok
  27.198  102.4ms  21>20     64    00    7    ok
  27.251  104.0ms  20>21     64    00    6    ok
  27.251  257.3ms  21>20     65    00    5    ok
  27.251   53.2ms  21>20     61    00    5    ok
  27.301  154.2ms  3e>22     01    33    1    ok
  27.301    0.0ms  3e>04     33    00    34   BAD
  27.355  156.9ms  21>20     64    00    7    ok
  27.355  103.7ms  20>21     64    00    6    ok
  27.355  103.7ms  21>20     65    00    5    ok
  27.355  103.7ms  21>20     61    00    5    ok
  27.408  106.3ms  3e>22     01    35    1    ok
  27.408   52.8ms  21>20     61    00    5    ok
  27.458  260.0ms  3e>20     01    da    1    ok
  27.458  260.1ms  20>3e     04    da    12   ok
  27.458  103.2ms  21>20     64    00    7    ok
  27.458  103.2ms  20>21     64    00    6    ok
  27.458   50.4ms  21>20     61    00    5    ok
  27.510   51.8ms  3e>20     01    da    1    ok
  27.510   51.8ms  20>3e     04    da    12   ok
  27.510   51.8ms  21>20     64    00    7    ok
  27.510   51.8ms  20>21     64    00    6    ok
  27.561  103.0ms  21>20     61    00    5    ok
  27.561   51.3ms  3e>20     01    b4    1    ok
  27.561   51.2ms  20>3e     04    b4    6    ok
  27.561   51.3ms  21>20     64    00    7    ok
  27.561   51.3ms  20>21     64    00    6    ok
  27.612  256.6ms  21>20     65    00    5    ok
  27.612   50.5ms  21>20     61    00    5    ok
  27.663  255.7ms  3e>22     01    33    1    ok
  27.663  465.4ms  22>3e     04    33    4    ok
  27.663   51.8ms  21>20     61    00    5    ok
  27.663  102.3ms  3e>20     01    b4    1    ok
  27.663  102.3ms  20>3e     04    b4    6    ok
  27.715  153.6ms  21>20     64    00    7    ok
  27.715  153.6ms  20>21     64    00    6    ok
  27.715  103.2ms  21>20     65    00    5    ok
  27.715   51.4ms  21>20     61    00    5    ok
  27.767  103.6ms  3e>22     01    33    1    ok
  27.767  103.6ms  22>3e     04    33    4    ok
  27.767   52.2ms  21>20     61    00    5    ok
  27.818   50.6ms  3e>22     01    35    1    ok
  27.818   50.6ms  22>3e     04    35    2    ok
  27.818  102.8ms  21>20     64    00    7    ok
  27.818  102.8ms  20>21     64    00    6    ok
  27.818   50.6ms  21>20     61    00    5    ok
  27.870   52.6ms  3e>22     01    35    1    ok
  27.870   52.6ms  22>3e     04    35    2    ok
  27.870   52.6ms  21>20     61    00    5    ok
  27.922  258.2ms  3e>20     01    da    1    ok
  27.922  258.2ms  20>3e     04    da    12   ok
  27.922  104.1ms  21>20     64    00    7    ok
  27.922  104.1ms  20>21     64    00    6    ok
  27.922  206.9ms  21>20     65    00    5    ok
  27.975   53.6ms  21>20     65    00    5    ok
  27.975    0.0ms  21>20     65    00    5    ok
  27.975    0.0ms  21>20     65    00    5    ok
  28.026  155.5ms  21>20     61    00    5    ok
  28.026  104.1ms  3e>20     01    b4    1    ok
  28.026  104.1ms  20>3e     04    b4    6    ok
  28.076  154.3ms  21>20     64    00    7    ok
  28.076  154.3ms  20>21     64    00    6    ok
  28.076  100.7ms  21>20     65    00    5    ok
  28.076   50.3ms  21>20     61    00    5    ok
  28.127  257.2ms  3e>22     01    33    1    ok
  28.127  257.2ms  22>3e     04    33    4    ok
  28.128   51.4ms  21>20     61    00    5    ok
  28.178  152.3ms  3e>20     01    b4    1    ok
  28.178  152.3ms  20>3e     04    b4    6    ok
  28.178  102.2ms  21>20     64    00    7    ok
  28.178  102.1ms  20>21     64    00    6    ok
  28.178   50.7ms  21>20     61    00    5    ok
  28.231  104.0ms  3e>22     01    33    1    ok
  28.232  104.0ms  22>3e     04    33    4    ok
  28.232   53.3ms  21>20     61    00    5    ok
  28.283   51.6ms  3e>22     01    35    1    ok
  28.283   51.6ms  22>3e     04    35    2    ok
  28.283  104.9ms  21>20     64    00    7    ok
  28.283  104.9ms  20>21     64    00    6    ok
  28.283  207.1ms  21>20     65    00    5    ok
  28.334  102.9ms  21>20     61    00    5    ok
  28.334  156.3ms  3e>20     01    da    1    ok
  28.334  156.3ms  20>3e     04    da    12   ok
  28.385  101.5ms  21>20     64    00    7    ok
  28.385  101.6ms  20>21     64    00    6    ok
  28.385  101.6ms  21>20     65    00    5    ok
  28.385    0.0ms  21>20     65    00    5    ok
  28.436   51.6ms  21>20     65    00    5    ok
  28.436  101.9ms  21>20     61    00    5    ok
  28.436  101.9ms  3e>20     01    da    1    ok
  28.488  153.8ms  20>3e     04    da    12   ok
  28.488  103.6ms  21>20     64    00    7    ok
  28.488  103.6ms  20>21     64    00    6    ok
  28.488   52.0ms  21>20     61    00    5    ok
  28.539  102.6ms  3e>20     01    b4    1    ok
  28.539   50.8ms  20>3e     04    b4    6    ok
  28.539   50.7ms  21>20     64    00    7    ok
  28.539   50.7ms  20>21     64    00    6    ok
  28.539   50.7ms  21>20     61    00    5    ok
  28.590  306.9ms  3e>22     01    33    1    ok
  28.590  306.9ms  22>3e     04    33    4    ok
  28.590   51.0ms  21>20     61    00    5    ok
  28.641  102.1ms  3e>20     01    b4    1    ok
  28.641  102.1ms  20>3e     04    b4    6    ok
  28.641  102.1ms  21>20     64    00    7    ok
  28.641  102.1ms  20>21     64    00    6    ok
  28.641  204.9ms  21>20     65    00    5    ok
  28.692  102.1ms  21>20     61    00    5    ok
  28.692  102.2ms  3e>22     01    33    1    ok
  28.692  102.1ms  22>3e     04    33    4    ok
  28.742   50.3ms  21>20     61    00    5    ok
  28.743   50.3ms  3e>22     01    35    1    ok
  28.743   50.3ms  22>3e     04    35    2    ok
  28.743  101.4ms  21>20     64    00    7    ok
  28.795  153.3ms  20>21     64    00    6    ok
  28.795  153.4ms  21>20     65    00    5    ok
  28.795   52.1ms  21>20     61    00    5    ok
  28.846  204.5ms  3e>20     01    da    1    ok
  28.846  204.6ms  20>3e     04    da    12   ok
  28.846  103.2ms  21>20     64    00    7    ok
  28.846   51.2ms  20>21     64    00    6    ok
  28.846   51.2ms  21>20     65    00    5    ok
  28.897   51.1ms  21>20     65    00    5    ok
  28.897    0.0ms  21>20     65    00    5    ok
  28.897  102.4ms  21>20     61    00    5    ok
  28.948  102.7ms  3e>20     01    da    1    ok
  28.948  102.7ms  20>3e     04    da    12   ok
  28.948   51.5ms  21>20     61    00    5    ok
  28.999   50.6ms  3e>20     01    75    1    ok
  28.999   50.6ms  20>3e     04    75    2    ok
  28.999   50.6ms  21>20     61    00    5    ok
  28.999    0.1ms  3e>20     01    b4    1    ok
  29.050   50.9ms  20>3e     04    b4    6    ok
  29.050  204.2ms  21>20     64    00    7    ok
  29.050  204.2ms  20>21     64    00    6    ok
  29.050   50.9ms  21>20     61    00    5    ok
  29.100  101.4ms  3e>20     01    75    1    ok
  29.100   50.6ms  20>3e     04    75    2    ok
  29.100   50.5ms  21>20     61    00    5    ok
  29.100  357.9ms  3e>22     01    33    1    ok
  29.152  409.2ms  22>3e     04    33    4    ok
  29.152   51.4ms  21>20     61    00    5    ok
  29.152   51.5ms  3e>20     01    b4    1    ok
  29.152   51.4ms  20>3e     04    b4    6    ok
  29.203  153.1ms  21>20     64    00    7    ok
  29.203  153.2ms  20>21     64    00    6    ok
  29.203  306.2ms  21>20     65    00    5    ok
  29.203   51.3ms  21>20     61    00    5    ok
  29.256  155.6ms  3e>22     01    33    1    ok
  29.256  104.4ms  22>3e     04    33    4    ok
  29.256   53.0ms  21>20     61    00    5    ok
  29.308   51.8ms  3e>22     01    35    1    ok
  29.308   51.7ms  22>3e     04    35    2    ok
  29.308  104.9ms  21>20     64    00    7    ok
  29.308  104.8ms  20>21     64    00    6    ok
  29.308  104.8ms  21>20     65    00    5    ok
  29.358  101.9ms  21>20     61    00    5    ok
  29.358   50.2ms  3e>22     01    35    1    ok
  29.358   50.2ms  22>3e     04    35    2    ok
  29.358    0.1ms  21>20     61    00    5    ok
  29.409  257.2ms  3e>20     01    da    1    ok
  29.409  257.2ms  20>3e     04    da    12   ok
  29.409  101.2ms  21>20     64    00    7    ok
  29.409  101.2ms  20>21     64    00    6    ok
  29.460  151.7ms  21>20     65    00    5    ok
  29.460  101.6ms  21>20     61    00    5    ok
  29.460   50.7ms  3e>20     01    da    1    ok
  29.510  100.9ms  20>3e     04    da    12   BAD
  29.510   50.4ms  3e>20     01    b4    1    ok
  29.510    0.1ms  20>3e     04    b4    6    ok
  29.561  151.6ms  21>20     64    00    7    ok
  29.561  151.6ms  20>21     64    00    6    ok
  29.561  101.1ms  21>20     65    00    5    ok
  29.561  101.1ms  21>20     61    00    5    ok
  29.613  254.5ms  3e>22     01    33    1    ok
  29.613  254.6ms  22>3e     04    33    4    ok
  29.613   51.9ms  21>20     61    00    5    ok
  29.664  153.8ms  3e>20     01    b4    1    ok
  29.664  153.9ms  20>3e     04    b4    6    ok
  29.664  103.2ms  21>20     64    00    7    ok
  29.664  103.2ms  20>21     64    00    6    ok
  29.664  103.2ms  21>20     65    00    5    ok
  29.715  102.5ms  21>20     61    00    5    ok
  29.715  102.6ms  3e>22     01    33    1    ok
  29.715  102.6ms  22>3e     04    33    4    ok
  29.765   50.3ms  21>20     61    00    5    ok
  29.765   50.3ms  3e>22     01    35    1    ok
  29.766   50.3ms  22>3e     04    35    2    ok
  29.766  101.6ms  21>20     64    00    7    ok
  29.766  101.6ms  20>21     64    00    6    ok
  29.818  153.8ms  21>20     65    00    5    ok
  29.818   52.2ms  21>20     61    00    5    ok
  29.868  103.0ms  3e>22     01    35    1    ok
  29.869  103.0ms  22>3e     04    35    2    ok
  29.869   50.8ms  21>20     61    00    5    ok
  29.869  204.7ms  3e>20     01    da    1    ok
  29.869  204.7ms  20>3e     04    da    12   ok
  29.919  153.2ms  21>20     64    00    7    ok
  29.919  153.2ms  20>21     64    00    6    ok
  29.919  101.1ms  21>20     65    00    5    ok
  29.919    0.0ms  21>20     65    00    5    ok
  29.970  101.3ms  21>20     61    00    5    ok
  29.970  101.4ms  3e>20     01    b4    1    ok
  29.970  101.4ms  20>3e     04    b4    6    ok
  30.020  101.5ms  21>20     64    00    7    ok
  30.020  101.5ms  20>21     64    00    6    ok
  30.020  101.5ms  21>20     65    00    5    ok
  30.020    0.0ms  21>20     65    00    5    ok
  30.071  101.2ms  21>20     61    00    5    ok
  30.071  202.6ms  3e>22     01    33    1    ok
  30.071  202.6ms  22>3e     04    33    4    ok
  30.122   50.7ms  21>20     61    00    5    ok
  30.122  151.8ms  3e>20     01    b4    1    ok
  30.122  151.8ms  20>3e     04    b4    6    ok
  30.122  101.6ms  21>20     64    00    7    ok
  30.172  151.9ms  20>21     64    00    6    ok
  30.172  151.9ms  21>20     65    00    5    ok
  30.172   50.5ms  21>20     61    00    5    ok
  30.223  152.1ms  3e>22     01    33    1    ok
  30.223  152.2ms  22>3e     04    33    4    ok
  30.223   51.1ms  21>20     61    00    5    ok
  30.223    0.1ms  3e>22     01    35    1    ok
  30.275   51.6ms  22>3e     04    35    2    ok
  30.275   51.6ms  21>20     61    00    5    ok
  30.275  153.1ms  3e>20     01    da    1    ok
  30.275  153.1ms  20>3e     04    da    12   ok
  30.326  204.0ms  21>20     64    00    7    ok
  30.326  153.7ms  20>21     64    00    6    ok
  30.326  153.7ms  21>20     65    00    5    ok
  30.326    0.0ms  21>20     65    00    5    ok
  30.376   50.3ms  21>20     65    00    5    ok
  30.376  101.4ms  21>20     61    00    5    ok
  30.427  152.3ms  3e>20     01    b0    1    ok
  30.427  152.3ms  20>3e     04    b0    52   ok
  30.427  101.4ms  21>20     64    00    7    ok
  30.427  101.3ms  20>21     64    00    6    ok
  30.427   51.0ms  21>20     61    00    5    ok
  30.479   52.1ms  3e>20     01    25    1    ok
  30.479   52.1ms  20>3e     04    25    2    ok
  30.479   52.1ms  21>20     64    00    7    ok
  30.479   52.1ms  20>21     64    00    6    ok
  30.479  103.1ms  21>20     65    00    5    ok
  30.531   51.5ms  21>20     65    00    5    ok
  30.531  103.7ms  21>20     61    00    5    ok
  30.581  102.2ms  3e>20     01    75    1    ok
  30.581  102.2ms  20>3e     04    75    2    ok
  30.581   50.6ms  21>20     61    00    5    ok
  30.582    0.1ms  3e>20     01    da    1    ok
  30.633   51.7ms  20>3e     04    da    12   BAD
  30.633   51.7ms  3e>20     01    b4    1    ok
  30.633    0.0ms  20>3e     04    b4    6    ok
  30.684  205.0ms  21>20     64    00    7    ok
  30.684  205.0ms  20>21     64    00    6    ok
  30.684  102.8ms  21>20     61    00    5    ok
  30.684  461.1ms  3e>22     01    33    1    ok
  30.736  461.5ms  22>3e     04    33    4    ok
  30.736   52.0ms  21>20     61    00    5    ok
  30.736  103.2ms  3e>20     01    b4    1    ok
  30.736  103.2ms  20>3e     04    b4    6    ok
  30.787  102.5ms  21>20     64    00    7    ok
  30.787  102.5ms  20>21     64    00    6    ok
  30.787   50.5ms  21>20     61    00    5    ok
  30.787  102.5ms  3e>22     01    35    1    ok
  30.787   50.6ms  22>3e     04    35    2    ok
  30.837   50.4ms  21>20     61    00    5    ok
  30.837   50.4ms  3e>22     01    33    1    ok
  30.837   50.4ms  22>3e     04    33    4    ok
  30.889  102.4ms  21>20     64    00    7    ok
  30.889  102.4ms  20>21     64    00    6    ok
  30.889  358.4ms  21>20     65    00    5    ok
  30.889   52.0ms  21>20     61    00    5    ok
  30.939  203.1ms  3e>20     01    da    1    ok
  30.940  203.1ms  20>3e     04    da    12   ok
  30.940   50.3ms  21>20     61    00    5    ok
  30.940  102.2ms  3e>22     01    31    1    ok
  30.992  154.6ms  22>3e     04    31    2    ok
  30.992  102.8ms  21>20     64    00    7    ok
  30.992  102.8ms  20>21     64    00    6    ok
  30.992  102.8ms  21>20     65    00    5    ok
  31.042   50.2ms  21>20     65    00    5    ok
  31.042    0.0ms  21>20     65    00    5    ok
  31.042    0.0ms  21>20     65    00    5    ok
  31.092  152.9ms  21>20     61    00    5    ok
  31.092  153.0ms  3e>20     01    b4    1    ok
  31.092  152.9ms  20>3e     04    b4    6    ok
  31.143   50.4ms  21>20     61    00    5    ok
  31.143   50.4ms  3e>20     01    b4    1    ok
  31.143   50.4ms  20>3e     04    b4    6    ok
  31.143    0.1ms  21>20     61    00    5    ok
  31.196  256.5ms  3e>22     01    33    1    ok
  31.196  204.1ms  22>3e     04    33    4    ok
  31.196   53.2ms  21>20     61    00    5    ok
  31.247   50.7ms  3e>22     01    33    1    ok
  31.247   50.7ms  22>3e     04    33    4    ok
  31.247  254.7ms  21>20     64    00    7    ok
  31.247  254.7ms  20>21     64    00    6    ok
  31.247  204.5ms  21>20     65    00    5    ok
  31.300  103.9ms  21>20     61    00    5    ok
  31.300   53.3ms  3e>22     01    35    1    ok
  31.300   53.3ms  22>3e     04    35    2    ok
  31.351  104.0ms  21>20     64    00    7    ok
  31.351  104.0ms  20>21     64    00    6    ok
  31.351  104.0ms  21>20     65    00    5    ok
  31.351    0.0ms  21>20     65    00    5    ok
  31.401  100.9ms  21>20     61    00    5    ok
  31.401  258.1ms  3e>20     01    da    1    ok
  31.401  258.1ms  20>3e     04    da    12   ok
  31.401    0.0ms  21>20     61    00    5    ok
  31.451   50.4ms  3e>20     01    da    1    ok
  31.451   50.4ms  20>3e     04    da    12   ok
  31.451  100.5ms  21>20     64    00    7    ok
  31.451  100.5ms  20>21     64    00    6    ok
  31.501  150.7ms  21>20     65    00    5    ok
  31.502    0.0ms  21>20     65    00    5    ok
  31.502    0.0ms  21>20     65    00    5    ok
  31.554   52.8ms  21>20     65    00    5    ok
  31.554  153.5ms  21>20     61    00    5    ok
  31.605  154.1ms  3e>20     01    75    1    ok
  31.605  154.1ms  20>3e     04    75    2    ok
  31.605   51.0ms  21>20     61    00    5    ok
  31.605    0.0ms  21>20     61    00    5    ok
  31.657   51.6ms  3e>20     01    b4    1    ok
  31.657   51.6ms  20>3e     04    b4    6    ok
  31.657   51.6ms  21>20     61    00    5    ok
  31.707   50.6ms  3e>20     01    b4    1    ok
  31.708   50.6ms  20>3e     04    b4    6    ok
  31.708   50.6ms  21>20     61    00    5    ok
  31.708  407.5ms  3e>22     01    33    1    ok
  31.708  407.5ms  22>3e     04    33    4    ok
  31.760   52.1ms  21>20     61    00    5    ok
  31.760   52.1ms  3e>22     01    33    1    ok
  31.760   52.1ms  22>3e     04    33    4    ok
  31.812  360.6ms  21>20     64    00    7    ok
  31.812  360.7ms  20>21     64    00    6    ok
  31.812  257.6ms  21>20     65    00    5    ok
  31.812   52.4ms  21>20     61    00    5    ok
  31.862  102.7ms  3e>22     01    35    1    ok
  31.862  102.7ms  22>3e     04    35    2    ok
  31.862   50.4ms  21>20     64    00    7    ok
  31.862   50.4ms  20>21     64    00    6    ok
  31.862   50.4ms  21>20     65    00    5    ok
  31.915   52.9ms  21>20     65    00    5    ok
  31.915  103.3ms  21>20     61    00    5    ok
  31.967  259.0ms  3e>20     01    da    1    ok
  31.967  259.0ms  20>3e     04    da    12   ok
  31.967   51.3ms  21>20     61    00    5    ok
  31.967    0.1ms  3e>20     01    da    1    ok
  32.018   51.4ms  20>3e     04    da    12   ok
  32.018  155.6ms  21>20     64    00    7    ok
  32.018  155.6ms  20>21     64    00    6    ok
  32.018  102.7ms  21>20     65    00    5    ok
  32.069   51.0ms  21>20     65    00    5    ok
  32.069    0.1ms  21>20     65    00    5    ok
  32.069    0.0ms  21>20     65    00    5    ok
  32.122  155.2ms  21>20     61    00    5    ok
  32.122  155.2ms  3e>20     01    b4    1    ok
  32.122  103.9ms  20>3e     04    b4    6    ok
  32.122    0.1ms  21>20     61    00    5    ok
  32.174  156.5ms  21>20     64    00    7    ok
  32.175  156.5ms  20>21     64    00    6    ok
  32.175   52.7ms  21>20     61    00    5    ok
  32.225  362.5ms  3e>22     01    33    1    ok
  32.225  362.5ms  22>3e     04    33    4    ok
  32.225   50.4ms  21>20     61    00    5    ok
  32.225    0.1ms  3e>22     01    33    1    ok
  32.275   50.6ms  22>3e     04    33    4    ok
  32.275   50.6ms  21>20     61    00    5    ok
  32.275   50.6ms  3e>22     01    35    1    ok
  32.275    0.0ms  22>3e     04    35    2    ok
  32.326   50.9ms  21>20     61    00    5    ok
  32.326   50.9ms  3e>22     01    35    1    ok
  32.326   50.9ms  22>3e     04    35    2    ok
  32.326  152.0ms  21>20     64    00    7    ok
  32.377  202.2ms  20>21     64    00    6    ok
  32.377  307.7ms  21>20     65    00    5    ok
  32.377    0.0ms  21>20     65    00    5    ok
  32.428   50.8ms  21>20     65    00    5    ok
  32.428  101.3ms  21>20     61    00    5    ok
  32.428  305.9ms  3e>20     01    da    1    ok
  32.428  305.9ms  20>3e     04    da    12   ok
  32.478  151.5ms  21>20     64    00    7    ok
  32.478  101.2ms  20>21     64    00    6    ok
  32.478   50.3ms  21>20     65    00    5    ok
  32.529   51.5ms  21>20     65    00    5    ok
  32.529    0.1ms  21>20     65    00    5    ok
  32.529  101.8ms  21>20     61    00    5    ok
  32.582  154.5ms  3e>20     01    b4    1    ok
  32.582  154.5ms  20>3e     04    b4    6    ok
  32.582   52.7ms  21>20     61    00    5    ok
  32.582    0.0ms  3e>20     01    b4    1    ok
  32.632   50.3ms  20>3e     04    b4    6    ok
  32.632   50.3ms  21>20     61    00    5    ok
  32.633  306.1ms  3e>22     01    33    1    ok
  32.633  306.1ms  22>3e     04    33    4    ok
  32.683   50.5ms  21>20     61    00    5    ok
  32.683   50.5ms  3e>22     01    33    1    ok
  32.683   50.5ms  22>3e     04    33    4    ok
  32.683  205.2ms  21>20     64    00    7    ok
  32.734  256.2ms  20>21     64    00    6    ok
  32.734  204.7ms  21>20     65    00    5    ok
  32.734   51.1ms  21>20     61    00    5    ok
  32.784  101.3ms  3e>22     01    35    1    ok
  32.784  101.3ms  22>3e     04    35    2    ok
  32.784   50.2ms  21>20     61    00    5    ok
  32.784    0.1ms  3e>22     01    35    1    ok
  32.837   53.0ms  22>3e     04    35    2    ok
  32.837  154.3ms  21>20     64    00    7    ok
  32.837  103.3ms  20>21     64    00    6    ok
  32.837  103.3ms  21>20     65    00    5    ok
  32.889  104.2ms  21>20     61    00    5    ok
  32.889  306.4ms  3e>20     01    da    1    ok
  32.889  256.2ms  20>3e     04    da    12   ok
  32.889    0.1ms  21>20     61    00    5    ok
  32.941  156.8ms  3e>22     01    40    1    ok
  32.941  103.9ms  21>20     64    00    7    ok
  32.941  103.9ms  22>3e     04    40    30   ok
  32.941  103.9ms  20>21     64    00    6    ok
  32.992  154.4ms  21>20     65    00    5    ok
  32.992    0.0ms  21>20     65    00    5    ok
  32.992    0.0ms  21>20     65    00    5    ok
  33.042  153.8ms  21>20     61    00    5    ok
  33.042  153.9ms  3e>20     01    75    1    ok
  33.043  153.9ms  20>3e     04    75    2    ok
  33.093   50.7ms  21>20     61    00    5    ok
  33.093   50.7ms  3e>20     01    da    1    ok
  33.093   50.7ms  20>3e     04    da    12   ok
  33.093    0.1ms  21>20     61    00    5    ok
  33.143   50.1ms  3e>20     01    b4    1    ok
  33.143   50.2ms  20>3e     04    b4    6    ok
  33.143  202.2ms  21>20     64    00    7    ok
  33.143  202.2ms  20>21     64    00    6    ok
  33.143   50.2ms  21>20     61    00    5    ok
  33.196  254.9ms  3e>22     01    33    1    ok
  33.196  254.9ms  22>3e     04    33    4    ok
  33.196   52.7ms  21>20     61    00    5    ok
  33.247  103.3ms  3e>20     01    b4    1    ok
  33.247  103.3ms  20>3e     04    b4    6    ok
  33.247  103.3ms  21>20     64    00    7    ok
  33.247  103.3ms  20>21     64    00    6    ok
  33.247  254.9ms  21>20     65    00    5    ok
  33.297  100.9ms  21>20     61    00    5    ok
  33.297  101.0ms  3e>22     01    35    1    ok
  33.297  101.0ms  22>3e     04    35    2    ok
  33.348   50.9ms  21>20     61    00    5    ok
  33.348   50.9ms  3e>22     01    33    1    ok
  33.348   50.9ms  22>3e     04    33    4    ok
  33.348  101.3ms  21>20     64    00    7    ok
  33.400  152.8ms  20>21     64    00    6    ok
  33.400  152.8ms  21>20     65    00    5    ok
  33.400   51.6ms  21>20     61    00    5    ok
  33.450  203.1ms  3e>20     01    da    1    ok
  33.450  203.1ms  20>3e     04    da    12   ok
  33.450   50.2ms  21>20     61    00    5    ok
  33.450  101.8ms  3e>22     01    31    1    ok
  33.450  101.8ms  22>3e     04    31    2    ok
  33.501   50.9ms  21>20     61    00    5    ok
  33.501   51.0ms  3e>20     01    da    1    ok
  33.501   51.0ms  20>3e     04    da    12   ok
  33.553  204.6ms  21>20     64    00    7    ok
  33.553  153.1ms  20>21     64    00    6    ok
  33.553  153.1ms  21>20     65    00    5    ok
  33.553   52.0ms  21>20     61    00    5    ok
  33.603  102.2ms  3e>20     01    b4    1    ok
  33.603  102.2ms  20>3e     04    b4    6    ok
  33.603   50.3ms  21>20     61    00    5    ok
  33.653   50.4ms  3e>20     01    b4    1    ok
  33.653   50.4ms  20>3e     04    b4    6    ok
  33.653   50.4ms  21>20     61    00    5    ok
  33.653  203.5ms  3e>22     01    33    1    ok
  33.653  203.6ms  22>3e     04    33    4    ok
  33.704   51.1ms  21>20     61    00    5    ok
  33.705   51.1ms  3e>22     01    33    1    ok
  33.705   51.1ms  22>3e     04    33    4    ok
  33.705  151.9ms  21>20     64    00    7    ok
  33.757  204.6ms  20>21     64    00    6    ok
  33.757  204.6ms  21>20     65    00    5    ok
  33.757   52.8ms  21>20     61    00    5    ok
  33.808  103.7ms  3e>22     01    35    1    ok
  33.808  103.7ms  22>3e     04    35    2    ok
  33.808   51.0ms  21>20     61    00    5    ok
  33.808    0.1ms  3e>22     01    35    1    ok
  33.860   51.2ms  22>3e     04    35    2    ok
  33.860  155.0ms  21>20     64    00    7    ok
  33.860  102.3ms  20>21     64    00    6    ok
  33.860   51.3ms  21>20     61    00    5    ok
  33.910  256.8ms  3e>20     01    da    1    ok
  33.910  256.8ms  20>3e     04    da    12   ok
  33.910   50.6ms  21>20     61    00    5    ok
  33.910    0.1ms  3e>20     01    da    1    ok
  33.910    0.0ms  20>3e     04    da    12   ok
  33.964  104.1ms  21>20     64    00    7    ok
  33.964  104.1ms  20>21     64    00    6    ok
  33.964  206.4ms  21>20     65    00    5    ok
  34.014   50.1ms  21>20     65    00    5    ok
  34.014    0.0ms  21>20     65    00    5    ok
  34.014    0.0ms  21>20     65    00    5    ok
  34.065  154.6ms  21>20     61    00    5    ok
  34.065  154.6ms  3e>20     01    75    1    ok
  34.065  154.6ms  20>3e     04    75    2    ok
  34.065    0.0ms  21>20     61    00    5    ok
  34.117   51.9ms  3e>20     01    75    1    ok
  34.117   52.0ms  20>3e     04    75    2    ok
  34.117   52.0ms  21>20     61    00    5    ok
  34.167   50.7ms  3e>20     01    b4    1    ok
  34.167   50.7ms  20>3e     04    b4    6    ok
  34.167   50.7ms  21>20     61    00    5    ok
  34.167    0.1ms  3e>20     01    b4    1    ok
  34.219   51.9ms  20>3e     04    b4    6    ok
  34.219   51.9ms  21>20     61    00    5    ok
  34.219  411.0ms  3e>22     01    33    1    ok
  34.219  359.8ms  22>3e     04    33    4    ok
  34.270   51.2ms  21>20     61    00    5    ok
  34.270   51.2ms  3e>22     01    33    1    ok
  34.271   51.2ms  22>3e     04    33    4    ok
  34.271    0.1ms  21>20     61    00    5    ok
  34.323   52.5ms  3e>22     01    35    1    ok
  34.323   52.6ms  22>3e     04    35    2    ok
  34.323   52.6ms  21>20     61    00    5    ok
  34.378   54.7ms  3e>22     01    35    1    ok
  34.378   54.7ms  22>3e     04    35    2    ok
  34.378  414.1ms  21>20     64    00    7    ok
  34.378  414.1ms  20>21     64    00    6    ok
  34.431  417.5ms  21>20     65    00    5    ok
  34.431  108.3ms  21>20     61    00    5    ok
  34.483  315.7ms  3e>20     01    da    1    ok
  34.483  263.9ms  20>3e     04    da    12   ok
  34.483  105.4ms  21>20     64    00    7    ok
  34.483  105.4ms  20>21     64    00    6    ok
  34.483   51.8ms  21>20     65    00    5    ok
  34.533   50.3ms  21>20     65    00    5    ok
  34.534    0.0ms  21>20     65    00    5    ok
  34.534    0.0ms  21>20     65    00    5    ok
  34.584  152.7ms  21>20     61    00    5    ok
  34.584  101.1ms  3e>20     01    b4    1    ok
  34.584  101.0ms  20>3e     04    b4    6    ok
  34.635   50.6ms  21>20     61    00    5    ok
  34.635   50.7ms  3e>20     01    b4    1    ok
  34.635   50.7ms  20>3e     04    b4    6    ok
  34.635    0.1ms  21>20     61    00    5    ok
  34.685  307.5ms  3e>22     01    33    1    ok
  34.685  307.5ms  22>3e     04    33    4    ok
  34.685   50.5ms  21>20     61    00    5    ok
  34.736   50.5ms  3e>22     01    33    1    ok
  34.736   50.6ms  22>3e     04    33    4    ok
  34.736  252.7ms  21>20     64    00    7    ok
  34.736  252.7ms  20>21     64    00    6    ok
  34.736   50.6ms  21>20     61    00    5    ok
  34.787   51.5ms  3e>22     01    35    1    ok
  34.787   51.5ms  22>3e     04    35    2    ok
  34.787   51.4ms  21>20     61    00    5    ok
  34.839   51.4ms  3e>22     01    35    1    ok
  34.839   51.4ms  22>3e     04    35    2    ok
  34.839  102.8ms  21>20     64    00    7    ok
  34.839  102.8ms  20>21     64    00    6    ok
  34.839  305.2ms  21>20     65    00    5    ok
  34.889  102.1ms  21>20     61    00    5    ok
  34.889  254.7ms  3e>20     01    da    1    ok
  34.889  254.7ms  20>3e     04    da    12   ok
  34.940   50.7ms  21>20     61    00    5    ok
  34.940   50.7ms  3e>20     01    da    1    ok
  34.940   50.7ms  20>3e     04    da    12   ok
  34.940  101.5ms  21>20     64    00    7    ok
  34.940  101.5ms  20>21     64    00    6    ok
  34.993  154.1ms  21>20     65    00    5    ok
  34.993    0.0ms  21>20     65    00    5    ok
  34.993    0.0ms  21>20     65    00    5    ok
  35.044  103.7ms  21>20     61    00    5    ok
  35.044  103.6ms  3e>20     01    b4    1    ok
  35.044  103.6ms  20>3e     04    b4    6    ok
  35.094   50.1ms  21>20     61    00    5    ok
  35.094   50.1ms  3e>20     01    b4    1    ok
  35.094   50.1ms  20>3e     04    b4    6    ok
  35.094    0.0ms  21>20     61    00    5    ok
  35.146  307.3ms  3e>22     01    33    1    ok
  35.146  307.3ms  22>3e     04    33    4    ok
  35.146   52.1ms  21>20     61    00    5    ok
  35.197   50.9ms  3e>22     01    33    1    ok
  35.197   50.9ms  22>3e     04    33    4    ok
  35.197  256.7ms  21>20     64    00    7    ok
  35.197  256.7ms  20>21     64    00    6    ok
  35.197  204.1ms  21>20     65    00    5    ok
  35.248  102.5ms  21>20     61    00    5    ok
  35.249   51.7ms  3e>22     01    35    1    ok
  35.249   51.7ms  22>3e     04    35    2    ok
  35.299   50.4ms  21>20     61    00    5    ok
  35.299   50.4ms  3e>22     01    35    1    ok
  35.299   50.4ms  22>3e     04    35    2    ok
  35.299  102.1ms  21>20     64    00    7    ok
  35.299  102.0ms  20>21     64    00    6    ok
  35.353  155.9ms  21>20     65    00    5    ok
  35.353   53.9ms  21>20     61    00    5    ok
  35.403  309.2ms  3e>20     01    da    1    ok
  35.403  309.2ms  20>3e     04    da    12   ok
  35.403   50.3ms  21>20     61    00    5    ok
  35.403    0.1ms  3e>20     01    b0    1    ok
  35.403    0.0ms  20>3e     04    b0    52   ok
  35.454  154.6ms  21>20     64    00    7    ok
  35.454  154.7ms  20>21     64    00    6    ok
  35.454  100.9ms  21>20     65    00    5    ok
  35.454    0.0ms  21>20     65    00    5    ok
  35.506   51.9ms  21>20     65    00    5    ok
  35.506  102.5ms  21>20     61    00    5    ok
  35.556  153.2ms  3e>20     01    25    1    ok
  35.556  153.2ms  20>3e     04    25    2    ok
  35.556   50.8ms  21>20     61    00    5    ok
  35.556    0.1ms  3e>20     01    32    1    ok
  35.609   52.5ms  20>3e     04    32    8    ok
  35.609   52.5ms  21>20     61    00    5    ok
  35.609   52.5ms  3e>20     01    75    1    ok
  35.609    0.0ms  20>3e     04    75    2    ok
  35.659  205.6ms  21>20     64    00    7    ok
  35.659  205.6ms  20>21     64    00    6    ok
  35.659   50.4ms  21>20     61    00    5    ok
  35.659   50.4ms  3e>20     01    7b    1    ok
  35.710  101.3ms  20>3e     04    7b    6    ok
  35.710   51.0ms  21>20     64    00    7    ok
  35.710   51.0ms  20>21     64    00    6    ok
  35.710  204.6ms  21>20     65    00    5    ok
  35.760   50.1ms  21>20     65    00    5    ok
  35.760  101.1ms  21>20     61    00    5    ok
  35.760  101.1ms  3e>20     01    76    1    ok
  35.814  103.4ms  20>3e     04    76    2    ok
  35.814  103.4ms  21>20     64    00    7    ok
  35.814  103.4ms  20>21     64    00    6    ok
  35.814   53.3ms  21>20     65    00    5    ok
  35.865  104.8ms  21>20     61    00    5    ok
  35.865  104.8ms  3e>20     01    3b    1    ok
  35.865   51.7ms  20>3e     04    3b    2    ok
  35.865    0.1ms  21>20     61    00    5    ok
  35.916   50.5ms  3e>20     01    da    1    ok
  35.916   50.5ms  20>3e     04    da    12   ok
  35.916   50.5ms  21>20     61    00    5    ok
  35.916    0.1ms  3e>20     01    b4    1    ok
  35.967   51.7ms  20>3e     04    b4    6    ok
  35.967  153.9ms  21>20     64    00    7    ok
  35.968  153.9ms  20>21     64    00    6    ok
  35.968  153.9ms  21>20     65    00    5    ok
  36.018  102.7ms  21>20     61    00    5    ok
  36.019  719.6ms  3e>22     01    33    1    ok
  36.019  719.6ms  22>3e     04    33    4    ok
  36.019    0.1ms  21>20     61    00    5    ok
  36.069  153.2ms  3e>20     01    b4    1    ok
  36.069  101.6ms  20>3e     04    b4    6    ok
  36.069  101.6ms  21>20     64    00    7    ok
  36.069  101.6ms  20>21     64    00    6    ok
  36.119  151.7ms  21>20     65    00    5    ok
  36.119  100.7ms  21>20     61    00    5    ok
  36.119  100.7ms  3e>22     01    35    1    ok
  36.171  152.1ms  22>3e     04    35    2    ok
  36.171   51.5ms  21>20     61    00    5    ok
  36.171   51.5ms  3e>22     01    33    1    ok
  36.171    0.1ms  22>3e     04    33    4    ok
  36.221  152.0ms  21>20     64    00    7    ok
  36.221  152.1ms  20>21     64    00    6    ok
  36.221  102.0ms  21>20     65    00    5    ok
  36.221   50.5ms  21>20     61    00    5    ok
  36.274  205.1ms  3e>20     01    da    1    ok
  36.274  205.1ms  20>3e     04    da    12   ok
  36.274   53.0ms  21>20     61    00    5    ok
  36.327  155.9ms  3e>22     01    31    1    ok
  36.327  155.9ms  22>3e     04    31    2    ok
  36.327  105.5ms  21>20     64    00    7    ok
  36.327  105.5ms  20>21     64    00    6    ok
  36.327  105.5ms  21>20     65    00    5    ok
  36.377   50.6ms  21>20     65    00    5    ok
  36.377  103.1ms  21>20     61    00    5    ok
  36.377  103.2ms  3e>20     01    b4    1    ok
  36.428  153.5ms  20>3e     04    b4    6    ok
  36.428   50.5ms  21>20     61    00    5    ok
  36.428   50.5ms  3e>20     01    b4    1    ok
  36.428    0.1ms  20>3e     04    b4    6    ok
  36.478  151.8ms  21>20     64    00    7    ok
  36.478  151.8ms  20>21     64    00    6    ok
  36.478   50.7ms  21>20     61    00    5    ok
  36.478  151.9ms  3e>22     01    33    1    ok
  36.529  202.8ms  22>3e     04    33    4    ok
  36.529   50.9ms  21>20     61    00    5    ok
  36.529   50.9ms  3e>22     01    33    1    ok
  36.529    0.0ms  22>3e     04    33    4    ok
  36.580  101.9ms  21>20     64    00    7    ok
  36.580  101.9ms  20>21     64    00    6    ok
  36.580  203.1ms  21>20     65    00    5    ok
  36.580   50.9ms  21>20     61    00    5    ok
  36.633  103.8ms  3e>22     01    35    1    ok
  36.633  103.8ms  22>3e     04    35    2    ok
  36.633   52.9ms  21>20     61    00    5    ok
  36.684   50.4ms  3e>22     01    35    1    ok
  36.684   50.4ms  22>3e     04    35    2    ok
  36.684   50.4ms  21>20     61    00    5    ok
  36.684  255.9ms  3e>20     01    da    1    ok
  36.684  255.9ms  20>3e     04    da    12   ok
  36.735   51.0ms  21>20     61    00    5    ok
  36.735   51.0ms  3e>20     01    da    1    ok
  36.735   51.0ms  20>3e     04    da    12   ok
  36.786  205.8ms  21>20     64    00    7    ok
  36.786  205.8ms  20>21     64    00    6    ok
  36.786  205.9ms  21>20     65    00    5    ok
  36.786    0.0ms  21>20     65    00    5    ok
  36.836   50.1ms  21>20     65    00    5    ok
  36.836    0.1ms  21>20     65    00    5    ok
  36.836  101.7ms  21>20     61    00    5    ok
  36.888  153.3ms  3e>20     01    75    1    ok
  36.888  153.4ms  20>3e     04    75    2    ok
  36.888   51.7ms  21>20     61    00    5    ok
  36.939   50.6ms  3e>20     01    75    1    ok
  36.939   50.6ms  20>3e     04    75    2    ok
  36.939   50.6ms  21>20     61    00    5    ok
  36.939    0.1ms  3e>20     01    b4    1    ok
  36.991   52.7ms  20>3e     04    b4    6    ok
  36.991   52.7ms  21>20     61    00    5    ok
  36.991   52.7ms  3e>20     01    b4    1    ok
  36.991    0.1ms  20>3e     04    b4    6    ok
  37.042  255.4ms  21>20     64    00    7    ok
  37.042  255.4ms  20>21     64    00    6    ok
  37.042   50.2ms  21>20     61    00    5    ok
  37.042  358.1ms  3e>22     01    33    1    ok
  37.042  358.0ms  22>3e     04    33    4    ok
  37.094   52.7ms  21>20     64    00    7    ok
  37.094   52.7ms  20>21     64    00    6    ok
  37.094  258.0ms  21>20     65    00    5    ok
  37.145   50.7ms  21>20     65    00    5    ok
  37.145  103.5ms  21>20     61    00    5    ok
  37.145  103.5ms  3e>22     01    35    1    ok
  37.145  103.5ms  22>3e     04    35    2    ok
  37.196   50.8ms  21>20     61    00    5    ok
  37.196   50.9ms  3e>22     01    35    1    ok
  37.196   50.9ms  22>3e     04    35    2    ok
  37.196    0.1ms  21>20     61    00    5    ok
  37.249  257.2ms  3e>20     01    da    1    ok
  37.249  257.3ms  20>3e     04    da    12   ok
  37.249   52.7ms  21>20     61    00    5    ok
  37.299   50.8ms  3e>20     01    da    1    ok
  37.299   50.8ms  20>3e     04    da    12   ok
  37.299  205.2ms  21>20     64    00    7    ok
  37.299  205.1ms  20>21     64    00    6    ok
  37.299  154.4ms  21>20     65    00    5    ok
  37.350   50.9ms  21>20     65    00    5    ok
  37.350    0.0ms  21>20     65    00    5    ok
  37.401   50.4ms  21>20     65    00    5    ok
  37.401  152.2ms  21>20     61    00    5    ok
  37.401  101.5ms  3e>20     01    b4    1    ok
  37.453  153.1ms  20>3e     04    b4    6    ok
  37.453   51.7ms  21>20     61    00    5    ok
  37.453   51.7ms  3e>20     01    b4    1    ok
  37.453    0.1ms  20>3e     04    b4    6    ok
  37.503  203.7ms  21>20     64    00    7    ok
  37.503  203.8ms  20>21     64    00    6    ok
  37.503   50.7ms  21>20     61    00    5    ok
  37.503  307.2ms  3e>22     01    33    1    ok
  37.503  307.2ms  22>3e     04    33    4    ok
  37.556   52.4ms  21>20     61    00    5    ok
  37.556   52.4ms  3e>22     01    33    1    ok
  37.556   52.4ms  22>3e     04    33    4    ok
  37.607   51.7ms  21>20     61    00    5    ok
  37.607   51.7ms  3e>22     01    35    1    ok
  37.607   51.7ms  22>3e     04    35    2    ok
  37.607    0.1ms  21>20     61    00    5    ok
  37.658   50.3ms  3e>22     01    35    1    ok
  37.658   50.3ms  22>3e     04    35    2    ok
  37.658  154.5ms  21>20     64    00    7    ok
  37.658  154.5ms  20>21     64    00    6    ok
  37.658  257.0ms  21>20     65    00    5    ok
  37.709  101.6ms  21>20     61    00    5    ok
  37.709  256.4ms  3e>20     01    da    1    ok
  37.709  256.4ms  20>3e     04    da    12   ok
  37.760   50.6ms  21>20     61    00    5    ok
  37.760   50.6ms  3e>20     01    da    1    ok
  37.760   50.6ms  20>3e     04    da    12   ok
  37.760  101.9ms  21>20     64    00    7    ok
  37.810  152.1ms  20>21     64    00    6    ok
  37.810  152.1ms  21>20     65    00    5    ok
  37.810    0.0ms  21>20     65    00    5    ok
  37.861   50.8ms  21>20     65    00    5    ok
  37.861    0.0ms  21>20     65    00    5    ok
  37.861  101.1ms  21>20     61    00    5    ok
  37.914  154.5ms  3e>20     01    b4    1    ok
  37.914  154.6ms  20>3e     04    b4    6    ok
  37.914   53.6ms  21>20     61    00    5    ok
  37.965   51.0ms  3e>20     01    b4    1    ok
  37.965   50.9ms  20>3e     04    b4    6    ok
  37.965  205.5ms  21>20     64    00    7    ok
  37.965  155.4ms  20>21     64    00    6    ok
  37.965   51.0ms  21>20     61    00    5    ok
  38.017  359.5ms  3e>22     01    33    1    ok
  38.017  359.4ms  22>3e     04    33    4    ok
  38.017   52.0ms  21>20     61    00    5    ok
  38.017    0.1ms  3e>22     01    33    1    ok
  38.070   52.6ms  22>3e     04    33    4    ok
  38.070  104.6ms  21>20     64    00    7    ok
  38.070  104.6ms  20>21     64    00    6    ok
  38.070  209.1ms  21>20     65    00    5    ok
  38.120  103.2ms  21>20     61    00    5    ok
  38.120  103.2ms  3e>22     01    35    1    ok
  38.120   50.7ms  22>3e     04    35    2    ok
  38.120   50.7ms  21>20     64    00    7    ok
  38.172  102.0ms  20>21     64    00    6    ok
  38.172  102.1ms  21>20     65    00    5    ok
  38.172   51.5ms  21>20     61    00    5    ok
  38.222  257.2ms  3e>20     01    da    1    ok
  38.222  257.2ms  20>3e     04    da    12   ok
  38.222   50.6ms  21>20     61    00    5    ok
  38.222    0.1ms  3e>20     01    da    1    ok
  38.276   53.8ms  20>3e     04    da    12   ok
  38.276  155.7ms  21>20     64    00    7    ok
  38.276  104.4ms  20>21     64    00    6    ok
  38.276  104.4ms  21>20     65    00    5    ok
  38.328   52.2ms  21>20     65    00    5    ok
  38.328    0.0ms  21>20     65    00    5    ok
  38.328    0.0ms  21>20     65    00    5    ok
  38.379  156.3ms  21>20     61    00    5    ok
  38.379  156.3ms  3e>20     01    b4    1    ok
  38.379  102.6ms  20>3e     04    b4    6    ok
  38.379    0.1ms  21>20     61    00    5    ok
  38.430   51.7ms  3e>20     01    b4    1    ok
  38.430   51.7ms  20>3e     04    b4    6    ok
  38.430  154.3ms  21>20     64    00    7    ok
  38.430  154.3ms  20>21     64    00    6    ok
  38.481  102.4ms  21>20     61    00    5    ok
  38.481  360.8ms  3e>22     01    33    1    ok
  38.481  360.8ms  22>3e     04    33    4    ok
  38.481    0.1ms  21>20     61    00    5    ok
  38.532   50.6ms  3e>22     01    33    1    ok
  38.532   50.6ms  22>3e     04    33    4    ok
  38.532  101.4ms  21>20     64    00    7    ok
  38.532  101.4ms  20>21     64    00    6    ok
  38.583  254.4ms  21>20     65    00    5    ok
  38.583    0.1ms  21>20     65    00    5    ok
  38.583  101.7ms  21>20     61    00    5    ok
  38.635  103.0ms  3e>22     01    35    1    ok
  38.635  103.0ms  22>3e     04    35    2    ok
  38.635  103.0ms  21>20     64    00    7    ok
  38.635  102.9ms  20>21     64    00    6    ok
  38.686  103.1ms  21>20     61    00    5    ok
  38.686  255.7ms  3e>20     01    da    1    ok
  38.686  255.7ms  20>3e     04    da    12   ok
  38.686    0.1ms  21>20     61    00    5    ok
  38.738   52.3ms  3e>20     01    da    1    ok
  38.738   52.3ms  20>3e     04    da    12   ok
  38.738  103.7ms  21>20     64    00    7    ok
  38.738  103.7ms  20>21     64    00    6    ok
  38.739  155.6ms  21>20     65    00    5    ok
  38.789   50.3ms  21>20     65    00    5    ok
  38.789    0.0ms  21>20     65    00    5    ok
  38.839   50.3ms  21>20     65    00    5    ok
  38.839  153.1ms  21>20     61    00    5    ok
  38.839  100.8ms  3e>20     01    b4    1    ok
  38.890  151.9ms  20>3e     04    b4    6    ok
  38.890  151.9ms  21>20     64    00    7    ok
  38.890  151.9ms  20>21     64    00    6    ok
  38.890   51.3ms  21>20     65    00    5    ok
  38.941   50.6ms  21>20     65    00    5    ok
  38.941  101.9ms  21>20     61    00    5    ok
  38.941  306.4ms  3e>22     01    33    1    ok
  38.992  357.6ms  22>3e     04    33    4    ok
  38.992   51.3ms  21>20     61    00    5    ok
  38.992   51.3ms  3e>22     01    33    1    ok
  38.992    0.0ms  22>3e     04    33    4    ok
  39.043   51.0ms  21>20     61    00    5    ok
  39.043   51.1ms  3e>22     01    35    1    ok
  39.043   51.1ms  22>3e     04    35    2    ok
  39.043    0.1ms  21>20     61    00    5    ok
  39.094   51.0ms  3e>22     01    35    1    ok
  39.094   51.0ms  22>3e     04    35    2    ok
  39.094  204.0ms  21>20     64    00    7    ok
  39.094  204.0ms  20>21     64    00    6    ok
  39.146  204.6ms  21>20     65    00    5    ok
  39.146    0.0ms  21>20     65    00    5    ok
  39.146    0.0ms  21>20     65    00    5    ok
  39.199  155.1ms  21>20     61    00    5    ok
  39.199  359.4ms  3e>20     01    da    1    ok
  39.199  308.2ms  20>3e     04    da    12   ok
  39.251  156.4ms  21>20     64    00    7    ok
  39.251  156.4ms  20>21     64    00    6    ok
  39.251  105.2ms  21>20     65    00    5    ok
  39.251    0.0ms  21>20     65    00    5    ok
  39.301   50.5ms  21>20     65    00    5    ok
  39.301    0.0ms  21>20     65    00    5    ok
  39.301  102.8ms  21>20     61    00    5    ok
  39.354  155.4ms  3e>20     01    75    1    ok
  39.354  155.4ms  20>3e     04    75    2    ok
  39.354   52.7ms  21>20     61    00    5    ok
  39.405   50.9ms  3e>20     01    75    1    ok
  39.405   50.9ms  20>3e     04    75    2    ok
  39.405   50.9ms  21>20     61    00    5    ok
  39.405    0.1ms  3e>20     01    b4    1    ok
  39.456   51.1ms  20>3e     04    b4    6    ok
  39.456   51.1ms  21>20     61    00    5    ok
  39.456  205.3ms  21>20     64    00    7    ok
  39.456  205.3ms  20>21     64    00    6    ok
  39.506   50.2ms  21>20     61    00    5    ok
  39.506  412.0ms  3e>22     01    33    1    ok
  39.506  412.0ms  22>3e     04    33    4    ok
  39.506    0.1ms  21>20     61    00    5    ok
  39.559   52.9ms  3e>22     01    33    1    ok
  39.559   52.9ms  22>3e     04    33    4    ok
  39.559   52.9ms  21>20     61    00    5    ok
  39.559    0.1ms  3e>22     01    35    1    ok
  39.611   51.5ms  22>3e     04    35    2    ok
  39.611   51.5ms  21>20     61    00    5    ok
  39.611   51.5ms  3e>22     01    35    1    ok
  39.611    0.0ms  22>3e     04    35    2    ok
  39.661  205.0ms  21>20     64    00    7    ok
  39.661  205.0ms  20>21     64    00    6    ok
  39.661  359.8ms  21>20     65    00    5    ok
  39.661    0.0ms  21>20     65    00    5    ok
  39.714   53.0ms  21>20     65    00    5    ok
  39.714  103.5ms  21>20     61    00    5    ok
  39.765  360.2ms  3e>20     01    da    1    ok
  39.765  309.2ms  20>3e     04    da    12   ok
  39.765  104.1ms  21>20     64    00    7    ok
  39.765  104.1ms  20>21     64    00    6    ok
  39.765   51.1ms  21>20     65    00    5    ok
  39.817   52.1ms  21>20     65    00    5    ok
  39.817    0.1ms  21>20     65    00    5    ok
  39.868   50.6ms  21>20     65    00    5    ok
  39.868  153.9ms  21>20     61    00    5    ok
  39.868  103.0ms  3e>20     01    b4    1    ok
  39.868  102.9ms  20>3e     04    b4    6    ok
  39.919   51.3ms  21>20     61    00    5    ok
  39.920   51.3ms  3e>20     01    b4    1    ok
  39.920   51.3ms  20>3e     04    b4    6    ok
  39.971  205.8ms  21>20     64    00    7    ok
  39.971  205.8ms  20>21     64    00    6    ok
  39.971   51.7ms  21>20     61    00    5    ok
  39.971  360.3ms  3e>22     01    33    1    ok
  40.021  410.6ms  22>3e     04    33    4    ok
  40.021   50.3ms  21>20     61    00    5    ok
  40.021   50.3ms  3e>22     01    33    1    ok
  40.021    0.1ms  22>3e     04    33    4    ok
  40.021   50.4ms  21>20     64    00    7    ok
  40.072  101.4ms  20>21     64    00    6    ok
  40.072  204.4ms  21>20     65    00    5    ok
  40.073   51.1ms  21>20     61    00    5    ok
  40.123  101.7ms  3e>22     01    35    1    ok
  40.123  101.7ms  22>3e     04    35    2    ok
  40.123  101.7ms  21>20     64    00    7    ok
  40.123   50.8ms  20>21     64    00    6    ok
  40.123   50.7ms  21>20     65    00    5    ok
  40.174  101.9ms  21>20     61    00    5    ok
  40.174  254.9ms  3e>20     01    da    1    ok
  40.174  254.9ms  20>3e     04    da    12   ok
  40.226   51.6ms  21>20     61    00    5    ok
  40.226   51.8ms  3e>20     01    da    1    ok
  40.226   51.8ms  20>3e     04    da    12   ok
  40.226  103.0ms  21>20     64    00    7    ok
  40.226  103.0ms  20>21     64    00    6    ok
  40.277  154.3ms  21>20     65    00    5    ok
  40.278    0.0ms  21>20     65    00    5    ok
  40.329   51.8ms  21>20     65    00    5    ok
  40.329    0.0ms  21>20     65    00    5    ok
  40.329  103.3ms  21>20     61    00    5    ok
  40.380  154.1ms  3e>20     01    b4    1    ok
  40.380  154.1ms  20>3e     04    b4    6    ok
  40.380   51.0ms  21>20     61    00    5    ok
  40.380    0.0ms  3e>20     01    b4    1    ok
  40.433   52.5ms  20>3e     04    b4    6    ok
  40.433  206.7ms  21>20     64    00    7    ok
  40.433  206.7ms  20>21     64    00    6    ok
  40.433   52.6ms  21>20     61    00    5    ok
  40.483  360.3ms  3e>22     01    33    1    ok
  40.484  360.3ms  22>3e     04    33    4    ok
  40.484   50.9ms  21>20     61    00    5    ok
  40.484   51.0ms  21>20     64    00    7    ok
  40.536  103.2ms  20>21     64    00    6    ok
  40.536  206.8ms  21>20     65    00    5    ok
  40.536    0.0ms  21>20     65    00    5    ok
  40.587   50.5ms  21>20     65    00    5    ok
  40.587  102.9ms  21>20     61    00    5    ok
  40.587  103.2ms  3e>22     01    35    1    ok
  40.641  157.1ms  22>3e     04    35    2    ok
  40.641  156.8ms  21>20     64    00    7    ok
  40.641  104.5ms  20>21     64    00    6    ok
  40.641   54.0ms  21>20     61    00    5    ok
  40.691  311.1ms  3e>20     01    da    1    ok
  40.691  258.6ms  20>3e     04    da    12   ok
  40.691   50.8ms  21>20     61    00    5    ok
  40.691    0.0ms  3e>20     01    b0    1    ok
  40.691    0.0ms  20>3e     04    b0    52   ok
  40.742  101.0ms  21>20     64    00    7    ok
  40.742  101.0ms  20>21     64    00    6    ok
  40.742  155.0ms  21>20     65    00    5    ok
  40.742    0.0ms  21>20     65    00    5    ok
  40.792   50.6ms  21>20     65    00    5    ok
  40.792    0.0ms  21>20     65    00    5    ok
  40.842  150.9ms  21>20     61    00    5    ok
  40.842  151.0ms  3e>20     01    da    1    ok
  40.842  151.0ms  20>3e     04    da    12   ok
  40.842  100.9ms  21>20     64    00    7    ok
  40.895  153.1ms  20>21     64    00    6    ok
  40.895  102.6ms  21>20     65    00    5    ok
  40.895    0.0ms  21>20     65    00    5    ok
  40.945  102.8ms  21>20     61    00    5    ok
  40.945  102.8ms  3e>20     01    b4    1    ok
  40.945  102.8ms  20>3e     04    b4    6    ok
  40.945  102.8ms  21>20     64    00    7    ok
  40.997  102.3ms  20>21     64    00    6    ok
  40.997   51.9ms  21>20     61    00    5    ok
  40.997   51.8ms  3e>20     01    b4    1    ok
  40.997   51.8ms  20>3e     04    b4    6    ok
  41.047   50.2ms  21>20     61    00    5    ok
  41.047  460.7ms  3e>22     01    33    1    ok
  41.047  406.8ms  22>3e     04    33    4    ok
  41.047  102.1ms  21>20     64    00    7    ok
  41.047   50.4ms  20>21     64    00    6    ok
  41.101  205.7ms  21>20     65    00    5    ok
  41.101    0.0ms  21>20     65    00    5    ok
  41.151  103.6ms  21>20     61    00    5    ok
  41.151  103.6ms  3e>22     01    35    1    ok
  41.151  103.5ms  22>3e     04    35    2    ok
  41.151  103.5ms  21>20     64    00    7    ok
  41.151  103.5ms  20>21     64    00    6    ok
  41.202   51.3ms  21>20     61    00    5    ok
  41.202   51.4ms  3e>22     01    35    1    ok
  41.202   51.4ms  22>3e     04    35    2    ok
  41.202    0.1ms  21>20     61    00    5    ok
  41.253  255.9ms  3e>20     01    da    1    ok
  41.253  255.9ms  20>3e     04    da    12   ok
  41.253  102.1ms  21>20     64    00    7    ok
  41.253  102.1ms  20>21     64    00    6    ok
  41.303  202.7ms  21>20     65    00    5    ok
  41.303  101.1ms  21>20     61    00    5    ok
  41.303   50.4ms  3e>20     01    da    1    ok
  41.356  103.2ms  20>3e     04    da    12   ok
  41.356  103.2ms  21>20     64    00    7    ok
  41.356  103.2ms  20>21     64    00    6    ok
  41.356   52.9ms  21>20     65    00    5    ok
  41.407  103.5ms  21>20     61    00    5    ok
  41.407  103.5ms  3e>20     01    b4    1    ok
  41.407   50.7ms  20>3e     04    b4    6    ok
  41.407   50.7ms  21>20     64    00    7    ok
  41.459  102.9ms  20>21     64    00    6    ok
  41.459  103.0ms  21>20     65    00    5    ok
  41.459    0.0ms  21>20     65    00    5    ok
  41.511  104.0ms  21>20     61    00    5    ok
  41.511  104.0ms  3e>20     01    b4    1    ok
  41.511  104.1ms  20>3e     04    b4    6    ok
  41.511    0.1ms  21>20     61    00    5    ok
  41.563  360.7ms  3e>22     01    33    1    ok
  41.563  360.7ms  22>3e     04    33    4    ok
  41.563  156.1ms  21>20     64    00    7    ok
  41.563  103.9ms  20>21     64    00    6    ok
  41.563  103.9ms  21>20     65    00    5    ok
  41.614  102.9ms  21>20     61    00    5    ok
  41.614   50.9ms  3e>22     01    35    1    ok
  41.614   50.9ms  22>3e     04    35    2    ok
  41.664  101.1ms  21>20     64    00    7    ok
  41.664  101.1ms  20>21     64    00    6    ok
  41.664   50.3ms  21>20     61    00    5    ok
  41.664   50.3ms  3e>22     01    35    1    ok
  41.715  100.8ms  22>3e     04    35    2    ok
  41.715   50.6ms  21>20     61    00    5    ok
  41.715  203.8ms  3e>20     01    da    1    ok
  41.715  203.8ms  20>3e     04    da    12   ok
  41.765  101.1ms  21>20     64    00    7    ok
  41.765  101.1ms  20>21     64    00    6    ok
  41.765  202.2ms  21>20     65    00    5    ok
  41.765   50.6ms  21>20     61    00    5    ok
  41.816  101.4ms  3e>20     01    da    1    ok
  41.816  101.5ms  20>3e     04    da    12   ok
  41.816   51.0ms  21>20     64    00    7    ok
  41.816   51.0ms  20>21     64    00    6    ok
  41.866  101.0ms  21>20     65    00    5    ok
  41.866  101.1ms  21>20     61    00    5    ok
  41.866   50.2ms  3e>20     01    75    1    ok
  41.866   50.2ms  20>3e     04    75    2    ok
  41.917  101.1ms  21>20     64    00    7    ok
  41.917  101.1ms  20>21     64    00    6    ok
  41.917   51.0ms  21>20     61    00    5    ok
  41.968  101.3ms  3e>20     01    b4    1    ok
  41.968  101.4ms  20>3e     04    b4    6    ok
  41.968   50.4ms  21>20     61    00    5    ok
  41.968    0.1ms  3e>20     01    75    1    ok
  42.019   50.9ms  20>3e     04    75    2    ok
  42.019  101.4ms  21>20     64    00    7    ok
  42.019  101.4ms  20>21     64    00    6    ok
  42.019   50.9ms  21>20     61    00    5    ok
  42.069  101.2ms  3e>20     01    b4    1    ok
  42.069   50.4ms  20>3e     04    b4    6    ok
  42.069   50.3ms  21>20     61    00    5    ok
  42.069  404.9ms  3e>22     01    33    1    ok
  42.069  354.4ms  22>3e     04    33    4    ok
  42.119   50.4ms  21>20     61    00    5    ok
  42.119   50.4ms  3e>22     01    35    1    ok
  42.119   50.4ms  22>3e     04    35    2    ok
  42.171  152.2ms  21>20     64    00    7    ok
  42.171  152.3ms  20>21     64    00    6    ok
  42.171  304.7ms  21>20     65    00    5    ok
  42.171    0.0ms  21>20     65    00    5    ok
  42.222  102.5ms  21>20     61    00    5    ok
  42.222  102.5ms  3e>22     01    35    1    ok
  42.222  102.5ms  22>3e     04    35    2    ok
  42.273   51.2ms  21>20     61    00    5    ok
  42.273  204.2ms  3e>20     01    da    1    ok
  42.273  204.1ms  20>3e     04    da    12   ok
  42.273  102.3ms  21>20     64    00    7    ok
  42.273  102.2ms  20>21     64    00    6    ok
  42.324  152.7ms  21>20     65    00    5    ok
  42.324   50.6ms  21>20     61    00    5    ok
  42.324   50.6ms  3e>20     01    da    1    ok
  42.376  103.0ms  20>3e     04    da    12   ok
  42.376  103.1ms  21>20     64    00    7    ok
  42.376  103.1ms  20>21     64    00    6    ok
  42.376   52.6ms  21>20     65    00    5    ok
  42.427  103.0ms  21>20     61    00    5    ok
  42.427  103.1ms  3e>20     01    b4    1    ok
  42.427   50.6ms  20>3e     04    b4    6    ok
  42.427   50.6ms  21>20     64    00    7    ok
  42.478  101.3ms  20>21     64    00    6    ok
  42.478   50.8ms  21>20     61    00    5    ok
  42.478   50.8ms  3e>20     01    b4    1    ok
  42.478   50.8ms  20>3e     04    b4    6    ok
  42.528   50.5ms  21>20     61    00    5    ok
  42.528  306.2ms  3e>22     01    33    1    ok
  42.528  306.2ms  22>3e     04    33    4    ok
  42.528  101.3ms  21>20     64    00    7    ok
  42.579  101.2ms  20>21     64    00    6    ok
  42.579   50.7ms  21>20     61    00    5    ok
  42.579   50.7ms  3e>22     01    33    1    ok
  42.579   50.7ms  22>3e     04    33    4    ok
  42.630   50.7ms  21>20     61    00    5    ok
  42.630   50.8ms  3e>22     01    35    1    ok
  42.630   50.8ms  22>3e     04    35    2    ok
  42.630  101.5ms  21>20     64    00    7    ok
  42.630   50.9ms  20>21     64    00    6    ok
  42.681  304.7ms  21>20     65    00    5    ok
  42.681   51.5ms  21>20     61    00    5    ok
  42.732  102.2ms  3e>22     01    35    1    ok
  42.732  102.2ms  22>3e     04    35    2    ok
  42.732   50.8ms  21>20     61    00    5    ok
  42.732  254.3ms  3e>20     01    da    1    ok
  42.732  254.3ms  20>3e     04    da    12   ok
  42.784  154.4ms  21>20     64    00    7    ok
  42.784  154.5ms  20>21     64    00    6    ok
  42.784  103.1ms  21>20     65    00    5    ok
  42.835  103.3ms  21>20     61    00    5    ok
  42.835  103.3ms  3e>20     01    da    1    ok
  42.835  103.3ms  20>3e     04    da    12   ok
  42.835   51.1ms  21>20     64    00    7    ok
  42.835   51.1ms  20>21     64    00    6    ok
  42.885   50.2ms  21>20     61    00    5    ok
  42.885   50.2ms  3e>20     01    b4    1    ok
  42.885   50.2ms  20>3e     04    b4    6    ok
  42.885   50.2ms  21>20     64    00    7    ok
  42.937  101.7ms  20>21     64    00    6    ok
  42.937  152.8ms  21>20     65    00    5    ok
  42.937   51.6ms  21>20     61    00    5    ok
  42.988  102.2ms  3e>20     01    b4    1    ok
  42.988  102.3ms  20>3e     04    b4    6    ok
  42.988   50.7ms  21>20     61    00    5    ok
  42.988  255.9ms  3e>22     01    33    1    ok
  43.040  308.3ms  22>3e     04    33    4    ok
  43.040  154.7ms  21>20     64    00    7    ok
  43.040  103.2ms  20>21     64    00    6    ok
  43.040   52.5ms  21>20     61    00    5    ok
  43.090  102.6ms  3e>22     01    33    1    ok
  43.090   50.2ms  22>3e     04    33    4    ok
  43.090   50.1ms  21>20     61    00    5    ok
  43.090    0.1ms  3e>22     01    35    1    ok
  43.143   53.1ms  22>3e     04    35    2    ok
  43.143  103.3ms  21>20     64    00    7    ok
  43.143  103.3ms  20>21     64    00    6    ok
  43.143  206.5ms  21>20     65    00    5    ok
  43.196  105.3ms  21>20     61    00    5    ok
  43.196  105.3ms  3e>22     01    35    1    ok
  43.196   52.3ms  22>3e     04    35    2    ok
  43.196    0.1ms  21>20     61    00    5    ok
  43.246  258.5ms  3e>20     01    da    1    ok
  43.246  258.5ms  20>3e     04    da    12   ok
  43.246  102.7ms  21>20     64    00    7    ok
  43.246  102.7ms  20>21     64    00    6    ok
  43.246  102.7ms  21>20     65    00    5    ok
  43.298  102.3ms  21>20     61    00    5    ok
  43.298   51.9ms  3e>20     01    da    1    ok
  43.298   51.9ms  20>3e     04    da    12   ok
  43.349  102.7ms  21>20     64    00    7    ok
  43.349  102.7ms  20>21     64    00    6    ok
  43.349   50.9ms  21>20     61    00    5    ok
  43.349   50.9ms  3e>20     01    b4    1    ok
  43.401  102.8ms  20>3e     04    b4    6    ok
  43.401   52.0ms  21>20     64    00    7    ok
  43.401   52.0ms  20>21     64    00    6    ok
  43.401  154.7ms  21>20     65    00    5    ok
  43.452  103.4ms  21>20     61    00    5    ok
  43.452  256.7ms  3e>22     01    33    1    ok
  43.452  256.7ms  22>3e     04    33    4    ok
  43.452    0.1ms  21>20     61    00    5    ok
  43.506  156.7ms  3e>20     01    b4    1    ok
  43.506  104.8ms  20>3e     04    b4    6    ok
  43.506  104.8ms  21>20     64    00    7    ok
  43.506  104.7ms  20>21     64    00    6    ok
  43.558  105.4ms  21>20     61    00    5    ok
  43.558  105.4ms  3e>22     01    33    1    ok
  43.558  105.4ms  22>3e     04    33    4    ok
  43.558    0.1ms  21>20     61    00    5    ok
  43.608   50.5ms  3e>22     01    35    1    ok
  43.608   50.5ms  22>3e     04    35    2    ok
  43.608  102.7ms  21>20     64    00    7    ok
  43.608  102.7ms  20>21     64    00    6    ok
  43.608  207.5ms  21>20     65    00    5    ok
  43.660  102.3ms  21>20     61    00    5    ok
  43.660  154.6ms  3e>20     01    da    1    ok
  43.660  154.6ms  20>3e     04    da    12   ok
  43.711  103.0ms  21>20     64    00    7    ok
  43.711  103.0ms  20>21     64    00    6    ok
  43.711  103.0ms  21>20     65    00    5    ok
  43.711   51.3ms  21>20     61    00    5    ok
  43.764  103.6ms  3e>20     01    da    1    ok
  43.764  103.7ms  20>3e     04    da    12   ok
  43.764   52.5ms  21>20     64    00    7    ok
  43.764   52.5ms  20>21     64    00    6    ok
  43.815  104.0ms  21>20     65    00    5    ok
  43.815    0.1ms  21>20     65    00    5    ok
  43.815    0.0ms  21>20     65    00    5    ok
  43.866   50.8ms  21>20     65    00    5    ok
  43.866  102.4ms  21>20     64    00    7    ok
  43.866  102.4ms  20>21     64    00    6    ok
  43.866  154.9ms  21>20     61    00    5    ok
  43.917  309.2ms  3e>22     01    33    1    ok
  43.917  309.2ms  22>3e     04    33    4    ok
  43.917   51.2ms  21>20     61    00    5    ok
  43.968  204.1ms  3e>20     01    b4    1    ok
  43.968  204.1ms  20>3e     04    b4    6    ok
  43.968  101.7ms  21>20     64    00    7    ok
  43.968  101.7ms  20>21     64    00    6    ok
  43.968  101.7ms  21>20     65    00    5    ok
  44.018  100.7ms  21>20     61    00    5    ok
  44.018  100.8ms  3e>22     01    33    1    ok
  44.018  100.8ms  22>3e     04    33    4    ok
  44.069   50.5ms  21>20     61    00    5    ok
  44.069   50.5ms  3e>22     01    35    1    ok
  44.069   50.5ms  22>3e     04    35    2    ok
  44.069  100.9ms  21>20     64    00    7    ok
  44.121  152.6ms  20>21     64    00    6    ok
  44.121  152.6ms  21>20     65    00    5    ok
  44.121   51.9ms  21>20     61    00    5    ok
  44.172  102.9ms  3e>22     01    35    1    ok
  44.172  103.0ms  22>3e     04    35    2    ok
  44.172   51.2ms  21>20     61    00    5    ok
  44.172  203.9ms  3e>20     01    da    1    ok
  44.224  256.2ms  20>3e     04    da    12   ok
  44.224   52.4ms  21>20     61    00    5    ok
  44.224   52.4ms  3e>20     01    da    1    ok
  44.224    0.0ms  20>3e     04    da    12   ok
  44.275  206.2ms  21>20     64    00    7    ok
  44.275  154.5ms  20>21     64    00    6    ok
  44.275   50.9ms  21>20     61    00    5    ok
  44.275   50.9ms  3e>20     01    75    1    ok
  44.327  102.6ms  20>3e     04    75    2    ok
  44.327   51.8ms  21>20     64    00    7    ok
  44.327   51.8ms  20>21     64    00    6    ok
  44.327   51.8ms  21>20     61    00    5    ok
  44.327   51.8ms  3e>20     01    b4    1    ok
  44.379   52.6ms  20>3e     04    b4    6    ok
  44.379   52.6ms  21>20     64    00    7    ok
  44.379   52.6ms  20>21     64    00    6    ok
  44.379   52.5ms  21>20     61    00    5    ok
  44.430  103.2ms  3e>20     01    75    1    ok
  44.430   50.7ms  20>3e     04    75    2    ok
  44.430   50.7ms  21>20     61    00    5    ok
  44.430  258.4ms  3e>22     01    33    1    ok
  44.482  310.0ms  22>3e     04    33    4    ok
  44.482   51.7ms  21>20     61    00    5    ok
  44.482   51.8ms  3e>20     01    b4    1    ok
  44.482   51.8ms  20>3e     04    b4    6    ok
  44.533  153.7ms  21>20     64    00    7    ok
  44.533  153.7ms  20>21     64    00    6    ok
  44.533  412.5ms  21>20     65    00    5    ok
  44.533   51.3ms  21>20     61    00    5    ok
  44.584  154.0ms  3e>22     01    33    1    ok
  44.584  102.3ms  22>3e     04    33    4    ok
  44.584   50.9ms  21>20     61    00    5    ok
  44.635   50.5ms  3e>22     01    35    1    ok
  44.635   50.5ms  22>3e     04    35    2    ok
  44.635   50.5ms  21>20     61    00    5    ok
  44.635    0.0ms  3e>22     01    35    1    ok
  44.635    0.0ms  22>3e     04    35    2    ok
  44.688  154.5ms  21>20     64    00    7    ok
  44.688  154.5ms  20>21     64    00    6    ok
  44.688   53.0ms  21>20     61    00    5    ok
  44.688  205.7ms  3e>20     01    da    1    ok
  44.738  256.2ms  20>3e     04    da    12   ok
  44.738   50.6ms  21>20     64    00    7    ok
  44.738   50.6ms  20>21     64    00    6    ok
  44.738  205.0ms  21>20     65    00    5    ok
  44.788   50.1ms  21>20     65    00    5    ok
  44.788    0.0ms  21>20     65    00    5    ok
  44.788  100.8ms  21>20     61    00    5    ok
  44.839  151.7ms  3e>20     01    b4    1    ok
  44.839  101.3ms  20>3e     04    b4    6    ok
  44.839  101.2ms  21>20     64    00    7    ok
  44.839  101.2ms  20>21     64    00    6    ok
  44.890  101.4ms  21>20     65    00    5    ok
  44.890    0.0ms  21>20     65    00    5    ok
  44.890  101.5ms  21>20     61    00    5    ok
  44.942  307.8ms  3e>22     01    33    1    ok
  44.942  307.8ms  22>3e     04    33    4    ok
  44.942   52.6ms  21>20     61    00    5    ok
  44.993  153.4ms  3e>20     01    b4    1    ok
  44.993  153.4ms  20>3e     04    b4    6    ok
  44.993   50.3ms  21>20     61    00    5    ok
  44.993   50.4ms  3e>22     01    33    1    ok
  45.044  102.0ms  22>3e     04    33    4    ok
  45.044   51.6ms  21>20     61    00    5    ok
  45.044   51.6ms  3e>22     01    35    1    ok
  45.044    0.0ms  22>3e     04    35    2    ok
  45.096  256.7ms  21>20     64    00    7    ok
  45.096  256.7ms  20>21     64    00    6    ok
  45.096  206.3ms  21>20     65    00    5    ok
  45.096   51.7ms  21>20     61    00    5    ok
  45.147  154.7ms  3e>20     01    da    1    ok
  45.147  154.7ms  20>3e     04    da    12   ok
  45.147   51.4ms  21>20     64    00    7    ok
  45.147   51.4ms  20>21     64    00    6    ok
  45.200  103.7ms  21>20     65    00    5    ok
  45.200    0.1ms  21>20     65    00    5    ok
  45.200    0.0ms  21>20     65    00    5    ok
  45.250  154.1ms  21>20     61    00    5    ok
  45.250  102.8ms  3e>20     01    da    1    ok
  45.250  102.8ms  20>3e     04    da    12   ok
  45.250  102.7ms  21>20     64    00    7    ok
  45.301  153.7ms  20>21     64    00    6    ok
  45.301   51.0ms  21>20     61    00    5    ok
  45.301   51.0ms  3e>20     01    b4    1    ok
  45.301   51.0ms  20>3e     04    b4    6    ok
  45.352  101.7ms  21>20     64    00    7    ok
  45.352   50.8ms  20>21     64    00    6    ok
  45.352  152.1ms  21>20     65    00    5    ok
  45.352    0.0ms  21>20     65    00    5    ok
  45.403  102.2ms  21>20     61    00    5    ok
  45.403  359.0ms  3e>22     01    33    1    ok
  45.403  359.0ms  22>3e     04    33    4    ok
  45.455   51.2ms  21>20     61    00    5    ok
  45.455  153.5ms  3e>20     01    b4    1    ok
  45.455  153.5ms  20>3e     04    b4    6    ok
  45.455    0.0ms  21>20     61    00    5    ok
  45.506  102.6ms  3e>22     01    33    1    ok
  45.506  102.6ms  22>3e     04    33    4    ok
  45.506   51.4ms  21>20     61    00    5    ok
  45.556   50.4ms  3e>22     01    35    1    ok
  45.556   50.4ms  22>3e     04    35    2    ok
  45.556  204.5ms  21>20     64    00    7    ok
  45.556  204.5ms  20>21     64    00    6    ok
  45.556  204.5ms  21>20     65    00    5    ok
  45.608  101.8ms  21>20     61    00    5    ok
  45.608  153.2ms  3e>20     01    da    1    ok
  45.608  153.2ms  20>3e     04    da    12   ok
  45.659  102.6ms  21>20     64    00    7    ok
  45.659  102.7ms  20>21     64    00    6    ok
  45.659  102.6ms  21>20     65    00    5    ok
  45.659    0.0ms  21>20     65    00    5    ok
  45.710   50.5ms  21>20     65    00    5    ok
  45.710    0.0ms  21>20     65    00    5    ok
  45.710   50.5ms  21>20     64    00    7    ok
  45.760  101.0ms  20>21     64    00    6    ok
  45.760   50.5ms  21>20     65    00    5    ok
  45.760  152.3ms  21>20     61    00    5    ok
  45.810  202.6ms  3e>20     01    25    1    ok
  45.810  202.6ms  20>3e     04    25    2    ok
  45.811  100.9ms  21>20     64    00    7    ok
  45.811   50.4ms  20>21     64    00    6    ok
  45.811   50.4ms  21>20     61    00    5    ok
  45.863   53.0ms  3e>20     01    75    1    ok
  45.863   53.0ms  20>3e     04    75    2    ok
  45.863   53.0ms  21>20     61    00    5    ok
  45.915  358.2ms  3e>22     01    40    1    ok
  45.915  358.2ms  22>3e     04    40    30   ok
  45.915  104.1ms  21>20     64    00    7    ok
  45.915  104.1ms  20>21     64    00    6    ok
  45.915  154.5ms  21>20     65    00    5    ok
  45.967   52.4ms  21>20     65    00    5    ok
  45.967    0.0ms  21>20     65    00    5    ok
  46.018  154.7ms  21>20     61    00    5    ok
  46.018  154.8ms  3e>20     01    76    1    ok
  46.018  154.8ms  20>3e     04    76    2    ok
  46.018    0.1ms  21>20     61    00    5    ok
  46.069   51.2ms  3e>20     01    da    1    ok
  46.069   51.2ms  20>3e     04    da    12   ok
  46.069   51.2ms  21>20     61    00    5    ok
  46.069    0.1ms  3e>20     01    b4    1    ok
  46.121   51.2ms  20>3e     04    b4    6    ok
  46.121  206.0ms  21>20     64    00    7    ok
  46.121  206.0ms  20>21     64    00    6    ok
  46.121  153.6ms  21>20     65    00    5    ok
  46.171   50.3ms  21>20     65    00    5    ok
  46.171    0.0ms  21>20     65    00    5    ok
  46.171  101.6ms  21>20     61    00    5    ok
  46.224  309.4ms  3e>22     01    33    1    ok
  46.224  309.4ms  22>3e     04    33    4    ok
  46.224   52.9ms  21>20     61    00    5    ok
  46.275  205.7ms  3e>20     01    b4    1    ok
  46.275  154.6ms  20>3e     04    b4    6    ok
  46.275   51.3ms  21>20     61    00    5    ok
  46.275   51.3ms  3e>22     01    33    1    ok
  46.328  103.8ms  22>3e     04    33    4    ok
  46.328   52.5ms  21>20     61    00    5    ok
  46.328   52.5ms  3e>22     01    35    1    ok
  46.328    0.0ms  22>3e     04    35    2    ok
  46.379  257.9ms  21>20     64    00    7    ok
  46.379  257.9ms  20>21     64    00    6    ok
  46.379   50.8ms  21>20     61    00    5    ok
  46.379   50.8ms  3e>22     01    35    1    ok
  46.430  102.6ms  22>3e     04    35    2    ok
  46.430   51.8ms  21>20     61    00    5    ok
  46.430  155.3ms  3e>20     01    da    1    ok
  46.430  155.2ms  20>3e     04    da    12   ok
  46.481  102.5ms  21>20     64    00    7    ok
  46.481  102.5ms  20>21     64    00    6    ok
  46.481  310.1ms  21>20     65    00    5    ok
  46.481    0.0ms  21>20     65    00    5    ok
  46.531   50.3ms  21>20     65    00    5    ok
  46.531    0.0ms  21>20     65    00    5    ok
  46.531  101.0ms  21>20     61    00    5    ok
  46.583  152.4ms  3e>20     01    b4    1    ok
  46.583  152.4ms  20>3e     04    b4    6    ok
  46.583  101.8ms  21>20     64    00    7    ok
  46.583  101.7ms  20>21     64    00    6    ok
  46.633  101.7ms  21>20     65    00    5    ok
  46.633    0.0ms  21>20     65    00    5    ok
  46.633  101.7ms  21>20     61    00    5    ok
  46.686  307.5ms  3e>22     01    33    1    ok
  46.686  255.7ms  22>3e     04    33    4    ok
  46.686   53.0ms  21>20     61    00    5    ok
  46.737  154.2ms  21>20     64    00    7    ok
  46.737  154.2ms  20>21     64    00    6    ok
  46.737   51.0ms  21>20     61    00    5    ok
  46.737   51.0ms  3e>22     01    33    1    ok
  46.787  101.3ms  22>3e     04    33    4    ok
  46.788   50.4ms  21>20     61    00    5    ok
  46.788   50.4ms  3e>22     01    35    1    ok
  46.788    0.1ms  22>3e     04    35    2    ok
  46.838  100.7ms  21>20     64    00    7    ok
  46.838  100.7ms  20>21     64    00    6    ok
  46.838  204.7ms  21>20     65    00    5    ok
  46.838   50.3ms  21>20     61    00    5    ok
  46.889  101.1ms  3e>22     01    9a    1    BAD
  46.941    0.0ms  3e>04     35    30    34   BAD
  46.941  103.0ms  21>20     64    00    7    BAD
  46.991  153.2ms  21>20     61    04    5    BAD
  46.991  408.2ms  20>3e     04    da    12   ok
  46.991   50.4ms  21>20     64    00    7    ok
  46.991  153.3ms  20>21     64    00    6    ok
  46.991  153.3ms  21>20     65    00    5    ok
  47.042    0.0ms  20>61     00    04    5    BAD
  47.093  101.8ms  20>3e     04    75    2    BAD
  47.093  101.8ms  20>21     64    00    6    BAD
  47.143  560.3ms  3e>20     01    06    1    BAD
  47.143  152.2ms  21>20     61    00    5    ok
  47.143    0.0ms  3e>20     01    75    1    BAD
  47.193  202.2ms  21>20     64    06    7    BAD
  47.193   50.2ms  21>20     61    00    5    ok
  47.193  304.7ms  3e>22     01    33    1    ok
  47.244 19942.5ms  3e>04     33    8b    34   BAD
  47.295  101.3ms  21>20     61    00    5    BAD
  47.295  507.1ms  22>3e     04    35    2    ok
  47.295  101.4ms  21>20     64    00    7    ok
  47.347 32602.3ms  20>21     00    04    6    BAD
  47.397  406.1ms  21>20     65    04    5    BAD
  47.397  203.9ms  3e>22     01    35    1    ok
  47.448  507.8ms  3e>04     35    30    2    BAD
  47.448  355.6ms  20>3e     04    da    12   ok
  47.499  204.2ms  21>20     64    06    7    BAD
  47.499  204.3ms  21>20     61    00    5    BAD
  47.551  102.3ms  20>3e     04    da    12   BAD
  47.551    0.0ms  20>64     04    51    6    BAD
  47.601  102.5ms  21>20     61    00    5    ok
  47.601  458.3ms  3e>20     01    06    1    BAD
  47.601  102.6ms  21>20     64    00    7    ok
  47.652    0.0ms  20>64     00    04    6    BAD
  47.652  255.0ms  21>20     65    00    5    ok
  47.704    0.0ms  22>3e     33    00    4    BAD
  47.755    0.0ms  20>64     06    27    7    BAD
  47.755    0.0ms  21>61     00    04    5    BAD
  47.808    0.0ms  22>04     35    30    2    BAD
  47.808  714.9ms  20>21     64    00    6    ok
  47.808  155.7ms  21>20     65    00    5    ok
  47.858  256.6ms  21>20     61    80    5    BAD
  47.858  460.9ms  3e>22     01    35    1    ok
  47.909  307.6ms  21>20     64    00    7    BAD
  47.959    0.0ms  3e>01     da    0c    1    BAD
  48.010  255.0ms  20>64     06    27    7    BAD
  48.010  151.5ms  21>20     61    00    5    ok
  48.061  459.7ms  3e>20     01    b4    1    ok
  48.061  510.4ms  20>3e     04    b4    6    ok
  48.061  152.1ms  21>20     64    00    7    BAD
  48.112  304.6ms  21>20     65    00    5    BAD
  48.113  254.4ms  3e>22     01    33    1    ok
  48.163 1121.4ms  20>61     00    04    5    BAD
  48.213    0.0ms  3e>04     b4    00    32   BAD
  48.264  509.1ms  21>61     00    04    5    BAD
  48.314  865.7ms  3e>04     35    30    34   BAD
  48.314  201.6ms  3e>22     01    35    1    ok
  48.365 1069.8ms  22>3e     04    35    2    ok
  48.365  303.4ms  3e>20     01    da    1    ok
  48.415    0.0ms  20>04     da    00    12   BAD
  48.415  607.0ms  20>21     64    00    6    BAD
  48.415  405.3ms  21>20     61    00    5    ok
  48.466  101.6ms  3e>20     01    da    1    BAD
  48.466  405.0ms  21>20     64    06    7    BAD
  48.516  252.6ms  21>61     00    04    5    BAD
  48.516  455.2ms  20>3e     04    b4    6    ok
  48.516   50.2ms  21>20     64    00    7    ok
  48.570  154.9ms  20>21     64    00    6    ok
  48.570  457.3ms  21>20     65    00    5    ok
  48.621   50.9ms  21>20     65    00    5    BAD
  48.621  306.6ms  3e>22     01    33    1    BAD
  48.673  258.4ms  21>20     61    00    5    BAD
  48.673  156.9ms  20>3e     04    b4    6    BAD
  48.723    0.0ms  3e>33     04    66    1    BAD
  48.723   50.2ms  21>20     61    00    5    BAD
  48.774  409.2ms  22>3e     04    35    2    BAD
  48.774  204.1ms  20>21     64    00    6    BAD
  48.826    0.0ms  21>20     00    04    5    BAD
  48.877  153.8ms  21>20     61    04    5    BAD
  48.877    0.0ms  20>3e     00    00    12   BAD
  48.928    0.0ms  20>00     04    27    33   BAD
  48.979  462.1ms  21>20     64    00    7    ok
  48.979  204.8ms  20>21     64    00    6    ok
  48.979  101.4ms  21>20     61    00    5    ok
  48.979  512.4ms  3e>20     01    b4    1    ok
  48.979  305.3ms  20>3e     04    b4    6    ok
  49.030   51.5ms  21>20     64    00    7    ok
  49.030   51.5ms  20>21     64    00    6    ok
  49.030  409.4ms  21>20     65    00    5    ok
  49.080   50.1ms  21>20     65    00    5    ok
  49.080  101.7ms  21>20     61    00    5    ok
  49.080  459.6ms  3e>22     01    33    1    ok
  49.080  306.5ms  22>3e     04    33    4    ok
  49.133   52.7ms  21>20     61    00    5    ok
  49.133  154.5ms  3e>20     01    b4    1    ok
  49.133  154.5ms  20>3e     04    b4    6    ok
  49.184   51.2ms  21>20     61    00    5    ok
  49.184  104.0ms  3e>22     01    33    1    ok
  49.184  104.0ms  22>3e     04    33    4    ok
  49.184    0.1ms  21>20     61    00    5    ok
  49.235   50.7ms  3e>22     01    35    1    ok
  49.235   50.7ms  22>3e     04    35    2    ok
  49.235  204.9ms  21>20     64    00    7    ok
  49.235  204.9ms  20>21     64    00    6    ok
  49.235  154.8ms  21>20     65    00    5    ok
  49.286  102.0ms  21>20     61    00    5    ok
  49.286  153.2ms  3e>20     01    da    1    ok
  49.286  153.2ms  20>3e     04    da    12   ok
  49.337  101.9ms  21>20     64    00    7    ok
  49.337  101.9ms  20>21     64    00    6    ok
  49.337  101.9ms  21>20     65    00    5    ok
  49.337    0.0ms  21>20     65    00    5    ok
  49.388   51.6ms  21>20     65    00    5    ok
  49.439  153.2ms  21>20     61    04    5    BAD
  49.439    0.0ms  3e>04     da    00    32   BAD
  49.439    0.0ms  21>20     61    00    5    ok
  49.492    0.0ms  20>04     75    02    2    BAD
  49.542    0.0ms  21>64     00    04    32   BAD
  49.543  205.6ms  20>21     64    00    6    ok
  49.648 34645.7ms  20>65     00    04    33   BAD
  49.648  208.1ms  21>20     61    00    5    ok
  49.698  463.3ms  3e>22     01    33    1    ok
  49.698  463.3ms  22>3e     04    33    4    ok
  49.698  155.8ms  20>21     64    04    6    BAD
  49.749  101.3ms  21>20     61    00    5    ok
  49.749   50.7ms  3e>22     01    35    1    ok
  49.749   50.6ms  22>3e     04    35    2    ok
  49.800  462.7ms  21>20     64    00    7    BAD
  49.800   50.7ms  21>20     61    00    5    BAD
  49.852  103.3ms  22>3e     04    35    2    ok
  49.852   52.7ms  21>20     64    00    7    ok
  49.852  153.9ms  20>21     64    00    6    ok
  49.852   52.6ms  21>20     61    00    5    ok
  49.904  617.7ms  3e>20     01    da    1    ok
  49.904  617.8ms  20>3e     04    da    12   ok
  49.904   51.9ms  21>20     64    00    7    ok
  49.904   51.9ms  20>21     64    00    6    ok
  49.904   51.9ms  21>20     61    00    5    ok
  49.955   50.6ms  3e>20     01    da    1    ok
  49.955   50.6ms  20>3e     04    da    12   ok
  49.955   50.6ms  21>20     64    00    7    ok
  49.955   50.6ms  20>21     64    00    6    ok
  50.005  616.5ms  21>20     65    00    5    ok
  50.005  100.9ms  21>20     61    00    5    ok
  50.005   50.4ms  3e>20     01    b4    1    ok
  50.005   50.4ms  20>3e     04    b4    6    ok
  50.056  100.9ms  21>20     64    00    7    ok
  50.056  100.9ms  20>21     64    00    6    ok
  50.056   50.6ms  21>20     65    00    5    ok
  50.056    0.0ms  21>20     65    00    5    ok
  50.107  101.8ms  21>20     61    00    5    ok
  50.107  101.8ms  3e>20     01    b4    1    ok
  50.107  101.7ms  20>3e     04    b4    6    ok
  50.157   50.4ms  21>20     61    00    5    ok
  50.157  408.2ms  3e>22     01    33    1    ok
  50.157  305.0ms  22>3e     04    33    4    ok
  50.157    0.1ms  21>20     61    00    5    ok
  50.209   52.2ms  3e>22     01    33    1    ok
  50.209   52.2ms  22>3e     04    33    4    ok
  50.209   52.2ms  21>20     61    00    5    ok
  50.260   51.0ms  3e>22     01    35    1    ok
  50.260   51.0ms  22>3e     04    35    2    ok
  50.260  204.8ms  21>20     64    00    7    ok
  50.260  204.8ms  20>21     64    00    6    ok
  50.260  204.8ms  21>20     65    00    5    ok
  50.312  102.9ms  21>20     61    00    5    ok
  50.312  205.6ms  3e>20     01    da    1    ok
  50.312  205.6ms  20>3e     04    da    12   ok
  50.363  102.4ms  21>20     64    00    7    ok
  50.363  102.4ms  20>21     64    00    6    ok
  50.363  102.4ms  21>20     65    00    5    ok
  50.363    0.0ms  21>20     65    00    5    ok
  50.414  101.4ms  21>20     61    00    5    ok
  50.414  101.4ms  3e>20     01    da    1    ok
  50.414  101.4ms  20>3e     04    da    12   ok
  50.466  102.9ms  21>20     64    00    7    ok
  50.466  102.9ms  20>21     64    00    6    ok
  50.466  102.9ms  21>20     65    00    5    ok
  50.466    0.0ms  21>20     65    00    5    ok
  50.516   50.4ms  21>20     65    00    5    ok
  50.516    0.0ms  21>20     65    00    5    ok
  50.568  102.6ms  21>20     64    00    7    ok
  50.568  102.7ms  20>21     64    00    6    ok
  50.568   52.2ms  21>20     65    00    5    ok
  50.568  154.7ms  21>20     61    00    5    ok
  50.619  205.3ms  3e>20     01    b4    1    ok
  50.619  205.3ms  20>3e     04    b4    6    ok
  50.619   50.7ms  21>20     64    00    7    ok
  50.619   50.7ms  20>21     64    00    6    ok
  50.619   50.7ms  21>20     61    00    5    ok
  50.670  410.1ms  3e>22     01    33    1    ok
  50.670  410.1ms  22>3e     04    33    4    ok
  50.670   51.3ms  21>20     61    00    5    ok
  50.721   50.2ms  3e>22     01    35    1    ok
  50.721   50.2ms  22>3e     04    35    2    ok
  50.721  101.6ms  21>20     64    00    7    ok
  50.721  101.6ms  20>21     64    00    6    ok
  50.721  152.3ms  21>20     65    00    5    ok
  50.772  101.7ms  21>20     61    00    5    ok
  50.772   51.5ms  3e>22     01    35    1    ok
  50.772   51.5ms  22>3e     04    35    2    ok
  50.823   51.4ms  21>20     61    00    5    ok
  50.824  204.5ms  3e>20     01    da    1    ok
  50.824  204.5ms  20>3e     04    da    12   ok
  50.824  102.9ms  21>20     64    00    7    ok
  50.876  155.1ms  20>21     64    00    6    ok
  50.876  155.1ms  21>20     65    00    5    ok
  50.876    0.0ms  21>20     65    00    5    ok
  50.927   50.7ms  21>20     65    00    5    ok
  50.927    0.0ms  21>20     65    00    5    ok
  50.927  103.0ms  21>20     64    00    7    ok
  50.927   50.8ms  20>21     64    00    6    ok
  50.977  153.8ms  21>20     61    00    5    ok
  50.977  153.8ms  3e>20     01    25    1    ok
  50.977  153.8ms  20>3e     04    25    2    ok
  50.977   50.8ms  21>20     64    00    7    ok
  51.029  102.8ms  20>21     64    00    6    ok
  51.029   52.2ms  21>20     61    00    5    ok
  51.029   52.1ms  3e>20     01    32    1    ok
  51.080  102.7ms  20>3e     04    32    8    ok
  51.080   50.6ms  21>20     61    00    5    ok
  51.080   50.6ms  3e>20     01    75    1    ok
  51.080    0.0ms  20>3e     04    75    2    ok
  51.080  102.7ms  21>20     64    00    7    ok
  51.132  102.7ms  20>21     64    00    6    ok
  51.132  205.5ms  21>20     65    00    5    ok
  51.132    0.0ms  21>20     65    00    5    ok
  51.183   51.4ms  21>20     65    00    5    ok
  51.184  103.5ms  21>20     61    00    5    BAD
  51.237  156.8ms  20>3e     04    76    2    ok
  51.237  156.8ms  21>20     64    00    7    ok
  51.237  104.8ms  20>21     64    00    6    ok
  51.237   53.4ms  21>20     65    00    5    ok
  51.287  103.9ms  21>20     61    00    5    ok
  51.287  207.3ms  3e>20     01    3b    1    ok
  51.287   50.5ms  20>3e     04    3b    2    ok
  51.287   50.5ms  21>20     64    00    7    ok
  51.287   50.5ms  20>21     64    00    6    ok
  51.337   50.1ms  21>20     61    00    5    ok
  51.337   50.1ms  3e>20     01    b4    1    ok
  51.338   50.1ms  20>3e     04    b4    6    ok
  51.338    0.0ms  21>20     61    00    5    ok
  51.388   50.9ms  3e>20     01    da    1    ok
  51.388   50.9ms  20>3e     04    da    12   ok
  51.388  101.0ms  21>20     64    00    7    ok
  51.388  101.0ms  20>21     64    00    6    ok
  51.439  201.6ms  21>20     65    00    5    ok
  51.439    0.0ms  21>20     65    00    5    ok
  51.439    0.0ms  21>20     65    00    5    ok
  51.491   52.3ms  21>20     65    00    5    ok
  51.491  153.4ms  21>20     61    00    5    ok
  51.542  153.5ms  3e>20     01    b4    1    ok
  51.542  153.5ms  20>3e     04    b4    6    ok
  51.542   51.0ms  21>20     61    00    5    ok
  51.542  769.8ms  3e>22     01    35    1    ok
  51.593  821.4ms  22>3e     04    35    2    ok
  51.594  205.1ms  21>20     64    00    7    ok
  51.594  205.1ms  20>21     64    00    6    ok
  51.594   51.6ms  21>20     61    00    5    ok
  51.645  103.0ms  3e>22     01    33    1    ok
  51.645   51.5ms  22>3e     04    33    4    ok
  51.645   51.5ms  21>20     64    00    7    ok
  51.645   51.5ms  20>21     64    00    6    ok
  51.645   51.5ms  21>20     61    00    5    ok
  51.698  156.0ms  3e>20     01    da    1    ok
  51.698  155.9ms  20>3e     04    da    12   ok
  51.698   52.9ms  21>20     61    00    5    ok
  51.698   52.9ms  3e>22     01    31    1    ok
  51.749  103.8ms  22>3e     04    31    2    ok
  51.749   51.0ms  21>20     61    00    5    ok
  51.749   51.0ms  3e>20     01    da    1    ok
  51.749   51.0ms  20>3e     04    da    12   ok
  51.799  154.2ms  21>20     64    00    7    ok
  51.799  154.3ms  20>21     64    00    6    ok
  51.799   50.4ms  21>20     61    00    5    ok
  51.799   50.4ms  3e>20     01    b4    1    ok
  51.851  102.1ms  20>3e     04    b4    6    ok
  51.851   51.8ms  21>20     64    00    7    ok
  51.851   51.8ms  20>21     64    00    6    ok
  51.851  360.1ms  21>20     65    00    5    ok
  51.902   50.8ms  21>20     65    00    5    ok
  51.902  102.6ms  21>20     61    00    5    BAD
  51.953  101.7ms  20>3e     04    b4    6    ok
  51.953   50.9ms  21>20     61    00    5    ok
  51.953  254.9ms  3e>22     01    33    1    ok
  51.953  204.0ms  22>3e     04    33    4    ok
  52.004   51.2ms  21>20     61    00    5    ok
  52.004   51.2ms  3e>22     01    33    1    ok
  52.004   51.2ms  22>3e     04    33    4    ok
  52.004    0.0ms  21>20     61    00    5    ok
  52.056   51.9ms  3e>22     01    35    1    ok
  52.056   52.0ms  22>3e     04    35    2    ok
  52.056  204.9ms  21>20     64    00    7    ok
  52.056  204.9ms  20>21     64    00    6    ok
  52.108  103.9ms  21>20     61    00    5    ok
  52.108   52.0ms  3e>22     01    35    1    ok
  52.108   51.9ms  22>3e     04    35    2    ok
  52.108    0.1ms  21>20     61    00    5    ok
  52.158  358.8ms  3e>20     01    da    1    ok
  52.158  205.4ms  20>3e     04    da    12   ok
  52.158  102.2ms  21>20     64    00    7    ok
  52.158  102.2ms  20>21     64    00    6    ok
  52.209  306.7ms  21>20     65    00    5    ok
  52.209  100.7ms  21>20     61    00    5    ok
  52.209   50.5ms  3e>20     01    da    1    ok
  52.209   50.5ms  20>3e     04    da    12   ok
  52.259  101.0ms  21>20     64    00    7    ok
  52.259  101.0ms  20>21     64    00    6    ok
  52.259   50.6ms  21>20     65    00    5    ok
  52.310  101.3ms  21>20     61    00    5    ok
  52.310  101.3ms  3e>20     01    75    1    ok
  52.310  101.3ms  20>3e     04    75    2    ok
  52.310   50.8ms  21>20     64    00    7    ok
  52.310   50.8ms  20>21     64    00    6    ok
  52.360   50.4ms  21>20     61    00    5    ok
  52.360   50.4ms  3e>20     01    b4    1    ok
  52.360   50.4ms  20>3e     04    b4    6    ok
  52.360    0.0ms  21>20     61    00    5    ok
  52.411   50.5ms  3e>20     01    75    1    ok
  52.411   50.5ms  20>3e     04    75    2    ok
  52.411  100.9ms  21>20     64    00    7    ok
  52.411  100.9ms  20>21     64    00    6    ok
  52.461  100.9ms  21>20     61    00    5    ok
  52.461  353.3ms  3e>22     01    33    1    ok
  52.461  353.3ms  22>3e     04    33    4    ok
  52.461   50.4ms  21>20     64    00    7    ok
  52.512  101.0ms  20>21     64    00    6    ok
  52.512   50.7ms  21>20     61    00    5    ok
  52.512   50.6ms  3e>22     01    33    1    ok
  52.512   50.6ms  22>3e     04    33    4    ok
  52.562  101.1ms  21>20     64    00    7    ok
  52.562   50.6ms  20>21     64    00    6    ok
  52.562   50.6ms  21>20     61    00    5    ok
  52.562   50.6ms  3e>22     01    35    1    ok
  52.615  103.0ms  22>3e     04    35    2    ok
  52.615   52.5ms  21>20     64    00    7    ok
  52.615   52.5ms  20>21     64    00    6    ok
  52.615   52.5ms  21>20     61    00    5    ok
  52.666  103.7ms  3e>22     01    35    1    ok
  52.666   51.3ms  22>3e     04    35    2    ok
  52.666   51.2ms  21>20     61    00    5    ok
  52.666  255.4ms  3e>20     01    da    1    ok
  52.666  255.4ms  20>3e     04    da    12   ok
  52.718  103.0ms  21>20     64    00    7    ok
  52.718  103.0ms  20>21     64    00    6    ok
  52.718  458.7ms  21>20     65    00    5    ok
  52.768  101.9ms  21>20     61    00    5    ok
  52.768  101.9ms  3e>20     01    da    1    ok
  52.768  101.9ms  20>3e     04    da    12   ok
  52.768   50.2ms  21>20     64    00    7    ok
  52.768   50.2ms  20>21     64    00    6    ok
  52.819  100.8ms  21>20     65    00    5    ok
  52.819   50.8ms  21>20     61    00    5    ok
  52.871  103.1ms  3e>20     01    b4    1    ok
  52.871  103.1ms  20>3e     04    b4    6    ok
  52.871  103.1ms  21>20     64    00    7    ok
  52.871  103.1ms  20>21     64    00    6    ok
  52.871   52.4ms  21>20     61    00    5    ok
  52.921   50.1ms  3e>20     01    b4    1    ok
  52.921   50.1ms  20>3e     04    b4    6    ok
  52.921   50.1ms  21>20     61    00    5    ok
  52.921  255.2ms  3e>22     01    33    1    ok
  52.974  307.5ms  22>3e     04    33    4    ok
  52.974  102.5ms  21>20     64    00    7    ok
  52.974  102.5ms  20>21     64    00    6    ok
  52.974  155.0ms  21>20     65    00    5    ok
  53.025  103.4ms  21>20     61    00    5    ok
  53.025  103.5ms  3e>22     01    35    1    ok
  53.025   51.1ms  22>3e     04    35    2    ok
  53.025   51.1ms  21>20     64    00    7    ok
  53.075  101.8ms  20>21     64    00    6    ok
  53.076  101.9ms  21>20     65    00    5    ok
  53.076    0.0ms  21>20     65    00    5    ok
  53.126  101.5ms  21>20     61    00    5    ok
  53.126  101.5ms  3e>22     01    35    1    ok
  53.126  101.5ms  22>3e     04    35    2    ok
  53.126    0.1ms  21>20     61    00    5    ok
  53.177  255.5ms  3e>20     01    da    1    ok
  53.177  255.5ms  20>3e     04    da    12   ok
  53.177  152.0ms  21>20     64    00    7    ok
  53.177  101.2ms  20>21     64    00    6    ok
  53.227  151.7ms  21>20     65    00    5    ok
  53.227  101.1ms  21>20     61    00    5    ok
  53.227   50.6ms  3e>20     01    da    1    ok
  53.227   50.6ms  20>3e     04    da    12   ok
  53.280  103.3ms  21>20     64    00    7    ok
  53.280  103.3ms  20>21     64    00    6    ok
  53.280   52.8ms  21>20     61    00    5    ok
  53.280   52.8ms  3e>20     01    b4    1    ok
  53.333  105.2ms  20>3e     04    b4    6    ok
  53.333   52.6ms  21>20     64    00    7    ok
  53.333   52.6ms  20>21     64    00    6    ok
  53.333  105.4ms  21>20     65    00    5    ok
  53.383  103.3ms  21>20     61    00    5    ok
  53.383  103.4ms  3e>20     01    b4    1    ok
  53.383   50.9ms  20>3e     04    b4    6    ok
  53.383    0.1ms  21>20     61    00    5    ok
  53.434  308.2ms  3e>22     01    33    1    ok
  53.434  308.2ms  22>3e     04    33    4    ok
  53.434  101.8ms  21>20     64    00    7    ok
  53.434  101.8ms  20>21     64    00    6    ok
  53.485  101.9ms  21>20     61    00    5    ok
  53.485   51.0ms  3e>22     01    33    1    ok
  53.485   51.0ms  22>3e     04    33    4    ok
  53.485    0.1ms  21>20     61    00    5    ok
  53.536   50.8ms  3e>22     01    35    1    ok
  53.536   50.8ms  22>3e     04    35    2    ok
  53.536  101.8ms  21>20     64    00    7    ok
  53.536  101.8ms  20>21     64    00    6    ok
  53.587  254.0ms  21>20     65    00    5    ok
  53.587  101.3ms  21>20     61    00    5    ok
  53.587   50.5ms  3e>22     01    35    1    ok
  53.638  101.6ms  22>3e     04    35    2    ok
  53.638   51.2ms  21>20     61    00    5    ok
  53.638  254.4ms  3e>20     01    da    1    ok
  53.638  254.4ms  20>3e     04    da    12   ok
  53.688   50.2ms  21>20     61    00    5    ok
  53.688   50.2ms  3e>20     01    da    1    ok
  53.688   50.2ms  20>3e     04    da    12   ok
  53.688  151.8ms  21>20     64    00    7    ok
  53.688  151.8ms  20>21     64    00    6    ok
  53.740  153.1ms  21>20     65    00    5    ok
  53.740    0.0ms  21>20     65    00    5    ok
  53.790  101.9ms  21>20     61    00    5    ok
  53.790  101.9ms  3e>20     01    b4    1    ok
  53.790  101.9ms  20>3e     04    b4    6    ok
  53.790  101.9ms  21>20     64    00    7    ok
  53.790  101.9ms  20>21     64    00    6    ok
  53.841  101.4ms  21>20     65    00    5    ok
  53.841   51.4ms  21>20     61    00    5    ok
  53.841  254.6ms  3e>22     01    33    1    ok
  53.893  254.8ms  22>3e     04    33    4    ok
  53.893  102.7ms  21>20     64    00    7    ok
  53.893  102.7ms  20>21     64    00    6    ok
  53.893   51.4ms  21>20     61    00    5    ok
  53.943  101.8ms  3e>22     01    33    1    ok
  53.943   50.5ms  22>3e     04    33    4    ok
  53.943   50.5ms  21>20     64    00    7    ok
  53.943   50.5ms  20>21     64    00    6    ok
  53.943   50.5ms  21>20     61    00    5    ok
  53.993   50.3ms  3e>22     01    35    1    ok
  53.993   50.3ms  22>3e     04    35    2    ok
  53.993   50.3ms  21>20     64    00    7    ok
  53.993   50.3ms  20>21     64    00    6    ok
  54.044  100.5ms  21>20     61    00    5    ok
  54.044   50.3ms  3e>22     01    35    1    ok
  54.044   50.3ms  22>3e     04    35    2    ok
  54.044   50.3ms  21>20     64    00    7    ok
  54.095  101.1ms  20>21     64    00    6    ok
  54.095   50.9ms  21>20     61    00    5    ok
  54.095  304.7ms  3e>20     01    da    1    ok
  54.095  304.7ms  20>3e     04    da    12   ok
  54.145  101.4ms  21>20     64    00    7    ok
  54.145   50.6ms  20>21     64    00    6    ok
  54.145   50.6ms  21>20     61    00    5    ok
  54.145   50.6ms  3e>20     01    da    1    ok
  54.195  100.9ms  20>3e     04    da    12   ok
  54.195   50.4ms  21>20     64    00    7    ok
  54.195   50.3ms  20>21     64    00    6    ok
  54.196  354.3ms  21>20     65    00    5    ok
  54.246  100.4ms  21>20     61    00    5    ok
  54.246  100.4ms  3e>20     01    b4    1    ok
  54.246   50.2ms  20>3e     04    b4    6    ok
  54.246   50.1ms  21>20     64    00    7    ok
  54.297  101.7ms  20>21     64    00    6    ok
  54.297   51.6ms  21>20     61    00    5    ok
  54.297   51.6ms  3e>20     01    b4    1    ok
  54.297   51.6ms  20>3e     04    b4    6    ok
  54.348   50.7ms  21>20     61    00    5    ok
  54.348  304.3ms  3e>22     01    33    1    ok
  54.348  304.3ms  22>3e     04    33    4    ok
  54.348  102.3ms  21>20     64    00    7    ok
  54.401  103.6ms  20>21     64    00    6    ok
  54.401  205.3ms  21>20     65    00    5    ok
  54.401   52.9ms  21>20     61    00    5    ok
  54.453  105.1ms  3e>22     01    33    1    ok
  54.453  105.1ms  22>3e     04    33    4    ok
  54.453   52.3ms  21>20     61    00    5    ok
  54.453    0.0ms  3e>22     01    35    1    ok
  54.504   50.8ms  22>3e     04    35    2    ok
  54.504  156.0ms  21>20     64    00    7    ok
  54.504  103.2ms  20>21     64    00    6    ok
  54.504  103.2ms  21>20     65    00    5    ok
  54.504   50.9ms  21>20     61    00    5    ok
  54.554  257.2ms  3e>20     01    da    1    ok
  54.554  257.2ms  20>3e     04    da    12   ok
  54.554   50.5ms  21>20     64    00    7    ok
  54.554   50.5ms  20>21     64    00    6    ok
  54.605  101.0ms  21>20     65    00    5    ok
  54.605    0.0ms  21>20     65    00    5    ok
  54.605  101.1ms  21>20     61    00    5    ok
  54.656  101.8ms  3e>20     01    da    1    ok
  54.656  101.8ms  20>3e     04    da    12   ok
  54.656  101.8ms  21>20     64    00    7    ok
  54.656  101.9ms  20>21     64    00    6    ok
  54.707  102.1ms  21>20     65    00    5    ok
  54.707  102.2ms  21>20     61    00    5    ok
  54.707   51.0ms  3e>20     01    75    1    ok
  54.707   50.9ms  20>3e     04    75    2    ok
  54.759  102.8ms  21>20     64    00    7    ok
  54.759  102.8ms  20>21     64    00    6    ok
  54.759   51.9ms  21>20     61    00    5    ok
  54.810  102.8ms  3e>20     01    b4    1    ok
  54.810  102.9ms  20>3e     04    b4    6    ok
  54.810   51.0ms  21>20     61    00    5    ok
  54.810    0.1ms  3e>20     01    75    1    ok
  54.810    0.0ms  20>3e     04    75    2    ok
  54.863   52.7ms  21>20     61    00    5    ok
  54.863   52.7ms  3e>20     01    b4    1    ok
  54.863   52.7ms  20>3e     04    b4    6    ok
  54.914   51.0ms  21>20     61    00    5    ok
  54.914  460.7ms  3e>22     01    33    1    ok
  54.914  409.9ms  22>3e     04    33    4    ok
  54.914    0.1ms  21>20     61    00    5    ok
  54.964   50.4ms  3e>22     01    33    1    ok
  54.964   50.4ms  22>3e     04    33    4    ok
  54.964   50.4ms  21>20     61    00    5    ok
  54.964    0.1ms  3e>22     01    35    1    ok
  55.016   51.5ms  22>3e     04    35    2    ok
  55.016  256.7ms  21>20     64    00    7    ok
  55.016  256.7ms  20>21     64    00    6    ok
  55.016  308.7ms  21>20     65    00    5    ok
  55.067  102.2ms  21>20     61    00    5    ok
  55.067  102.3ms  3e>22     01    35    1    ok
  55.067   50.9ms  22>3e     04    35    2    ok
  55.067    0.1ms  21>20     61    00    5    ok
  55.117  254.6ms  3e>20     01    da    1    ok
  55.117  254.6ms  20>3e     04    da    12   ok
  55.117  101.7ms  21>20     64    00    7    ok
  55.118  101.7ms  20>21     64    00    6    ok
  55.169  152.9ms  21>20     65    00    5    ok
  55.169  102.2ms  21>20     61    00    5    ok
  55.169   51.3ms  3e>20     01    da    1    ok
  55.221  103.7ms  20>3e     04    da    12   ok
  55.221  103.7ms  21>20     64    00    7    ok
  55.221  103.7ms  20>21     64    00    6    ok
  55.221   52.5ms  21>20     65    00    5    ok
  55.272  102.8ms  21>20     61    00    5    ok
  55.272  102.8ms  3e>20     01    b4    1    ok
  55.272   50.4ms  20>3e     04    b4    6    ok
  55.272   50.4ms  21>20     64    00    7    ok
  55.272   50.4ms  20>21     64    00    6    ok
  55.324   52.2ms  21>20     61    00    5    ok
  55.324   52.1ms  3e>20     01    b4    1    ok
  55.324   52.2ms  20>3e     04    b4    6    ok
  55.324    0.1ms  21>20     61    00    5    ok
  55.375  308.2ms  3e>22     01    33    1    ok
  55.375  308.2ms  22>3e     04    33    4    ok
  55.375  103.2ms  21>20     64    00    7    ok
  55.375  103.2ms  20>21     64    00    6    ok
  55.425  204.0ms  21>20     65    00    5    ok
  55.425  101.6ms  21>20     61    00    5    ok
  55.425   50.6ms  3e>22     01    35    1    ok
  55.477  102.5ms  22>3e     04    35    2    ok
  55.477  102.5ms  21>20     64    00    7    ok
  55.477  102.5ms  20>21     64    00    6    ok
  55.477   52.1ms  21>20     65    00    5    ok
  55.528   50.3ms  21>20     65    00    5    ok
  55.528  102.4ms  21>20     61    00    5    ok
  55.528  102.4ms  3e>22     01    35    1    ok
  55.580  103.2ms  22>3e     04    35    2    ok
  55.580   52.8ms  21>20     61    00    5    ok
  55.580  256.7ms  3e>20     01    da    1    ok
  55.580  256.7ms  20>3e     04    da    12   ok
  55.632   51.7ms  21>20     61    00    5    ok
  55.632   51.7ms  3e>20     01    da    1    ok
  55.632   51.7ms  20>3e     04    da    12   ok
  55.632  154.9ms  21>20     64    00    7    ok
  55.684  206.9ms  20>21     64    00    6    ok
  55.684  156.5ms  21>20     65    00    5    ok
  55.684    0.0ms  21>20     65    00    5    ok
  55.684   52.0ms  21>20     61    00    5    ok
  55.735  103.2ms  3e>20     01    b4    1    ok
  55.735  103.2ms  20>3e     04    b4    6    ok
  55.735  103.2ms  21>20     64    00    7    ok
  55.735   51.3ms  20>21     64    00    6    ok
  55.786  101.7ms  21>20     65    00    5    ok
  55.786  101.8ms  21>20     61    00    5    ok
  55.786   50.6ms  3e>20     01    b4    1    ok
  55.837  101.3ms  20>3e     04    b4    6    ok
  55.837   50.8ms  21>20     61    00    5    ok
  55.837  309.1ms  3e>22     01    33    1    ok
  55.837  256.3ms  22>3e     04    33    4    ok
  55.887  151.9ms  21>20     64    00    7    ok
  55.887  151.9ms  20>21     64    00    6    ok
  55.887   50.6ms  21>20     61    00    5    ok
  55.887   50.6ms  3e>22     01    33    1    ok
  55.938  100.9ms  22>3e     04    33    4    ok
  55.938   50.3ms  21>20     61    00    5    ok
  55.938   50.3ms  3e>22     01    35    1    ok
  55.938    0.1ms  22>3e     04    35    2    ok
  55.988   50.4ms  21>20     61    00    5    ok
  55.988   50.4ms  3e>22     01    35    1    ok
  55.988   50.4ms  22>3e     04    35    2    ok
  55.988  100.8ms  21>20     64    00    7    ok
  56.040  152.4ms  20>21     64    00    6    ok
  56.040   51.8ms  21>20     61    00    5    ok
  56.040  253.9ms  3e>20     01    da    1    ok
  56.040  203.2ms  20>3e     04    da    12   ok
  56.091  103.2ms  21>20     64    00    7    ok
  56.091   51.6ms  20>21     64    00    6    ok
  56.091   51.5ms  21>20     61    00    5    ok
  56.091   51.5ms  3e>20     01    b0    1    ok
  56.144  104.4ms  20>3e     04    b0    52   BAD
  56.144   53.0ms  21>20     64    00    7    ok
  56.144   52.9ms  20>21     64    00    6    ok
  56.144  358.4ms  21>20     65    00    5    ok
  56.196   51.2ms  21>20     65    00    5    ok
  56.196  104.2ms  21>20     61    00    5    ok
  56.196  104.1ms  3e>20     01    25    1    ok
  56.196   51.3ms  20>3e     04    25    2    ok
  56.247  102.6ms  21>20     64    00    7    ok
  56.247  102.6ms  20>21     64    00    6    ok
  56.247   51.4ms  21>20     65    00    5    ok
  56.247   51.4ms  21>20     61    00    5    ok
  56.300  104.2ms  3e>20     01    da    1    ok
  56.300  104.2ms  20>3e     04    da    12   ok
  56.300   52.9ms  21>20     61    00    5    ok
  56.351   51.2ms  3e>20     01    b4    1    ok
  56.351   51.2ms  20>3e     04    b4    6    ok
  56.351  104.1ms  21>20     64    00    7    ok
  56.351  104.0ms  20>21     64    00    6    ok
  56.351   51.2ms  21>20     61    00    5    ok
  56.403  414.5ms  3e>22     01    33    1    ok
  56.403  414.5ms  22>3e     04    33    4    ok
  56.403   51.7ms  21>20     64    00    7    ok
  56.403   51.7ms  20>21     64    00    6    ok
  56.453  101.8ms  21>20     61    00    5    ok
  56.453  101.9ms  3e>20     01    b4    1    ok
  56.453  101.9ms  20>3e     04    b4    6    ok
  56.453   50.2ms  21>20     64    00    7    ok
  56.453   50.2ms  20>21     64    00    6    ok
  56.505   52.6ms  21>20     61    00    5    ok
  56.505  102.8ms  3e>22     01    35    1    ok
  56.505  102.8ms  22>3e     04    35    2    ok
  56.505    0.1ms  21>20     61    00    5    ok
  56.556   50.2ms  3e>22     01    33    1    ok
  56.556   50.2ms  22>3e     04    33    4    ok
  56.556  102.8ms  21>20     64    00    7    ok
  56.556  102.8ms  20>21     64    00    6    ok
  56.606  358.9ms  21>20     65    00    5    ok
  56.606    0.0ms  21>20     65    00    5    ok
  56.606  100.4ms  21>20     61    00    5    ok
  56.658  102.5ms  3e>22     01    31    1    ok
  56.658  102.5ms  22>3e     04    31    2    ok
  56.658   52.3ms  21>20     61    00    5    ok
  56.709  256.0ms  3e>20     01    da    1    ok
  56.709  256.0ms  20>3e     04    da    12   ok
  56.709  153.2ms  21>20     64    00    7    ok
  56.709  153.2ms  20>21     64    00    6    ok
  56.709  103.0ms  21>20     65    00    5    ok
  56.759  101.0ms  21>20     61    00    5    ok
  56.759   50.4ms  3e>20     01    b4    1    ok
  56.759   50.4ms  20>3e     04    b4    6    ok
  56.810  101.4ms  21>20     64    00    7    ok
  56.810  101.4ms  20>21     64    00    6    ok
  56.810   51.2ms  21>20     61    00    5    ok
  56.810   51.1ms  3e>20     01    b4    1    ok
  56.862  102.6ms  20>3e     04    b4    6    ok
  56.862   51.5ms  21>20     61    00    5    ok
  56.862  203.7ms  3e>22     01    33    1    ok
  56.862  203.7ms  22>3e     04    33    4    ok
  56.912  102.2ms  21>20     64    00    7    ok
  56.912  102.2ms  20>21     64    00    6    ok
  56.912  203.6ms  21>20     65    00    5    ok
  56.912   50.7ms  21>20     61    00    5    ok
  56.964  102.4ms  3e>22     01    35    1    ok
  56.964  102.4ms  22>3e     04    35    2    ok
  56.964   51.8ms  21>20     64    00    7    ok
  56.964   51.8ms  20>21     64    00    6    ok
  57.015  102.5ms  21>20     61    00    5    ok
  57.015   50.9ms  3e>22     01    35    1    ok
  57.015   50.9ms  22>3e     04    35    2    ok
  57.015   50.9ms  21>20     64    00    7    ok
  57.066  101.7ms  20>21     64    00    6    ok
  57.066   50.9ms  21>20     61    00    5    ok
  57.066  255.6ms  3e>20     01    da    1    ok
  57.066  204.2ms  20>3e     04    da    12   ok
  57.116  101.1ms  21>20     64    00    7    ok
  57.116   50.3ms  21>20     61    00    5    ok
  57.116   50.3ms  3e>20     01    da    1    ok
  57.116   50.3ms  20>3e     04    da    12   ok
  57.166   50.2ms  21>20     64    00    7    ok
  57.166  100.5ms  20>21     64    00    6    ok
  57.166  253.9ms  21>20     65    00    5    ok
  57.166    0.0ms  21>20     65    00    5    ok
  57.218  101.4ms  21>20     61    00    5    ok
  57.218  101.4ms  3e>20     01    75    1    ok
  57.218  101.4ms  20>3e     04    75    2    ok
  57.268  101.7ms  21>20     64    00    7    ok
  57.268  101.7ms  20>21     64    00    6    ok
  57.268  101.7ms  21>20     65    00    5    ok
  57.268   50.5ms  21>20     61    00    5    ok
  57.319  101.4ms  3e>20     01    b4    1    ok
  57.319  101.5ms  20>3e     04    b4    6    ok
  57.319   51.0ms  21>20     61    00    5    ok
  57.370   50.9ms  3e>20     01    75    1    ok
  57.370   50.8ms  20>3e     04    75    2    ok
  57.370   50.8ms  21>20     61    00    5    ok
  57.370  354.9ms  3e>22     01    33    1    ok
  57.423  408.3ms  22>3e     04    33    4    ok
  57.423  155.4ms  21>20     64    00    7    ok
  57.423  155.3ms  20>21     64    00    6    ok
  57.423  155.3ms  21>20     65    00    5    ok
  57.475  105.1ms  21>20     61    00    5    ok
  57.475  105.1ms  3e>22     01    33    1    ok
  57.475   51.7ms  22>3e     04    33    4    ok
  57.475    0.0ms  21>20     61    00    5    ok
  57.526   50.6ms  3e>22     01    35    1    ok
  57.526   50.7ms  22>3e     04    35    2    ok
  57.526   50.7ms  21>20     61    00    5    ok
  57.578   52.3ms  3e>22     01    35    1    ok
  57.578   52.2ms  22>3e     04    35    2    ok
  57.578  154.5ms  21>20     64    00    7    ok
  57.578  154.5ms  20>21     64    00    6    ok
  57.578   52.2ms  21>20     61    00    5    ok
  57.628  258.2ms  3e>20     01    da    1    ok
  57.628  258.2ms  20>3e     04    da    12   ok
  57.628   50.2ms  21>20     64    00    7    ok
  57.628   50.2ms  20>21     64    00    6    ok
  57.628   50.2ms  21>20     61    00    5    ok
  57.679   50.7ms  3e>20     01    da    1    ok
  57.679   50.7ms  20>3e     04    da    12   ok
  57.679   50.7ms  21>20     64    00    7    ok
  57.679   50.7ms  20>21     64    00    6    ok
  57.729  305.8ms  21>20     65    00    5    ok
  57.729    0.0ms  21>20     65    00    5    ok
  57.729  101.1ms  21>20     61    00    5    ok
  57.780  100.8ms  3e>20     01    b4    1    ok
  57.780  100.8ms  20>3e     04    b4    6    ok
  57.780  100.8ms  21>20     64    00    7    ok
  57.780  100.8ms  20>21     64    00    6    ok
  57.830  100.6ms  21>20     61    00    5    ok
  57.830   50.2ms  3e>20     01    b4    1    ok
  57.830   50.2ms  20>3e     04    b4    6    ok
  57.830    0.1ms  21>20     61    00    5    ok
  57.882  304.5ms  3e>22     01    33    1    ok
  57.882  304.5ms  22>3e     04    33    4    ok
  57.882   52.6ms  21>20     61    00    5    ok
  57.933   50.2ms  3e>22     01    33    1    ok
  57.933   50.2ms  22>3e     04    33    4    ok
  57.933  153.0ms  21>20     64    00    7    ok
  57.933  153.0ms  20>21     64    00    6    ok
  57.933   50.3ms  21>20     61    00    5    ok
  57.984   51.2ms  3e>22     01    35    1    ok
  57.984   51.2ms  22>3e     04    35    2    ok
  57.984   51.2ms  21>20     64    00    7    ok
  57.984   51.2ms  20>21     64    00    6    ok
  58.034  101.4ms  21>20     61    00    5    ok
  58.034   50.3ms  3e>22     01    35    1    ok
  58.034   50.3ms  22>3e     04    35    2    ok
  58.034   50.3ms  21>20     64    00    7    ok
  58.086  102.5ms  20>21     64    00    6    ok
  58.086   52.3ms  21>20     61    00    5    ok
  58.087  256.6ms  3e>20     01    da    1    ok
  58.087  256.6ms  20>3e     04    da    12   ok
  58.138  103.3ms  21>20     64    00    7    ok
  58.138   51.1ms  20>21     64    00    6    ok
  58.138   51.1ms  21>20     61    00    5    ok
  58.138   51.1ms  3e>20     01    da    1    ok
  58.138   51.1ms  20>3e     04    da    12   ok
  58.188   50.1ms  21>20     64    00    7    ok
  58.188   50.1ms  20>21     64    00    6    ok
  58.188  458.5ms  21>20     65    00    5    ok
  58.239   51.2ms  21>20     65    00    5    ok
  58.239  101.4ms  21>20     61    00    5    ok
  58.239  101.4ms  3e>20     01    b4    1    ok
  58.239  101.4ms  20>3e     04    b4    6    ok
  58.289  101.6ms  21>20     64    00    7    ok
  58.289  101.5ms  20>21     64    00    6    ok
  58.289   50.3ms  21>20     65    00    5    ok
  58.289   50.3ms  21>20     61    00    5    ok
  58.340  100.8ms  3e>20     01    b4    1    ok
  58.340  100.8ms  20>3e     04    b4    6    ok
  58.340   50.6ms  21>20     61    00    5    ok
  58.390  356.2ms  3e>22     01    33    1    ok
  58.390  356.2ms  22>3e     04    33    4    ok
  58.390   50.6ms  21>20     61    00    5    ok
  58.390    0.1ms  3e>22     01    33    1    ok
  58.441   50.2ms  22>3e     04    33    4    ok
  58.441   50.2ms  21>20     61    00    5    ok
  58.441   50.2ms  3e>22     01    35    1    ok
  58.441    0.1ms  22>3e     04    35    2    ok
  58.491  202.1ms  21>20     64    00    7    ok
  58.491  202.1ms  20>21     64    00    6    ok
  58.491   50.8ms  21>20     61    00    5    ok
  58.491   50.8ms  3e>22     01    35    1    ok
  58.542  101.8ms  22>3e     04    35    2    ok
  58.542   51.1ms  21>20     61    00    5    ok
  58.542  202.7ms  3e>20     01    da    1    ok
  58.543  202.7ms  20>3e     04    da    12   ok
  58.593  101.3ms  21>20     64    00    7    ok
  58.593  101.3ms  20>21     64    00    6    ok
  58.593  303.5ms  21>20     65    00    5    ok
  58.593    0.0ms  21>20     65    00    5    ok
  58.643   50.5ms  21>20     65    00    5    ok
  58.643    0.0ms  21>20     65    00    5    ok
  58.694  101.0ms  21>20     64    00    7    ok
  58.694  101.0ms  20>21     64    00    6    ok
  58.694   50.4ms  21>20     65    00    5    ok
  58.694  151.2ms  21>20     61    00    5    ok
  58.746  203.6ms  3e>20     01    75    1    ok
  58.746  203.7ms  20>3e     04    75    2    ok
  58.746   52.5ms  21>20     64    00    7    ok
  58.746   52.5ms  20>21     64    00    6    ok
  58.797  102.8ms  21>20     61    00    5    ok
  58.797   50.4ms  3e>20     01    da    1    ok
  58.797   50.4ms  20>3e     04    da    12   ok
  58.797   50.4ms  21>20     64    00    7    ok
  58.797   50.4ms  20>21     64    00    6    ok
  58.849  155.7ms  21>20     65    00    5    ok
  58.849    0.0ms  21>20     65    00    5    ok
  58.849    0.0ms  21>20     65    00    5    ok
  58.901   51.3ms  21>20     65    00    5    ok
  58.901  104.3ms  21>20     64    00    7    ok
  58.901  104.3ms  20>21     64    00    6    ok
  58.952   50.7ms  21>20     65    00    5    ok
  58.952  155.1ms  21>20     61    00    5    ok
  58.952  460.2ms  3e>22     01    35    1    ok
  59.004  461.5ms  22>3e     04    35    2    ok
  59.004  103.1ms  21>20     64    00    7    ok
  59.004  103.1ms  20>21     64    00    6    ok
  59.004   52.4ms  21>20     61    00    5    ok
  59.055  103.1ms  3e>22     01    33    1    ok
  59.055   50.8ms  22>3e     04    33    4    ok
  59.055   50.8ms  21>20     64    00    7    ok
  59.055   50.8ms  20>21     64    00    6    ok
  59.055   50.7ms  21>20     61    00    5    ok
  59.106  309.8ms  3e>20     01    da    1    ok
  59.106  309.8ms  20>3e     04    da    12   ok
  59.106   51.7ms  21>20     64    00    7    ok
  59.106   51.7ms  20>21     64    00    6    ok
  59.158  103.3ms  21>20     61    00    5    ok
  59.158  103.4ms  3e>22     01    31    1    ok
  59.158  103.4ms  22>3e     04    31    2    ok
  59.158   51.7ms  21>20     64    00    7    ok
  59.209  102.5ms  20>21     64    00    6    ok
  59.209  257.4ms  21>20     65    00    5    ok
  59.209    0.0ms  21>20     65    00    5    ok
  59.260   51.1ms  21>20     65    00    5    ok
  59.260    0.0ms  21>20     65    00    5    ok
  59.260  102.0ms  21>20     64    00    7    ok
  59.260   51.2ms  20>21     64    00    6    ok
  59.310   50.2ms  21>20     65    00    5    ok
  59.310    0.0ms  21>20     65    00    5    ok
  59.310    0.0ms  21>20     65    00    5    ok
  59.362   51.4ms  21>20     65    00    5    ok
  59.362  101.6ms  21>20     64    00    7    ok
  59.362  101.6ms  20>21     64    00    6    ok
  59.412   50.6ms  21>20     65    00    5    ok
  59.412    0.0ms  21>20     65    00    5    ok
  59.412    0.0ms  21>20     65    00    5    ok
  59.463   50.3ms  21>20     65    00    5    ok
  59.463  101.0ms  21>20     64    00    7    ok
  59.463  101.0ms  20>21     64    00    6    ok
  59.513   50.3ms  21>20     65    00    5    ok
  59.513    0.0ms  21>20     65    00    5    ok
  59.513    0.0ms  21>20     65    00    5    ok
  59.565   52.4ms  21>20     65    00    5    ok
  59.565  102.7ms  21>20     64    00    7    ok
  59.565  102.7ms  20>21     64    00    6    ok
  59.617   51.4ms  21>20     65    00    5    ok
  59.617    0.0ms  21>20     65    00    5    ok
  59.617    0.0ms  21>20     65    00    5    ok
  59.669   52.0ms  21>20     65    00    5    ok
  59.669  103.5ms  21>20     64    00    7    ok
  59.669  103.5ms  20>21     64    00    6    ok
  59.721   52.3ms  21>20     65    00    5    ok
  59.721    0.0ms  21>20     65    00    5    ok
  59.721    0.0ms  21>20     65    00    5    ok
  59.771   50.3ms  21>20     65    00    5    ok
  59.771  102.6ms  21>20     64    00    7    ok
  59.771  102.6ms  20>21     64    00    6    ok
  59.771    0.1ms  21>20     65    00    5    ok
  59.824   52.2ms  21>20     65    00    5    ok
  59.824    0.0ms  21>20     65    00    5    ok
  59.874   50.4ms  21>20     65    00    5    ok
  59.874  102.7ms  21>20     64    00    7    ok
  59.874  102.7ms  20>21     64    00    6    ok
  59.874    0.1ms  21>20     65    00    5    ok
  59.927   53.1ms  21>20     65    00    5    ok
  59.927    0.0ms  21>20     65    00    5    ok
  59.979   51.7ms  21>20     65    00    5    ok
  59.979  104.9ms  21>20     64    00    7    ok
  59.979  104.9ms  20>21     64    00    6    ok
  59.979    0.1ms  21>20     65    00    5    ok
  60.032   52.8ms  21>20     65    00    5    ok
  60.032    0.0ms  21>20     65    00    5    ok
  60.032    0.0ms  21>20     65    00    5    ok
  60.084  104.8ms  21>20     64    00    7    ok
  60.084  104.8ms  20>21     64    00    6    ok
  60.084   52.0ms  21>20     65    00    5    ok
  60.135   50.7ms  21>20     65    00    5    ok
  60.135    0.1ms  21>20     65    00    5    ok
  60.135    0.0ms  21>20     65    00    5    ok
  60.188  103.8ms  21>20     64    00    7    ok
  60.188  103.9ms  20>21     64    00    6    ok
  60.188   53.1ms  21>20     65    00    5    ok
  60.239   51.3ms  21>20     65    00    5    ok
  60.239    0.0ms  21>20     65    00    5    ok
  60.239    0.0ms  21>20     65    00    5    ok
  60.291  103.4ms  21>20     64    00    7    ok
  60.291  103.4ms  20>21     64    00    6    ok
  60.291   52.1ms  21>20     65    00    5    ok
  60.291    0.0ms  21>20     65    00    5    ok
  60.342   51.3ms  21>20     65    00    5    ok
  60.343    0.0ms  21>20     65    00    5    ok
  60.393  101.7ms  21>20     64    00    7    ok
  60.393  101.7ms  20>21     64    00    6    ok
  60.393   50.4ms  21>20     65    00    5    ok
  60.393    0.0ms  21>20     65    00    5    ok
  60.446   52.7ms  21>20     65    00    5    ok
  60.446    0.1ms  21>20     65    00    5    ok
  60.496  103.2ms  21>20     64    00    7    ok
  60.496  103.2ms  20>21     64    00    6    ok
  60.496   50.4ms  21>20     65    00    5    ok
  60.496    0.0ms  21>20     65    00    5    ok
  60.550   53.7ms  21>20     65    00    5    ok
  60.550    0.0ms  21>20     65    00    5    ok
  60.601  104.6ms  21>20     64    00    7    ok
  60.601  104.6ms  20>21     64    00    6    ok
  60.601   50.9ms  21>20     65    00    5    ok
  60.601    0.0ms  21>20     65    00    5    ok
  60.652   51.1ms  21>20     65    00    5    ok
  60.652    0.0ms  21>20     65    00    5    ok
  60.652   51.2ms  21>20     64    00    7    ok
  60.703  102.6ms  20>21     64    00    6    ok
  60.703   51.5ms  21>20     65    00    5    ok
  60.703    0.0ms  21>20     65    00    5    ok
  60.754   50.4ms  21>20     65    00    5    ok
  60.754    0.1ms  21>20     65    00    5    ok
  60.754  102.0ms  21>20     64    00    7    ok
  60.805  102.1ms  20>21     64    00    6    ok
  60.805   51.6ms  21>20     65    00    5    ok
  60.805    0.0ms  21>20     65    00    5    ok
  60.856   50.8ms  21>20     65    00    5    ok
  60.856    0.0ms  21>20     65    00    5    ok
  60.856  102.5ms  21>20     64    00    7    ok
  60.909  103.7ms  20>21     64    00    6    ok
  60.909   52.8ms  21>20     65    00    5    ok
  60.909    0.0ms  21>20     65    00    5    ok
  60.960   50.8ms  21>20     65    00    5    ok
  60.960    0.1ms  21>20     65    00    5    ok
  60.960  103.6ms  21>20     64    00    7    ok
  60.960   50.9ms  20>21     64    00    6    ok
  61.012   52.2ms  21>20     65    00    5    ok
  61.012    0.0ms  21>20     65    00    5    ok
  61.012    0.0ms  21>20     65    00    5    ok
  61.063   50.7ms  21>20     65    00    5    ok
  61.063  103.0ms  21>20     64    00    7    ok
  61.063  103.0ms  20>21     64    00    6    ok
  61.113   50.3ms  21>20     65    00    5    ok
  61.113    0.0ms  21>20     65    00    5    ok
  61.113    0.0ms  21>20     65    00    5    ok
  61.164   51.2ms  21>20     65    00    5    ok
  61.164  101.5ms  21>20     64    00    7    ok
  61.165  101.5ms  20>21     64    00    6    ok
  61.215   50.4ms  21>20     65    00    5    ok
  61.215    0.1ms  21>20     65    00    5    ok
  61.215    0.0ms  21>20     65    00    5    ok
  61.266   51.0ms  21>20     65    00    5    ok
  61.266  101.5ms  21>20     64    00    7    ok
  61.266  101.5ms  20>21     64    00    6    ok
  61.317   50.9ms  21>20     65    00    5    ok
  61.317    0.0ms  21>20     65    00    5    ok
  61.317    0.0ms  21>20     65    00    5    ok
  61.368   51.0ms  21>20     65    00    5    ok
  61.368  101.9ms  21>20     64    00    7    ok
  61.368  101.9ms  20>21     64    00    6    ok
  61.419   50.9ms  21>20     65    00    5    ok
  61.419    0.1ms  21>20     65    00    5    ok
  61.419    0.0ms  21>20     65    00    5    ok
  61.469   50.2ms  21>20     65    00    5    ok
  61.469  101.2ms  21>20     64    00    7    ok
  61.469  101.2ms  20>21     64    00    6    ok
  61.520   51.0ms  21>20     65    00    5    ok
  61.520    0.0ms  21>20     65    00    5    ok
  61.520    0.0ms  21>20     65    00    5    ok
  61.572   51.9ms  21>20     65    00    5    ok
  61.572  102.9ms  21>20     64    00    7    ok
  61.572  102.9ms  20>21     64    00    6    ok
  61.624   52.4ms  21>20     65    00    5    ok
  61.624    0.0ms  21>20     65    00    5    ok
  61.624    0.0ms  21>20     65    00    5    ok
  61.675   50.4ms  21>20     65    00    5    ok
  61.675  102.9ms  21>20     64    00    7    ok
  61.675  102.9ms  20>21     64    00    6    ok
  61.675    0.0ms  21>20     65    00    5    ok
  61.727   51.7ms  21>20     65    00    5    ok
  61.727    0.0ms  21>20     65    00    5    ok
  61.778   51.0ms  21>20     65    00    5    ok
  61.778  102.8ms  21>20     64    00    7    ok
  61.778  102.8ms  20>21     64    00    6    ok
  61.778    0.1ms  21>20     65    00    5    ok
  61.831   53.7ms  21>20     65    00    5    ok
  61.831    0.1ms  21>20     65    00    5    ok
  61.882   50.7ms  21>20     65    00    5    ok
  61.882  104.5ms  21>20     64    00    7    ok
  61.882  104.5ms  20>21     64    00    6    ok
  61.882    0.1ms  21>20     65    00    5    ok
  61.933   51.1ms  21>20     65    00    5    ok
  61.933    0.0ms  21>20     65    00    5    ok
  61.933    0.0ms  21>20     65    00    5    ok
  61.984  102.1ms  21>20     64    00    7    ok
  61.984  102.1ms  20>21     64    00    6    ok
  61.984   51.0ms  21>20     65    00    5    ok
  62.035   50.3ms  21>20     65    00    5    ok
  62.035    0.0ms  21>20     65    00    5    ok
  62.035    0.0ms  21>20     65    00    5    ok
  62.088  103.3ms  21>20     64    00    7    ok
  62.088  103.3ms  20>21     64    00    6    ok
  62.088   52.9ms  21>20     65    00    5    ok
  62.138   50.3ms  21>20     65    00    5    ok
  62.138    0.0ms  21>20     65    00    5    ok
  62.138    0.0ms  21>20     65    00    5    ok
  62.189  101.9ms  21>20     64    00    7    ok
  62.190  101.9ms  20>21     64    00    6    ok
  62.190   51.6ms  21>20     65    00    5    ok
  62.241   51.6ms  21>20     65    00    5    ok
  62.241    0.1ms  21>20     65    00    5    ok
  62.241    0.0ms  21>20     65    00    5    ok
  62.294  104.7ms  21>20     64    00    7    ok
  62.294  104.6ms  20>21     64    00    6    ok
  62.294   53.0ms  21>20     65    00    5    ok
  62.294    0.0ms  21>20     65    00    5    ok
  62.347   52.6ms  21>20     65    00    5    ok
  62.347    0.0ms  21>20     65    00    5    ok
  62.398  103.4ms  21>20     64    00    7    ok
  62.398  103.4ms  20>21     64    00    6    ok
  62.398   50.8ms  21>20     65    00    5    ok
  62.398    0.0ms  21>20     65    00    5    ok
  62.451   53.1ms  21>20     65    00    5    ok
  62.451    0.1ms  21>20     65    00    5    ok
  62.503  105.0ms  21>20     64    00    7    ok
  62.503  105.0ms  20>21     64    00    6    ok
  62.503   51.8ms  21>20     65    00    5    ok
  62.503    0.0ms  21>20     65    00    5    ok
  62.555   52.3ms  21>20     65    00    5    ok
  62.555    0.0ms  21>20     65    00    5    ok
  62.555   52.4ms  21>20     64    00    7    ok
  62.607  104.2ms  20>21     64    00    6    ok
  62.607   51.9ms  21>20     65    00    5    ok
  62.607    0.0ms  21>20     65    00    5    ok
  62.657   50.6ms  21>20     65    00    5    ok
  62.657    0.1ms  21>20     65    00    5    ok
  62.658  102.6ms  21>20     64    00    7    ok
  62.709  102.3ms  20>21     64    00    6    ok
  62.709   51.7ms  21>20     65    00    5    ok
  62.709    0.0ms  21>20     65    00    5    ok
  62.760   51.1ms  21>20     65    00    5    ok
  62.760    0.0ms  21>20     65    00    5    ok
  62.760  102.8ms  21>20     64    00    7    ok
  62.813  104.1ms  20>21     64    00    6    ok
  62.813   52.9ms  21>20     65    00    5    ok
  62.813    0.0ms  21>20     65    00    5    ok
  62.864   51.1ms  21>20     65    00    5    ok
  62.864    0.0ms  21>20     65    00    5    ok
  62.864  104.1ms  21>20     64    00    7    ok
  62.864   51.2ms  20>21     64    00    6    ok
  62.915   50.8ms  21>20     65    00    5    ok
  62.915    0.0ms  21>20     65    00    5    ok
  62.915    0.0ms  21>20     65    00    5    ok
  62.967   51.6ms  21>20     65    00    5    ok
  62.967  102.5ms  21>20     64    00    7    ok
  62.967  102.5ms  20>21     64    00    6    ok
  63.017   50.6ms  21>20     65    00    5    ok
  63.017    0.0ms  21>20     65    00    5    ok
  63.017    0.0ms  21>20     65    00    5    ok
  63.068   50.8ms  21>20     65    00    5    ok
  63.068  101.4ms  21>20     64    00    7    ok
  63.068  101.4ms  20>21     64    00    6    ok
  63.119   50.5ms  21>20     65    00    5    ok
  63.119    0.0ms  21>20     65    00    5    ok
  63.119    0.0ms  21>20     65    00    5    ok
  63.170   50.9ms  21>20     65    00    5    ok
  63.170  101.3ms  21>20     64    00    7    ok
  63.170  101.3ms  20>21     64    00    6    ok
  63.220   50.5ms  21>20     65    00    5    ok
  63.220    0.0ms  21>20     65    00    5    ok
  63.220    0.0ms  21>20     65    00    5    ok
  63.271   50.7ms  21>20     65    00    5    ok
  63.271  101.2ms  21>20     64    00    7    ok
  63.271  101.2ms  20>21     64    00    6    ok
  63.322   51.4ms  21>20     65    00    5    ok
  63.322    0.1ms  21>20     65    00    5    ok
  63.322    0.0ms  21>20     65    00    5    ok
  63.375   52.5ms  21>20     65    00    5    ok
  63.375  104.1ms  21>20     64    00    7    ok
  63.375  104.1ms  20>21     64    00    6    ok
  63.427   51.7ms  21>20     65    00    5    ok
  63.427    0.0ms  21>20     65    00    5    ok
  63.427    0.0ms  21>20     65    00    5    ok
  63.477   50.2ms  21>20     65    00    5    ok
  63.477  102.0ms  21>20     64    00    7    ok
  63.477  102.0ms  20>21     64    00    6    ok
  63.477    0.1ms  21>20     65    00    5    ok
  63.529   52.1ms  21>20     65    00    5    ok
  63.529    0.0ms  21>20     65    00    5    ok
  63.579   50.4ms  21>20     65    00    5    ok
  63.579  102.6ms  21>20     64    00    7    ok
  63.579  102.6ms  20>21     64    00    6    ok
  63.579    0.1ms  21>20     65    00    5    ok
  63.630   50.9ms  21>20     65    00    5    ok
  63.630    0.0ms  21>20     65    00    5    ok
  63.682   51.1ms  21>20     65    00    5    ok
  63.682  102.2ms  21>20     64    00    7    ok
  63.682  102.2ms  20>21     64    00    6    ok
  63.682    0.1ms  21>20     65    00    5    ok
  63.734   52.5ms  21>20     65    00    5    ok
  63.734    0.0ms  21>20     65    00    5    ok
  63.786   51.9ms  21>20     65    00    5    ok
  63.786  104.5ms  21>20     64    00    7    ok
  63.786  104.5ms  20>21     64    00    6    ok
  63.786    0.1ms  21>20     65    00    5    ok
  63.838   51.7ms  21>20     65    00    5    ok
  63.838    0.0ms  21>20     65    00    5    ok
  63.838    0.0ms  21>20     65    00    5    ok
  63.889  102.5ms  21>20     64    00    7    ok
  63.889  102.6ms  20>21     64    00    6    ok
  63.889   50.9ms  21>20     65    00    5    ok
  63.939   50.3ms  21>20     65    00    5    ok
  63.939    0.0ms  21>20     65    00    5    ok
  63.939    0.0ms  21>20     65    00    5    ok
  63.992  103.6ms  21>20     64    00    7    ok
  63.992  103.6ms  20>21     64    00    6    ok
  63.992   53.3ms  21>20     65    00    5    ok
  64.044   51.5ms  21>20     65    00    5    ok
  64.044    0.0ms  21>20     65    00    5    ok
  64.044    0.0ms  21>20     65    00    5    ok
  64.096  104.0ms  21>20     64    00    7    ok
  64.096  104.0ms  20>21     64    00    6    ok
  64.096   52.5ms  21>20     65    00    5    ok
  64.148   51.6ms  21>20     65    00    5    ok
  64.148    0.0ms  21>20     65    00    5    ok
  64.148    0.0ms  21>20     65    00    5    ok
  64.198  101.8ms  21>20     64    00    7    ok
  64.198  101.8ms  20>21     64    00    6    ok
  64.198   50.2ms  21>20     65    00    5    ok
  64.198    0.0ms  21>20     65    00    5    ok
  64.251   52.5ms  21>20     65    00    5    ok
  64.251    0.1ms  21>20     65    00    5    ok
  64.302  103.7ms  21>20     64    00    7    ok
  64.302  103.7ms  20>21     64    00    6    ok
  64.302   51.1ms  21>20     65    00    5    ok
  64.302    0.0ms  21>20     65    00    5    ok
  64.355   53.5ms  21>20     65    00    5    ok
  64.355    0.1ms  21>20     65    00    5    ok
  64.407  105.3ms  21>20     64    00    7    ok
  64.407  105.3ms  20>21     64    00    6    ok
  64.407   51.8ms  21>20     65    00    5    ok
  64.407    0.0ms  21>20     65    00    5    ok
  64.457   50.2ms  21>20     65    00    5    ok
  64.457    0.0ms  21>20     65    00    5    ok
  64.457   50.3ms  21>20     64    00    7    ok
  64.509  101.9ms  20>21     64    00    6    ok
  64.509   51.8ms  21>20     65    00    5    ok
  64.509    0.0ms  21>20     65    00    5    ok
  64.560   50.5ms  21>20     65    00    5    ok
  64.560    0.0ms  21>20     65    00    5    ok
  64.560  102.3ms  21>20     64    00    7    ok
  64.613  103.6ms  20>21     64    00    6    ok
  64.613   53.1ms  21>20     65    00    5    ok
  64.613    0.0ms  21>20     65    00    5    ok
  64.663   50.3ms  21>20     65    00    5    ok
  64.663    0.0ms  21>20     65    00    5    ok
  64.663  103.4ms  21>20     64    00    7    ok
  64.663   50.3ms  20>21     64    00    6    ok
  64.714   51.1ms  21>20     65    00    5    ok
  64.714    0.0ms  21>20     65    00    5    ok
  64.765   50.8ms  21>20     65    00    5    ok
  64.765    0.0ms  21>20     65    00    5    ok
  64.765  102.0ms  21>20     64    00    7    ok
  64.765  102.0ms  20>21     64    00    6    ok
  64.818   52.8ms  21>20     65    00    5    ok
  64.818    0.0ms  21>20     65    00    5    ok
  64.818    0.0ms  21>20     65    00    5    ok
  64.869   51.4ms  21>20     65    00    5    ok
  64.869  104.3ms  21>20     64    00    7    ok
  64.869  104.3ms  20>21     64    00    6    ok
  64.920   50.4ms  21>20     65    00    5    ok
  64.920    0.0ms  21>20     65    00    5    ok
  64.920    0.0ms  21>20     65    00    5    ok
  64.970   50.4ms  21>20     65    00    5    ok
  64.970  100.9ms  21>20     64    00    7    ok
  64.970  100.9ms  20>21     64    00    6    ok
  65.021   50.7ms  21>20     65    00    5    ok
  65.021    0.0ms  21>20     65    00    5    ok
  65.021    0.0ms  21>20     65    00    5    ok
  65.072   51.4ms  21>20     65    00    5    ok
  65.072  102.1ms  21>20     64    00    7    ok
  65.072  102.1ms  20>21     64    00    6    ok
  65.123   51.1ms  21>20     65    00    5    ok
  65.123    0.0ms  21>20     65    00    5    ok
  65.123    0.0ms  21>20     65    00    5    ok
  65.175   51.4ms  21>20     65    00    5    ok
  65.175  102.6ms  21>20     64    00    7    ok
  65.175  102.6ms  20>21     64    00    6    ok
  65.227   51.8ms  21>20     65    00    5    ok
  65.227    0.0ms  21>20     65    00    5    ok
  65.227    0.0ms  21>20     65    00    5    ok
  65.279   51.9ms  21>20     65    00    5    ok
  65.279  103.7ms  21>20     64    00    7    ok
  65.279  103.8ms  20>21     64    00    6    ok
  65.279    0.1ms  21>20     65    00    5    ok
  65.330   50.8ms  21>20     65    00    5    ok
  65.330    0.1ms  21>20     65    00    5    ok
  65.380   50.3ms  21>20     65    00    5    ok
  65.380  101.2ms  21>20     64    00    7    ok
  65.380  101.2ms  20>21     64    00    6    ok
  65.380    0.0ms  21>20     65    00    5    ok
  65.432   51.6ms  21>20     65    00    5    ok
  65.432    0.0ms  21>20     65    00    5    ok
  65.482   50.7ms  21>20     65    00    5    ok
  65.482  102.4ms  21>20     64    00    7    ok
  65.482  102.4ms  20>21     64    00    6    ok
  65.482    0.1ms  21>20     65    00    5    ok
  65.534   51.8ms  21>20     65    00    5    ok
  65.534    0.0ms  21>20     65    00    5    ok
  65.585   51.2ms  21>20     65    00    5    ok
  65.585  103.1ms  21>20     64    00    7    ok
  65.585  103.1ms  20>21     64    00    6    ok
  65.585    0.1ms  21>20     65    00    5    ok
  65.639   53.4ms  21>20     65    00    5    ok
  65.639    0.1ms  21>20     65    00    5    ok
  65.691   52.6ms  21>20     65    00    5    ok
  65.691  106.1ms  21>20     64    00    7    ok
  65.691  106.1ms  20>21     64    00    6    ok
  65.692    0.1ms  21>20     65    00    5    ok
  65.742   50.6ms  21>20     65    00    5    ok
  65.742    0.1ms  21>20     65    00    5    ok
  65.742    0.0ms  21>20     65    00    5    ok
  65.795  103.2ms  21>20     64    00    7    ok
  65.795  103.2ms  20>21     64    00    6    ok
  65.795   52.6ms  21>20     65    00    5    ok
  65.845   50.3ms  21>20     65    00    5    ok
  65.845    0.0ms  21>20     65    00    5    ok
  65.845    0.0ms  21>20     65    00    5    ok
  65.896  101.5ms  21>20     64    00    7    ok
  65.896  101.5ms  20>21     64    00    6    ok
  65.896   51.2ms  21>20     65    00    5    ok
  65.948   51.7ms  21>20     65    00    5    ok
  65.948    0.0ms  21>20     65    00    5    ok
  65.948    0.0ms  21>20     65    00    5    ok
  65.999  103.3ms  21>20     64    00    7    ok
  66.000  103.2ms  20>21     64    00    6    ok
  66.000   51.5ms  21>20     65    00    5    ok
  66.000    0.0ms  21>20     65    00    5    ok
  66.051   51.9ms  21>20     65    00    5    ok
  66.051    0.0ms  21>20     65    00    5    ok
  66.102  102.3ms  21>20     64    00    7    ok
  66.102  102.4ms  20>21     64    00    6    ok
  66.102   50.4ms  21>20     65    00    5    ok
  66.102    0.0ms  21>20     65    00    5    ok
  66.153   51.2ms  21>20     65    00    5    ok
  66.153    0.0ms  21>20     65    00    5    ok
  66.204  102.2ms  21>20     64    00    7    ok
  66.204  102.2ms  20>21     64    00    6    ok
  66.204   50.9ms  21>20     65    00    5    ok
  66.204    0.0ms  21>20     65    00    5    ok
  66.254   50.3ms  21>20     65    00    5    ok
  66.254    0.0ms  21>20     65    00    5    ok
  66.306  101.5ms  21>20     64    00    7    ok
  66.306  101.5ms  20>21     64    00    6    ok
  66.306   51.2ms  21>20     65    00    5    ok
  66.306    0.0ms  21>20     65    00    5    ok
  66.359   53.5ms  21>20     65    00    5    ok
  66.359    0.0ms  21>20     65    00    5    ok
  66.409  103.8ms  21>20     64    00    7    ok
  66.409  103.8ms  20>21     64    00    6    ok
  66.409   50.2ms  21>20     65    00    5    ok
  66.409    0.0ms  21>20     65    00    5    ok
  66.460   50.8ms  21>20     65    00    5    ok
  66.460    0.0ms  21>20     65    00    5    ok
  66.460   50.9ms  21>20     64    00    7    ok
  66.511  101.3ms  20>21     64    00    6    ok
  66.511   50.4ms  21>20     65    00    5    ok
  66.511    0.0ms  21>20     65    00    5    ok
  66.561   50.1ms  21>20     65    00    5    ok
  66.561    0.0ms  21>20     65    00    5    ok
  66.561  100.5ms  21>20     64    00    7    ok
  66.613  102.2ms  20>21     64    00    6    ok
  66.613   52.0ms  21>20     65    00    5    ok
  66.613    0.0ms  21>20     65    00    5    ok
  66.663   50.6ms  21>20     65    00    5    ok
  66.663    0.0ms  21>20     65    00    5    ok
  66.663  102.7ms  21>20     64    00    7    ok
  66.717  104.1ms  20>21     64    00    6    ok
  66.717   53.4ms  21>20     65    00    5    ok
  66.717    0.0ms  21>20     65    00    5    ok
  66.767   50.4ms  21>20     65    00    5    ok
  66.767    0.0ms  21>20     65    00    5    ok
  66.767  104.0ms  21>20     64    00    7    ok
  66.767   50.6ms  20>21     64    00    6    ok
  66.820   53.1ms  21>20     65    00    5    ok
  66.821    0.0ms  21>20     65    00    5    ok
  66.821    0.0ms  21>20     65    00    5    ok
  66.872   51.2ms  21>20     65    00    5    ok
  66.872  104.4ms  21>20     64    00    7    ok
  66.872  104.4ms  20>21     64    00    6    ok
  66.922   50.5ms  21>20     65    00    5    ok
  66.922    0.0ms  21>20     65    00    5    ok
  66.922    0.0ms  21>20     65    00    5    ok
  66.974   51.5ms  21>20     65    00    5    ok
  66.974  102.1ms  21>20     64    00    7    ok
  66.974  102.1ms  20>21     64    00    6    ok
  67.025   51.0ms  21>20     65    00    5    ok
  67.025    0.0ms  21>20     65    00    5    ok
  67.025    0.0ms  21>20     65    00    5    ok
  67.077   52.3ms  21>20     65    00    5    ok
  67.077  103.3ms  21>20     64    00    7    ok
  67.077  103.3ms  20>21     64    00    6    ok
  67.128   50.4ms  21>20     65    00    5    ok
  67.128    0.0ms  21>20     65    00    5    ok
  67.128    0.0ms  21>20     65    00    5    ok
  67.179   51.8ms  21>20     65    00    5    ok
  67.179  102.2ms  21>20     64    00    7    ok
  67.179  102.2ms  20>21     64    00    6    ok
  67.232   52.3ms  21>20     65    00    5    ok
  67.232    0.0ms  21>20     65    00    5    ok
  67.232    0.0ms  21>20     65    00    5    ok
  67.282   50.3ms  21>20     65    00    5    ok
  67.282  102.6ms  21>20     64    00    7    ok
  67.282  102.6ms  20>21     64    00    6    ok
  67.282    0.1ms  21>20     65    00    5    ok
  67.334   52.0ms  21>20     65    00    5    ok
  67.334    0.0ms  21>20     65    00    5    ok
  67.385   50.8ms  21>20     65    00    5    ok
  67.385  102.9ms  21>20     64    00    7    ok
  67.385  102.9ms  20>21     64    00    6    ok
  67.385    0.1ms  21>20     65    00    5    ok
  67.439   53.5ms  21>20     65    00    5    ok
  67.439    0.0ms  21>20     65    00    5    ok
  67.490   51.6ms  21>20     65    00    5    ok
  67.490  105.2ms  21>20     64    00    7    ok
  67.490  105.2ms  20>21     64    00    6    ok
  67.490    0.1ms  21>20     65    00    5    ok
  67.542   51.3ms  21>20     65    00    5    ok
  67.542    0.0ms  21>20     65    00    5    ok
  67.542    0.0ms  21>20     65    00    5    ok
  67.593  102.4ms  21>20     64    00    7    ok
  67.593  102.4ms  20>21     64    00    6    ok
  67.593   51.1ms  21>20     65    00    5    ok
  67.643   50.4ms  21>20     65    00    5    ok
  67.643    0.0ms  21>20     65    00    5    ok
  67.643    0.0ms  21>20     65    00    5    ok
  67.696  103.4ms  21>20     64    00    7    ok
  67.696  103.4ms  20>21     64    00    6    ok
  67.696   52.9ms  21>20     65    00    5    ok
  67.747   51.2ms  21>20     65    00    5    ok
  67.747    0.0ms  21>20     65    00    5    ok
  67.747    0.0ms  21>20     65    00    5    ok
  67.800  104.4ms  21>20     64    00    7    ok
  67.800  104.4ms  20>21     64    00    6    ok
  67.800   53.2ms  21>20     65    00    5    ok
  67.851   50.4ms  21>20     65    00    5    ok
  67.851    0.0ms  21>20     65    00    5    ok
  67.851    0.0ms  21>20     65    00    5    ok
  67.902  101.6ms  21>20     64    00    7    ok
  67.902  101.6ms  20>21     64    00    6    ok
  67.902   51.1ms  21>20     65    00    5    ok
  67.902    0.0ms  21>20     65    00    5    ok
  67.954   52.0ms  21>20     65    00    5    ok
  67.954    0.0ms  21>20     65    00    5    ok
  68.005  102.7ms  21>20     64    00    7    ok
  68.005  102.7ms  20>21     64    00    6    ok
  68.005   50.7ms  21>20     65    00    5    ok
  68.005    0.0ms  21>20     65    00    5    ok
  68.056   51.2ms  21>20     65    00    5    ok
  68.056    0.0ms  21>20     65    00    5    ok
  68.107  102.4ms  21>20     64    00    7    ok
  68.107  102.3ms  20>21     64    00    6    ok
  68.107   51.1ms  21>20     65    00    5    ok
  68.107    0.0ms  21>20     65    00    5    ok
  68.159   52.1ms  21>20     65    00    5    ok
  68.159    0.0ms  21>20     65    00    5    ok
  68.210  103.1ms  21>20     64    00    7    ok
  68.210  103.1ms  20>21     64    00    6    ok
  68.210   50.9ms  21>20     65    00    5    ok
  68.210    0.0ms  21>20     65    00    5    ok
  68.263   52.4ms  21>20     65    00    5    ok
  68.263    0.0ms  21>20     65    00    5    ok
  68.263   52.5ms  21>20     64    00    7    ok
  68.315  105.1ms  20>21     64    00    6    ok
  68.315   52.7ms  21>20     65    00    5    ok
  68.315    0.0ms  21>20     65    00    5    ok
  68.366   50.3ms  21>20     65    00    5    ok
  68.366    0.0ms  21>20     65    00    5    ok
  68.366  103.0ms  21>20     64    00    7    ok
  68.419  103.4ms  20>21     64    00    6    ok
  68.419   53.0ms  21>20     65    00    5    ok
  68.419    0.0ms  21>20     65    00    5    ok
  68.469   50.3ms  21>20     65    00    5    ok
  68.469    0.0ms  21>20     65    00    5    ok
  68.469  103.3ms  21>20     64    00    7    ok
  68.469   50.4ms  20>21     64    00    6    ok
  68.521   51.7ms  21>20     65    00    5    ok
  68.521    0.0ms  21>20     65    00    5    ok
  68.571   50.6ms  21>20     65    00    5    ok
  68.571    0.0ms  21>20     65    00    5    ok
  68.571  102.3ms  21>20     64    00    7    ok
  68.571  102.3ms  20>21     64    00    6    ok
  68.623   51.6ms  21>20     65    00    5    ok
  68.623    0.1ms  21>20     65    00    5    ok
  68.623    0.0ms  21>20     65    00    5    ok
  68.674   50.9ms  21>20     65    00    5    ok
  68.674  102.7ms  21>20     64    00    7    ok
  68.674  102.7ms  20>21     64    00    6    ok
  68.724   50.4ms  21>20     65    00    5    ok
  68.724    0.0ms  21>20     65    00    5    ok
  68.724    0.0ms  21>20     65    00    5    ok
  68.775   50.2ms  21>20     65    00    5    ok
  68.775  100.7ms  21>20     64    00    7    ok
  68.775  100.7ms  20>21     64    00    6    ok
  68.825   50.5ms  21>20     65    00    5    ok
  68.825    0.0ms  21>20     65    00    5    ok
  68.825    0.0ms  21>20     65    00    5    ok
  68.876   50.7ms  21>20     65    00    5    ok
  68.876  101.2ms  21>20     64    00    7    ok
  68.876  101.2ms  20>21     64    00    6    ok
  68.927   50.8ms  21>20     65    00    5    ok
  68.927    0.0ms  21>20     65    00    5    ok
  68.927    0.0ms  21>20     65    00    5    ok
  68.979   51.9ms  21>20     65    00    5    ok
  68.979  102.7ms  21>20     64    00    7    ok
  68.979  102.7ms  20>21     64    00    6    ok
  69.029   50.7ms  21>20     65    00    5    ok
  69.029    0.0ms  21>20     65    00    5    ok
  69.029    0.0ms  21>20     65    00    5    ok
  69.082   53.0ms  21>20     65    00    5    ok
  69.082  103.8ms  21>20     64    00    7    ok
  69.082  103.8ms  20>21     64    00    6    ok
  69.135   52.4ms  21>20     65    00    5    ok
  69.135    0.0ms  21>20     65    00    5    ok
  69.135    0.0ms  21>20     65    00    5    ok
  69.185   50.3ms  21>20     65    00    5    ok
  69.185  102.8ms  21>20     64    00    7    ok
  69.185  102.8ms  20>21     64    00    6    ok
  69.185    0.1ms  21>20     65    00    5    ok
  69.238   52.9ms  21>20     65    00    5    ok
  69.238    0.0ms  21>20     65    00    5    ok
  69.288   50.3ms  21>20     65    00    5    ok
  69.288  103.4ms  21>20     64    00    7    ok
  69.289  103.4ms  20>21     64    00    6    ok
  69.289    0.1ms  21>20     65    00    5    ok
  69.341   52.6ms  21>20     65    00    5    ok
  69.341    0.0ms  21>20     65    00    5    ok
  69.392   51.3ms  21>20     65    00    5    ok
  69.392  104.0ms  21>20     64    00    7    ok
  69.392  104.0ms  20>21     64    00    6    ok
  69.393    0.1ms  21>20     65    00    5    ok
  69.444   51.1ms  21>20     65    00    5    ok
  69.444    0.0ms  21>20     65    00    5    ok
  69.495   51.1ms  21>20     65    00    5    ok
  69.495  102.3ms  21>20     64    00    7    ok
  69.495  102.3ms  20>21     64    00    6    ok
  69.495    0.0ms  21>20     65    00    5    ok
  69.545   50.3ms  21>20     65    00    5    ok
  69.545    0.0ms  21>20     65    00    5    ok
  69.545    0.0ms  21>20     65    00    5    ok
  69.596  101.0ms  21>20     64    00    7    ok
  69.596  101.0ms  20>21     64    00    6    ok
  69.596   50.7ms  21>20     65    00    5    ok
  69.646   50.2ms  21>20     65    00    5    ok
  69.646    0.0ms  21>20     65    00    5    ok
  69.646    0.0ms  21>20     65    00    5    ok
  69.699  103.4ms  21>20     64    00    7    ok
  69.699  103.4ms  20>21     64    00    6    ok
  69.699   53.1ms  21>20     65    00    5    ok
  69.751   51.3ms  21>20     65    00    5    ok
  69.751    0.0ms  21>20     65    00    5    ok
  69.751    0.0ms  21>20     65    00    5    ok
  69.802  102.8ms  21>20     64    00    7    ok
  69.802  102.8ms  20>21     64    00    6    ok
  69.802   51.5ms  21>20     65    00    5    ok
  69.852   50.4ms  21>20     65    00    5    ok
  69.853    0.0ms  21>20     65    00    5    ok
  69.853    0.0ms  21>20     65    00    5    ok
  69.904  102.4ms  21>20     64    00    7    ok
  69.904  102.4ms  20>21     64    00    6    ok
  69.904   51.9ms  21>20     65    00    5    ok
  69.904    0.0ms  21>20     65    00    5    ok
  69.956   51.7ms  21>20     65    00    5    ok
  69.956    0.0ms  21>20     65    00    5    ok
  70.007  102.3ms  21>20     64    00    7    ok
  70.007  102.3ms  20>21     64    00    6    ok
  70.007   50.6ms  21>20     65    00    5    ok
  70.007    0.0ms  21>20     65    00    5    ok
  70.059   51.7ms  21>20     65    00    5    ok
  70.059    0.0ms  21>20     65    00    5    ok
  70.110  102.9ms  21>20     64    00    7    ok
  70.110  102.9ms  20>21     64    00    6    ok
  70.110   51.1ms  21>20     65    00    5    ok
  70.110    0.0ms  21>20     65    00    5    ok
  70.161   51.1ms  21>20     65    00    5    ok
  70.161    0.1ms  21>20     65    00    5    ok
  70.212  102.7ms  21>20     64    00    7    ok
  70.212  102.7ms  20>21     64    00    6    ok
  70.212   51.5ms  21>20     65    00    5    ok
  70.212    0.0ms  21>20     65    00    5    ok
  70.265   52.8ms  21>20     65    00    5    ok
  70.265    0.0ms  21>20     65    00    5    ok
  70.265   52.9ms  21>20     64    00    7    ok
  70.317  105.1ms  20>21     64    00    6    ok
  70.318   52.3ms  21>20     65    00    5    ok
  70.318    0.0ms  21>20     65    00    5    ok
  70.368   50.8ms  21>20     65    00    5    ok
  70.368    0.0ms  21>20     65    00    5    ok
  70.368  103.2ms  21>20     64    00    7    ok
  70.420  103.0ms  20>21     64    00    6    ok
  70.421   52.2ms  21>20     65    00    5    ok
  70.472   51.3ms  21>20     65    00    5    BAD
  70.472  103.5ms  21>20     64    00    7    ok
  70.472   51.4ms  20>21     64    00    6    ok
  70.576  103.9ms  21>20     65    00    5    BAD
  70.576    0.0ms  21>20     65    00    5    ok
  70.626 22973.8ms  20>64     00    06    33   BAD
  70.678  102.0ms  21>20     65    00    5    BAD
  70.678  206.0ms  21>20     64    00    7    BAD
  70.728   50.7ms  21>20     65    00    5    ok
  70.729    0.0ms  21>20     65    00    5    BAD
  70.780 21953.6ms  21>20     00    27    7    BAD
  70.831  102.1ms  21>20     65    00    5    BAD
  70.882   51.5ms  21>20     65    00    5    BAD
  70.933  461.0ms  20>21     64    00    6    BAD
  70.933   50.8ms  21>20     65    00    5    BAD
  70.986   53.4ms  21>20     65    00    5    BAD
  70.986   53.5ms  20>21     64    00    6    ok
  71.038 21390.2ms  20>65     00    04    5    BAD
  71.088 56602.2ms  21>65     00    04    5    BAD
  71.088  410.5ms  21>20     64    00    7    ok
  71.088  101.9ms  20>21     64    00    6    BAD
  71.141  155.2ms  21>20     65    00    5    ok
  71.193   51.2ms  21>20     65    00    5    ok
  71.193  104.4ms  21>20     64    00    7    ok
  71.193  104.4ms  20>21     64    00    6    ok
  71.193    0.1ms  21>20     65    00    5    ok
  71.244   51.2ms  21>20     65    00    5    ok
  71.244    0.1ms  21>20     65    00    5    ok
  71.296   51.8ms  21>20     65    00    5    ok
  71.296  103.1ms  21>20     64    00    7    ok
  71.296  103.2ms  20>21     64    00    6    ok
  71.296    0.1ms  21>20     65    00    5    ok
  71.347   50.7ms  21>20     65    00    5    ok
  71.347    0.0ms  21>20     65    00    5    ok
  71.347    0.0ms  21>20     65    00    5    ok
  71.399  103.2ms  21>20     64    00    7    ok
  71.399  103.2ms  20>21     64    00    6    ok
  71.399   52.4ms  21>20     65    00    5    ok
  71.450   50.6ms  21>20     65    00    5    ok
  71.450    0.0ms  21>20     65    00    5    ok
  71.450    0.0ms  21>20     65    00    5    ok
  71.501  101.8ms  21>20     64    00    7    ok
  71.501  101.7ms  20>21     64    00    6    ok
  71.501   51.1ms  21>20     65    00    5    ok
  71.551   50.4ms  21>20     65    00    5    ok
  71.551    0.0ms  21>20     65    00    5    ok
  71.551    0.0ms  21>20     65    00    5    ok
  71.605  104.2ms  21>20     64    00    7    ok
  71.605  104.2ms  20>21     64    00    6    ok
  71.605   53.7ms  21>20     65    00    5    ok
  71.657   51.5ms  21>20     65    00    5    ok
  71.657    0.0ms  21>20     65    00    5    ok
  71.657    0.0ms  21>20     65    00    5    ok
  71.707  102.0ms  21>20     64    00    7    ok
  71.707  102.0ms  20>21     64    00    6    ok
  71.707   50.4ms  21>20     65    00    5    ok
  71.707    0.0ms  21>20     65    00    5    ok
  71.758   51.3ms  21>20     65    00    5    ok
  71.758    0.0ms  21>20     65    00    5    ok
  71.809  101.7ms  21>20     64    00    7    ok
  71.809  101.7ms  20>21     64    00    6    ok
  71.809   50.4ms  21>20     65    00    5    ok
  71.809    0.0ms  21>20     65    00    5    ok
  71.862   53.0ms  21>20     65    00    5    ok
  71.862    0.0ms  21>20     65    00    5    ok
  71.912  103.5ms  21>20     64    00    7    ok
  71.912  103.5ms  20>21     64    00    6    ok
  71.912   50.5ms  21>20     65    00    5    ok
  71.912    0.0ms  21>20     65    00    5    ok
  71.963   51.2ms  21>20     65    00    5    ok
  71.963    0.0ms  21>20     65    00    5    ok
  72.015  102.9ms  21>20     64    00    7    ok
  72.015  102.9ms  20>21     64    00    6    ok
  72.015   51.7ms  21>20     65    00    5    ok
  72.015    0.0ms  21>20     65    00    5    ok
  72.068   52.5ms  21>20     65    00    5    ok
  72.068    0.0ms  21>20     65    00    5    ok
  72.068   52.6ms  21>20     64    00    7    ok
  72.120  105.3ms  20>21     64    00    6    ok
  72.120   52.7ms  21>20     65    00    5    ok
  72.121    0.0ms  21>20     65    00    5    ok
  72.171   50.8ms  21>20     65    00    5    ok
  72.171    0.0ms  21>20     65    00    5    ok
  72.171  103.6ms  21>20     64    00    7    ok
  72.224  104.0ms  20>21     64    00    6    ok
  72.224   53.2ms  21>20     65    00    5    ok
  72.224    0.0ms  21>20     65    00    5    ok
  72.275   50.2ms  21>20     65    00    5    ok
  72.275    0.0ms  21>20     65    00    5    ok
  72.275  103.4ms  21>20     64    00    7    ok
  72.275   50.3ms  20>21     64    00    6    ok
  72.328   53.1ms  21>20     65    00    5    ok
  72.328    0.0ms  21>20     65    00    5    ok
  72.328    0.0ms  21>20     65    00    5    ok
  72.379   51.5ms  21>20     65    00    5    ok
  72.379  104.7ms  21>20     64    00    7    ok
  72.379  104.7ms  20>21     64    00    6    ok
  72.430   50.5ms  21>20     65    00    5    ok
  72.430    0.0ms  21>20     65    00    5    ok
  72.430    0.0ms  21>20     65    00    5    ok
  72.481   51.2ms  21>20     65    00    5    ok
  72.481  101.7ms  21>20     64    00    7    ok
  72.481  101.7ms  20>21     64    00    6    ok
  72.532   50.8ms  21>20     65    00    5    ok
  72.532    0.0ms  21>20     65    00    5    ok
  72.532    0.0ms  21>20     65    00    5    ok
  72.583   51.4ms  21>20     65    00    5    ok
  72.583  102.2ms  21>20     64    00    7    ok
  72.583  102.2ms  20>21     64    00    6    ok
  72.635   51.4ms  21>20     65    00    5    ok
  72.635    0.0ms  21>20     65    00    5    ok
  72.635    0.0ms  21>20     65    00    5    ok
  72.687   51.8ms  21>20     65    00    5    ok
  72.687  103.2ms  21>20     64    00    7    ok
  72.687  103.2ms  20>21     64    00    6    ok
  72.738   51.2ms  21>20     65    00    5    ok
  72.738    0.1ms  21>20     65    00    5    ok
  72.738    0.0ms  21>20     65    00    5    ok
  72.789   50.6ms  21>20     65    00    5    ok
  72.789  102.0ms  21>20     64    00    7    ok
  72.789  102.0ms  20>21     64    00    6    ok
  72.789    0.1ms  21>20     65    00    5    ok
  72.840   51.0ms  21>20     65    00    5    ok
  72.840    0.1ms  21>20     65    00    5    ok
  72.890   50.4ms  21>20     65    00    5    ok
  72.890  101.5ms  21>20     64    00    7    ok
  72.890  101.5ms  20>21     64    00    6    ok
  72.890    0.1ms  21>20     65    00    5    ok
  72.943   52.8ms  21>20     65    00    5    ok
  72.943    0.0ms  21>20     65    00    5    ok
  72.994   51.2ms  21>20     65    00    5    ok
  72.994  104.1ms  21>20     64    00    7    ok
  72.994  104.1ms  20>21     64    00    6    ok
  72.994    0.1ms  21>20     65    00    5    ok
  73.048   53.4ms  21>20     65    00    5    ok
  73.048    0.1ms  21>20     65    00    5    ok
  73.099   50.8ms  21>20     65    00    5    ok
  73.099  104.4ms  21>20     64    00    7    ok
  73.099  104.4ms  20>21     64    00    6    ok
  73.099    0.1ms  21>20     65    00    5    ok
  73.149   50.4ms  21>20     65    00    5    ok
  73.149    0.0ms  21>20     65    00    5    ok
  73.149    0.0ms  21>20     65    00    5    ok
  73.200  101.9ms  21>20     64    00    7    ok
  73.200  101.9ms  20>21     64    00    6    ok
  73.201   51.5ms  21>20     65    00    5    ok
  73.251   50.3ms  21>20     65    00    5    ok
  73.251    0.0ms  21>20     65    00    5    ok
  73.251    0.0ms  21>20     65    00    5    ok
  73.303  102.1ms  21>20     64    00    7    ok
  73.303  102.1ms  20>21     64    00    6    ok
  73.303   51.7ms  21>20     65    00    5    ok
  73.354   50.9ms  21>20     65    00    5    ok
  73.354    0.0ms  21>20     65    00    5    ok
  73.354    0.0ms  21>20     65    00    5    ok
  73.406  103.7ms  21>20     64    00    7    ok
  73.406  103.7ms  20>21     64    00    6    ok
  73.406   52.7ms  21>20     65    00    5    ok
  73.458   51.8ms  21>20     65    00    5    ok
  73.458    0.0ms  21>20     65    00    5    ok
  73.458    0.0ms  21>20     65    00    5    ok
  73.509  103.1ms  21>20     64    00    7    ok
  73.510  103.2ms  20>21     64    00    6    ok
  73.510   51.4ms  21>20     65    00    5    ok
  73.510    0.0ms  21>20     65    00    5    ok
  73.560   50.9ms  21>20     65    00    5    ok
  73.560    0.0ms  21>20     65    00    5    ok
  73.611  101.3ms  21>20     64    00    7    ok
  73.611  101.2ms  20>21     64    00    6    ok
  73.611   50.3ms  21>20     65    00    5    ok
  73.611    0.0ms  21>20     65    00    5    ok
  73.663   52.2ms  21>20     65    00    5    ok
  73.663    0.0ms  21>20     65    00    5    ok
  73.714  103.1ms  21>20     64    00    7    ok
  73.714  103.1ms  20>21     64    00    6    ok
  73.714   50.9ms  21>20     65    00    5    ok
  73.714    0.0ms  21>20     65    00    5    ok
  73.767   53.1ms  21>20     65    00    5    ok
  73.767    0.0ms  21>20     65    00    5    ok
  73.818  104.3ms  21>20     64    00    7    ok
  73.818  104.3ms  20>21     64    00    6    ok
  73.818   51.2ms  21>20     65    00    5    ok
  73.818    0.0ms  21>20     65    00    5    ok
  73.870   52.0ms  21>20     65    00    5    ok
  73.870    0.0ms  21>20     65    00    5    ok
  73.870   52.1ms  21>20     64    00    7    ok
  73.921  102.4ms  20>21     64    00    6    ok
  73.921   50.4ms  21>20     65    00    5    ok
  73.921    0.0ms  21>20     65    00    5    ok
  73.971   50.1ms  21>20     65    00    5    ok
  73.971    0.0ms  21>20     65    00    5    ok
  73.971  100.5ms  21>20     64    00    7    ok
  74.021  100.5ms  20>21     64    00    6    ok
  74.021   50.4ms  21>20     65    00    5    ok
  74.021    0.0ms  21>20     65    00    5    ok
  74.071   50.3ms  21>20     65    00    5    ok
  74.071    0.0ms  21>20     65    00    5    ok
  74.071  100.7ms  21>20     64    00    7    ok
  74.122  101.0ms  20>21     64    00    6    ok
  74.122   50.7ms  21>20     65    00    5    ok
  74.122    0.0ms  21>20     65    00    5    ok
  74.173   50.4ms  21>20     65    00    5    ok
  74.173    0.1ms  21>20     65    00    5    ok
  74.173  101.2ms  21>20     64    00    7    ok
  74.225  103.2ms  20>21     64    00    6    ok
  74.225   52.7ms  21>20     65    00    5    ok
  74.225    0.0ms  21>20     65    00    5    ok
  74.276   50.3ms  21>20     65    00    5    ok
  74.276    0.0ms  21>20     65    00    5    ok
  74.276  103.1ms  21>20     64    00    7    ok
  74.329  104.1ms  20>21     64    00    6    BAD
  74.329   53.7ms  21>20     65    00    5    ok
  74.329    0.0ms  21>20     65    00    5    ok
  74.381   51.9ms  21>20     65    00    5    ok
  74.381    0.0ms  21>20     65    00    5    ok
  74.381  105.6ms  21>20     64    00    7    ok
  74.432  102.3ms  20>21     64    00    6    ok
  74.432   50.3ms  21>20     65    00    5    ok
  74.432    0.0ms  21>20     65    00    5    ok
  74.432    0.0ms  21>20     65    00    5    ok
  74.482   50.2ms  21>20     65    00    5    ok
  74.482  100.6ms  21>20     64    00    7    ok
  74.482   50.3ms  20>21     64    00    6    ok
  74.532   50.3ms  21>20     65    00    5    ok
  74.532    0.0ms  21>20     65    00    5    ok
  74.532    0.0ms  21>20     65    00    5    ok
  74.583   50.8ms  21>20     65    00    5    ok
  74.583  101.1ms  21>20     64    00    7    ok
  74.583  101.1ms  20>21     64    00    6    ok
  74.634   50.6ms  21>20     65    00    5    ok
  74.634    0.1ms  21>20     65    00    5    ok
  74.634    0.0ms  21>20     65    00    5    ok
  74.686   51.7ms  21>20     65    00    5    ok
  74.686  102.4ms  21>20     64    00    7    ok
  74.686  102.5ms  20>21     64    00    6    ok
  74.737   51.1ms  21>20     65    00    5    ok
  74.737    0.0ms  21>20     65    00    5    ok
  74.737    0.0ms  21>20     65    00    5    ok
  74.788   51.3ms  21>20     65    00    5    ok
  74.788  102.5ms  21>20     64    00    7    ok
  74.788  102.5ms  20>21     64    00    6    ok
  74.840   51.7ms  21>20     65    00    5    ok
  74.840    0.0ms  21>20     65    00    5    ok
  74.840    0.0ms  21>20     65    00    5    ok
  74.892   51.8ms  21>20     65    00    5    ok
  74.892  103.5ms  21>20     64    00    7    ok
  74.892  103.5ms  20>21     64    00    6    ok
  74.892    0.1ms  21>20     65    00    5    ok
  74.942   50.7ms  21>20     65    00    5    ok
  74.942    0.1ms  21>20     65    00    5    ok
  74.993   50.3ms  21>20     65    00    5    ok
  74.993  101.1ms  21>20     64    00    7    ok
  74.993  101.1ms  20>21     64    00    6    ok
  74.993    0.1ms  21>20     65    00    5    ok
  75.045   52.6ms  21>20     65    00    5    ok
  75.045    0.0ms  21>20     65    00    5    ok
  75.096   50.8ms  21>20     65    00    5    ok
  75.096  103.6ms  21>20     64    00    7    ok
  75.096  103.6ms  20>21     64    00    6    ok
  75.096    0.1ms  21>20     65    00    5    ok
  75.148   52.1ms  21>20     65    00    5    ok
  75.148    0.0ms  21>20     65    00    5    ok
  75.200   51.8ms  21>20     65    00    5    ok
  75.200  104.0ms  21>20     64    00    7    ok
  75.200  104.0ms  20>21     64    00    6    ok
  75.200    0.1ms  21>20     65    00    5    ok
  75.253   52.4ms  21>20     65    00    5    ok
  75.253    0.0ms  21>20     65    00    5    ok
  75.253    0.0ms  21>20     65    00    5    ok
  75.303  103.0ms  21>20     64    00    7    ok
  75.303  103.1ms  20>21     64    00    6    ok
  75.303   50.6ms  21>20     65    00    5    ok
  75.354   50.4ms  21>20     65    00    5    ok
  75.354    0.0ms  21>20     65    00    5    ok
  75.354    0.0ms  21>20     65    00    5    ok
  75.406  102.5ms  21>20     64    00    7    ok
  75.406  102.5ms  20>21     64    00    6    ok
  75.406   52.1ms  21>20     65    00    5    ok
  75.456   50.6ms  21>20     65    00    5    ok
  75.456    0.0ms  21>20     65    00    5    ok
  75.456    0.0ms  21>20     65    00    5    ok
  75.510  104.3ms  21>20     64    00    7    ok
  75.510  104.3ms  20>21     64    00    6    ok
  75.510   53.7ms  21>20     65    00    5    ok
  75.562   52.0ms  21>20     65    00    5    ok
  75.562    0.0ms  21>20     65    00    5    ok
  75.562    0.0ms  21>20     65    00    5    ok
  75.613  102.5ms  21>20     64    00    7    ok
  75.613  102.5ms  20>21     64    00    6    ok
  75.613   50.4ms  21>20     65    00    5    ok
  75.613    0.0ms  21>20     65    00    5    ok
  75.665   52.7ms  21>20     65    00    5    ok
  75.665    0.0ms  21>20     65    00    5    ok
  75.716  103.5ms  21>20     64    00    7    ok
  75.716  103.5ms  20>21     64    00    6    ok
  75.716   50.7ms  21>20     65    00    5    ok
  75.716    0.0ms  21>20     65    00    5    ok
  75.767   51.0ms  21>20     65    00    5    ok
  75.767    0.1ms  21>20     65    00    5    ok
  75.818  101.9ms  21>20     64    00    7    ok
  75.818  101.9ms  20>21     64    00    6    ok
  75.818   50.9ms  21>20     65    00    5    ok
  75.818    0.0ms  21>20     65    00    5    ok
  75.872   53.6ms  21>20     65    00    5    ok
  75.872    0.0ms  21>20     65    00    5    ok
  75.923  105.1ms  21>20     64    00    7    ok
  75.923  105.1ms  20>21     64    00    6    ok
  75.923   51.4ms  21>20     65    00    5    ok
  75.923    0.0ms  21>20     65    00    5    ok
  75.973   50.1ms  21>20     65    00    5    ok
  75.973    0.0ms  21>20     65    00    5    ok
  75.973   50.2ms  21>20     64    00    7    ok
  76.026  102.9ms  20>21     64    00    6    ok
  76.026   52.8ms  21>20     65    00    5    ok
  76.026    0.0ms  21>20     65    00    5    ok
  76.077   50.8ms  21>20     65    00    5    ok
  76.077    0.0ms  21>20     65    00    5    ok
  76.077  103.6ms  21>20     64    00    7    ok
  76.130  104.1ms  20>21     64    00    6    ok
  76.130   53.2ms  21>20     65    00    5    ok
  76.130    0.0ms  21>20     65    00    5    ok
  76.180   50.1ms  21>20     65    00    5    ok
  76.180    0.0ms  21>20     65    00    5    ok
  76.180  103.3ms  21>20     64    00    7    ok
  76.180   50.2ms  20>21     64    00    6    ok
  76.232   52.2ms  21>20     65    00    5    ok
  76.232    0.0ms  21>20     65    00    5    ok
  76.283   50.8ms  21>20     65    00    5    ok
  76.283    0.0ms  21>20     65    00    5    ok
  76.283  103.0ms  21>20     64    00    7    ok
  76.283  103.0ms  20>21     64    00    6    ok
  76.334   50.3ms  21>20     65    00    5    ok
  76.334    0.0ms  21>20     65    00    5    ok
  76.334    0.0ms  21>20     65    00    5    ok
  76.385   51.5ms  21>20     65    00    5    ok
  76.385  101.9ms  21>20     64    00    7    ok
  76.435  152.3ms  20>21     64    00    6    ok
  76.436   50.5ms  21>20     65    00    5    ok
  76.436    0.0ms  21>20     65    00    5    ok
  76.436    0.0ms  21>20     65    00    5    ok
  76.487   51.0ms  21>20     65    00    5    ok
  76.487  101.5ms  21>20     64    00    7    ok
  76.487   51.1ms  20>21     64    00    6    ok
  76.537   50.1ms  21>20     65    00    5    ok
  76.537    0.0ms  21>20     65    00    5    ok
  76.537    0.0ms  21>20     65    00    5    ok
  76.588   51.6ms  21>20     65    00    5    ok
  76.588  101.7ms  21>20     64    00    7    ok
  76.588  101.7ms  20>21     64    00    6    ok
  76.639   50.5ms  21>20     65    00    5    ok
  76.639    0.0ms  21>20     65    00    5    ok
  76.639    0.0ms  21>20     65    00    5    ok
  76.690   51.1ms  21>20     65    00    5    ok
  76.690  101.7ms  21>20     64    00    7    ok
  76.690  101.7ms  20>21     64    00    6    ok
  76.742   51.6ms  21>20     65    00    5    ok
  76.742    0.0ms  21>20     65    00    5    ok
  76.742    0.0ms  21>20     65    00    5    ok
  76.794   52.4ms  21>20     65    00    5    ok
  76.794  104.0ms  21>20     64    00    7    ok
  76.794  104.0ms  20>21     64    00    6    ok
  76.845   51.5ms  21>20     65    00    5    ok
  76.845    0.0ms  21>20     65    00    5    ok
  76.845    0.0ms  21>20     65    00    5    ok
  76.898   52.1ms  21>20     65    00    5    ok
  76.898  103.6ms  21>20     64    00    7    ok
  76.898  103.6ms  20>21     64    00    6    ok
  76.898    0.1ms  21>20     65    00    5    ok
  76.950   52.3ms  21>20     65    00    5    ok
  76.950    0.0ms  21>20     65    00    5    ok
  77.001   50.6ms  21>20     65    00    5    ok
  77.001  103.0ms  21>20     64    00    7    ok
  77.001  103.0ms  20>21     64    00    6    ok
  77.001    0.1ms  21>20     65    00    5    ok
  77.062   61.3ms  21>20     65    00    5    ok
  77.062    0.0ms  21>20     65    00    5    ok
  77.113   51.2ms  21>20     65    00    5    ok
  77.113  112.6ms  21>20     64    00    7    ok
  77.113  112.5ms  20>21     64    00    6    ok
  77.113    0.0ms  21>20     65    00    5    ok
  77.165   52.1ms  21>20     65    00    5    ok
  77.165    0.0ms  21>20     65    00    5    ok
  77.165    0.0ms  21>20     65    00    5    ok
  77.216  102.4ms  21>20     64    00    7    ok
  77.216  102.4ms  20>21     64    00    6    ok
  77.216   50.2ms  21>20     65    00    5    ok
  77.216    0.0ms  21>20     65    00    5    ok
  77.267   51.7ms  21>20     65    00    5    ok
  77.267    0.0ms  21>20     65    00    5    ok
  77.318  102.1ms  21>20     64    00    7    ok
  77.318  102.1ms  20>21     64    00    6    ok
  77.318   50.3ms  21>20     65    00    5    ok
  77.318    0.0ms  21>20     65    00    5    ok
  77.370   52.0ms  21>20     65    00    5    ok
  77.370    0.0ms  21>20     65    00    5    ok
  77.421  103.2ms  21>20     64    00    7    ok
  77.421  103.2ms  20>21     64    00    6    ok
  77.421   51.2ms  21>20     65    00    5    ok
  77.421    0.0ms  21>20     65    00    5    ok
  77.472   50.6ms  21>20     65    00    5    ok
  77.472    0.0ms  21>20     65    00    5    ok
  77.522  101.5ms  21>20     64    00    7    ok
  77.522  101.5ms  20>21     64    00    6    ok
  77.522   50.8ms  21>20     65    00    5    ok
  77.522    0.0ms  21>20     65    00    5    ok
  77.576   53.3ms  21>20     65    00    5    ok
  77.576    0.0ms  21>20     65    00    5    ok
  77.576   53.5ms  21>20     64    00    7    ok
  77.628  105.7ms  20>21     64    00    6    ok
  77.628   52.3ms  21>20     65    00    5    ok
  77.628    0.0ms  21>20     65    00    5    ok
  77.679   50.6ms  21>20     65    00    5    ok
  77.679    0.0ms  21>20     65    00    5    ok
  77.679  103.0ms  21>20     64    00    7    ok
  77.732  103.8ms  20>21     64    00    6    ok
  77.732   53.2ms  21>20     65    00    5    ok
  77.732    0.0ms  21>20     65    00    5    ok
  77.782   50.1ms  21>20     65    00    5    ok
  77.782    0.0ms  21>20     65    00    5    ok
  77.782  103.3ms  21>20     64    00    7    ok
  77.782   50.2ms  20>21     64    00    6    ok
  77.834   52.0ms  21>20     65    00    5    ok
  77.834    0.0ms  21>20     65    00    5    ok
  77.885   51.3ms  21>20     65    00    5    ok
  77.885    0.0ms  21>20     65    00    5    ok
  77.885  103.4ms  21>20     64    00    7    ok
  77.885  103.4ms  20>21     64    00    6    ok
  77.936   50.7ms  21>20     65    00    5    ok
  77.936    0.0ms  21>20     65    00    5    ok
  77.936    0.0ms  21>20     65    00    5    ok
  77.987   51.1ms  21>20     65    00    5    ok
  77.987  101.9ms  21>20     64    00    7    ok
  77.987  101.9ms  20>21     64    00    6    ok
  78.038   50.4ms  21>20     65    00    5    ok
  78.038    0.0ms  21>20     65    00    5    ok
  78.038    0.0ms  21>20     65    00    5    ok
  78.089   51.0ms  21>20     65    00    5    ok
  78.089  101.5ms  21>20     64    00    7    ok
  78.089  101.5ms  20>21     64    00    6    ok
  78.139   50.1ms  21>20     65    00    5    ok
  78.139    0.0ms  21>20     65    00    5    ok
  78.139    0.0ms  21>20     65    00    5    ok
  78.191   51.8ms  21>20     65    00    5    ok
  78.191  102.0ms  21>20     64    00    7    ok
  78.191  102.0ms  20>21     64    00    6    ok
  78.241   50.4ms  21>20     65    00    5    ok
  78.241    0.0ms  21>20     65    00    5    ok
  78.241    0.0ms  21>20     65    00    5    ok
  78.292   50.6ms  21>20     65    00    5    ok
  78.292  101.1ms  21>20     64    00    7    ok
  78.292  101.1ms  20>21     64    00    6    ok
  78.343   50.6ms  21>20     65    00    5    ok
  78.343    0.0ms  21>20     65    00    5    ok
  78.343    0.0ms  21>20     65    00    5    ok
  78.395   52.0ms  21>20     65    00    5    ok
  78.395  102.6ms  21>20     64    00    7    ok
  78.395  102.6ms  20>21     64    00    6    ok
  78.446   51.4ms  21>20     65    00    5    ok
  78.446    0.0ms  21>20     65    00    5    ok
  78.446    0.0ms  21>20     65    00    5    ok
  78.497   50.9ms  21>20     65    00    5    ok
  78.497  102.4ms  21>20     64    00    7    ok
  78.497  102.4ms  20>21     64    00    6    ok
  78.497    0.1ms  21>20     65    00    5    ok
  78.549   52.5ms  21>20     65    00    5    ok
  78.549    0.0ms  21>20     65    00    5    ok
  78.600   50.7ms  21>20     65    00    5    ok
  78.600  103.3ms  21>20     64    00    7    ok
  78.600  103.3ms  20>21     64    00    6    ok
  78.600    0.1ms  21>20     65    00    5    ok
  78.652   52.1ms  21>20     65    00    5    ok
  78.652    0.1ms  21>20     65    00    5    ok
  78.704   51.4ms  21>20     65    00    5    ok
  78.704  103.7ms  21>20     64    00    7    ok
  78.704  103.7ms  20>21     64    00    6    ok
  78.704    0.1ms  21>20     65    00    5    ok
  78.756   52.2ms  21>20     65    00    5    ok
  78.756    0.0ms  21>20     65    00    5    ok
  78.808   52.2ms  21>20     65    00    5    ok
  78.808  104.4ms  21>20     64    00    7    ok
  78.808  104.4ms  20>21     64    00    6    ok
  78.808    0.1ms  21>20     65    00    5    ok
  78.859   50.3ms  21>20     65    00    5    ok
  78.859    0.0ms  21>20     65    00    5    ok
  78.859    0.0ms  21>20     65    00    5    ok
  78.911  102.2ms  21>20     64    00    7    ok
  78.911  102.2ms  20>21     64    00    6    ok
  78.911   51.8ms  21>20     65    00    5    ok
  78.961   50.4ms  21>20     65    00    5    ok
  78.961    0.0ms  21>20     65    00    5    ok
  78.961    0.0ms  21>20     65    00    5    ok
  79.015  104.0ms  21>20     64    00    7    ok
  79.015  104.0ms  20>21     64    00    6    ok
  79.015   53.5ms  21>20     65    00    5    ok
  79.065   50.8ms  21>20     65    00    5    ok
  79.065    0.0ms  21>20     65    00    5    ok
  79.065    0.0ms  21>20     65    00    5    ok
  79.117  102.2ms  21>20     64    00    7    ok
  79.117  102.2ms  20>21     64    00    6    ok
  79.117   51.3ms  21>20     65    00    5    ok
  79.169   52.1ms  21>20     65    00    5    ok
  79.169    0.1ms  21>20     65    00    5    ok
  79.169    0.0ms  21>20     65    00    5    ok
  79.219  102.5ms  21>20     64    00    7    ok
  79.219  102.5ms  20>21     64    00    6    ok
  79.219   50.3ms  21>20     65    00    5    ok
  79.219    0.0ms  21>20     65    00    5    ok
  79.272   52.5ms  21>20     65    00    5    ok
  79.272    0.0ms  21>20     65    00    5    ok
  79.323  103.3ms  21>20     64    00    7    ok
  79.323  103.3ms  20>21     64    00    6    ok
  79.323   50.8ms  21>20     65    00    5    ok
  79.323    0.0ms  21>20     65    00    5    ok
  79.374   51.6ms  21>20     65    00    5    ok
  79.374    0.0ms  21>20     65    00    5    ok
  79.426  103.3ms  21>20     64    00    7    ok
  79.426  103.3ms  20>21     64    00    6    ok
  79.426   51.7ms  21>20     65    00    5    ok
  79.426    0.0ms  21>20     65    00    5    ok
  79.479   52.6ms  21>20     65    00    5    ok
  79.479    0.0ms  21>20     65    00    5    ok
  79.479   52.7ms  21>20     64    00    7    ok
  79.531  105.3ms  20>21     64    00    6    ok
  79.531   52.7ms  21>20     65    00    5    ok
  79.531    0.0ms  21>20     65    00    5    ok
  79.582   50.7ms  21>20     65    00    5    ok
  79.582    0.0ms  21>20     65    00    5    ok
  79.582  103.4ms  21>20     64    00    7    ok
  79.635  103.7ms  20>21     64    00    6    ok
  79.635   52.9ms  21>20     65    00    5    ok
  79.635    0.0ms  21>20     65    00    5    ok
  79.686   51.1ms  21>20     65    00    5    ok
  79.686    0.0ms  21>20     65    00    5    ok
  79.686  104.0ms  21>20     64    00    7    ok
  79.740  104.7ms  20>21     64    00    6    ok
  79.740   53.6ms  21>20     65    00    5    ok
  79.740    0.0ms  21>20     65    00    5    ok
  79.740    0.0ms  21>20     65    00    5    ok

frames 5207   good 5114   bad checksum 93   junk bytes 1365
