    time     gap  src>dst   cmd   reg   len  ok
   0.052    0.0ms  21>20     64    00    7    ok
   0.052    0.0ms  20>21     64    00    6    ok
   0.052    0.0ms  21>20     65    00    5    ok
   0.052    0.0ms  21>20     65    00    5    ok
   0.104   52.8ms  21>20     65    00    5    ok
   0.104    0.0ms  21>20     65    00    5    ok
   0.104   52.9ms  21>20     64    00    7    ok
   0.156  104.1ms  20>21     64    00    6    ok
   0.156   51.2ms  21>20     65    00    5    ok
   0.156    0.0ms  21>20     65    00    5    ok
   0.206   50.1ms  21>20     65    00    5    ok
   0.206    0.1ms  21>20     65    00    5    ok
   0.206  101.4ms  21>20     64    00    7    ok
   0.259  103.1ms  20>21     64    00    6    ok
   0.259   52.9ms  21>20     65    00    5    ok
   0.259    0.0ms  21>20     65    00    5    ok
   0.309   50.2ms  21>20     65    00    5    ok
   0.309    0.0ms  21>20     65    00    5    ok
   0.309  103.2ms  21>20     64    00    7    ok
   0.362  103.6ms  20>21     64    00    6    ok
   0.362   53.4ms  21>20     65    00    5    ok
   0.362    0.0ms  21>20     65    00    5    ok
   0.413   50.6ms  21>20     65    00    5    ok
   0.413    0.0ms  21>20     65    00    5    ok
   0.413  104.0ms  21>20     64    00    7    ok
   0.413   50.7ms  20>21     64    00    6    ok
   0.465   51.9ms  21>20     65    00    5    ok
   0.465    0.0ms  21>20     65    00    5    ok
   0.465    0.0ms  21>20     65    00    5    ok
   0.515   50.4ms  21>20     65    00    5    ok
   0.515  102.4ms  21>20     64    00    7    ok
   0.566  152.6ms  20>21     64    00    6    ok
   0.566   50.3ms  21>20     65    00    5    ok
   0.566    0.0ms  21>20     65    00    5    ok
   0.566    0.0ms  21>20     65    00    5    ok
   0.616   50.4ms  21>20     65    00    5    ok
   0.616  100.7ms  21>20     64    00    7    ok
   0.616   50.5ms  20>21     64    00    6    ok
   0.666   50.3ms  21>20     65    00    5    ok
   0.666    0.0ms  21>20     65    00    5    ok
   0.666    0.0ms  21>20     65    00    5    ok
   0.717   50.7ms  21>20     65    00    5    ok
   0.717  101.0ms  21>20     64    00    7    ok
   0.717  101.0ms  20>21     64    00    6    ok
   0.768   50.5ms  21>20     65    00    5    ok
   0.768    0.0ms  21>20     65    00    5    ok
   0.768    0.0ms  21>20     65    00    5    ok
   0.819   51.7ms  21>20     65    00    5    ok
   0.819  102.3ms  21>20     64    00    7    ok
   0.819  102.3ms  20>21     64    00    6    ok
   0.870   51.1ms  21>20     65    00    5    ok
   0.871    0.0ms  21>20     65    00    5    ok
   0.871    0.0ms  21>20     65    00    5    ok
   0.922   51.8ms  21>20     65    00    5    ok
   0.922  102.9ms  21>20     64    00    7    ok
   0.922  102.9ms  20>21     64    00    6    ok
   0.974   51.7ms  21>20     65    00    5    ok
   0.974    0.1ms  21>20     65    00    5    ok
   0.974    0.0ms  21>20     65    00    5    ok
   1.026   51.9ms  21>20     65    00    5    ok
   1.026  103.7ms  21>20     64    00    7    ok
   1.026  103.7ms  20>21     64    00    6    ok
   1.026    0.1ms  21>20     65    00    5    ok
   1.077   50.7ms  21>20     65    00    5    ok
   1.077    0.1ms  21>20     65    00    5    ok
   1.127   50.2ms  21>20     65    00    5    ok
   1.127  101.0ms  21>20     64    00    7    ok
   1.127  101.0ms  20>21     64    00    6    ok
   1.127    0.1ms  21>20     65    00    5    ok
   1.180   52.7ms  21>20     65    00    5    ok
   1.180    0.0ms  21>20     65    00    5    ok
   1.231   51.0ms  21>20     65    00    5    ok
   1.231  103.8ms  21>20     64    00    7    ok
   1.231  103.9ms  20>21     64    00    6    ok
   1.231    0.1ms  21>20     65    00    5    ok
   1.283   52.3ms  21>20     65    00    5    ok
   1.283    0.0ms  21>20     65    00    5    ok
   1.335   51.8ms  21>20     65    00    5    ok
   1.335  104.2ms  21>20     64    00    7    ok
   1.335  104.2ms  20>21     64    00    6    ok
   1.335    0.1ms  21>20     65    00    5    ok
   1.387   51.5ms  21>20     65    00    5    ok
   1.387    0.0ms  21>20     65    00    5    ok
   1.387    0.0ms  21>20     65    00    5    ok
   1.438  102.5ms  21>20     64    00    7    ok
   1.438  102.5ms  20>21     64    00    6    ok
   1.438   50.9ms  21>20     65    00    5    ok
   1.488   50.3ms  21>20     65    00    5    ok
   1.488    0.0ms  21>20     65    00    5    ok
   1.488    0.0ms  21>20     65    00    5    ok
   1.540  102.6ms  21>20     64    00    7    ok
   1.540  102.6ms  20>21     64    00    6    ok
   1.590    0.0ms  20>65     00    04    33   BAD
   1.644  103.8ms  21>20     64    00    7    ok
   1.644  103.8ms  20>21     64    00    6    ok
   1.644  156.0ms  21>20     65    00    5    ok
   1.694   50.1ms  21>20     65    00    5    ok
   1.694    0.0ms  21>20     65    00    5    ok
   1.747  156.6ms  20>65     00    04    33   BAD
   1.747   52.9ms  21>20     65    00    5    ok
   1.747    0.0ms  21>20     65    00    5    ok
   1.798   50.8ms  21>20     65    00    5    ok
   1.798    0.0ms  21>20     65    00    5    ok
   1.848  204.2ms  21>20     64    00    7    ok
   1.848  204.2ms  20>21     64    00    6    ok
   1.848   50.3ms  21>20     65    00    5    ok
   1.848    0.0ms  21>20     65    00    5    ok
   1.901   52.8ms  21>20     65    00    5    ok
   1.901    0.0ms  21>20     65    00    5    ok
   1.951  103.1ms  21>20     64    00    7    ok
   1.951  103.1ms  20>21     64    00    6    ok
   1.951   50.2ms  21>20     65    00    5    ok
   1.951    0.0ms  21>20     65    00    5    ok
   2.005   53.4ms  21>20     65    00    5    ok
   2.005    0.0ms  21>20     65    00    5    ok
   2.056  104.3ms  21>20     64    00    7    ok
   2.056  104.3ms  20>21     64    00    6    ok
   2.056   50.9ms  21>20     65    00    5    ok
   2.056    0.0ms  21>20     65    00    5    ok
   2.109   53.0ms  21>20     65    00    5    ok
   2.109    0.0ms  21>20     65    00    5    ok
   2.109   53.1ms  21>20     64    00    7    ok
   2.160  104.2ms  20>21     64    00    6    ok
   2.160   51.2ms  21>20     65    00    5    ok
   2.160    0.0ms  21>20     65    00    5    ok
   2.211   50.6ms  21>20     65    00    5    ok
   2.211    0.0ms  21>20     65    00    5    ok
   2.211  101.8ms  21>20     64    00    7    ok
   2.263  103.4ms  20>21     64    00    6    ok
   2.263   52.8ms  21>20     65    00    5    ok
   2.263    0.0ms  21>20     65    00    5    ok
   2.314   50.2ms  21>20     65    00    5    ok
   2.314    0.0ms  21>20     65    00    5    ok
   2.314  103.0ms  21>20     64    00    7    ok
   2.314   50.3ms  20>21     64    00    6    ok
   2.367   53.6ms  21>20     65    00    5    ok
   2.367    0.0ms  21>20     65    00    5    ok
   2.418   50.4ms  21>20     65    00    5    ok
   2.418    0.0ms  21>20     65    00    5    ok
   2.418  104.1ms  21>20     64    00    7    ok
   2.418  104.1ms  20>21     64    00    6    ok
   2.468   50.5ms  21>20     65    00    5    ok
   2.468    0.0ms  21>20     65    00    5    ok
   2.468    0.0ms  21>20     65    00    5    ok
   2.519   51.2ms  21>20     65    00    5    ok
   2.519  101.8ms  21>20     64    00    7    ok
   2.519  101.8ms  20>21     64    00    6    ok
   2.570   50.4ms  21>20     65    00    5    ok
   2.570    0.0ms  21>20     65    00    5    ok
   2.570    0.0ms  21>20     65    00    5    ok
   2.621   50.8ms  21>20     65    00    5    ok
   2.621  101.2ms  21>20     64    00    7    ok
   2.621  101.2ms  20>21     64    00    6    ok
   2.671   50.7ms  21>20     65    00    5    ok
   2.671    0.1ms  21>20     65    00    5    ok
   2.671    0.0ms  21>20     65    00    5    ok
   2.722   50.3ms  21>20     65    00    5    ok
   2.722  101.1ms  21>20     64    00    7    ok
   2.722  101.1ms  20>21     64    00    6    ok
   2.772   50.2ms  21>20     65    00    5    ok
   2.772    0.0ms  21>20     65    00    5    ok
   2.772    0.0ms  21>20     65    00    5    ok
   2.823   50.8ms  21>20     65    00    5    ok
   2.823  101.0ms  21>20     64    00    7    ok
   2.823  101.0ms  20>21     64    00    6    ok
   2.874   51.1ms  21>20     65    00    5    ok
   2.874    0.0ms  21>20     65    00    5    ok
   2.874    0.0ms  21>20     65    00    5    ok
   2.925   51.3ms  21>20     65    00    5    ok
   2.925  102.5ms  21>20     64    00    7    ok
   2.925  102.5ms  20>21     64    00    6    ok
   2.977   51.7ms  21>20     65    00    5    ok
   2.977    0.1ms  21>20     65    00    5    ok
   2.977    0.0ms  21>20     65    00    5    ok
   3.029   52.0ms  21>20     65    00    5    ok
   3.029  103.8ms  21>20     64    00    7    ok
   3.029  103.8ms  20>21     64    00    6    ok
   3.079   50.2ms  21>20     65    00    5    ok
   3.079    0.0ms  21>20     65    00    5    ok
   3.079    0.0ms  21>20     65    00    5    ok
   3.130   50.1ms  21>20     65    00    5    ok
   3.130  100.4ms  21>20     64    00    7    ok
   3.130  100.4ms  20>21     64    00    6    ok
   3.130    0.1ms  21>20     65    00    5    ok
   3.182   52.4ms  21>20     65    00    5    ok
   3.182    0.0ms  21>20     65    00    5    ok
   3.233   50.8ms  21>20     65    00    5    ok
   3.233  103.3ms  21>20     64    00    7    ok
   3.233  103.3ms  20>21     64    00    6    ok
   3.233    0.1ms  21>20     65    00    5    ok
   3.284   50.7ms  21>20     65    00    5    ok
   3.284    0.0ms  21>20     65    00    5    ok
   3.335   51.2ms  21>20     65    00    5    ok
   3.335  102.0ms  21>20     64    00    7    ok
   3.335  102.0ms  20>21     64    00    6    ok
   3.335    0.1ms  21>20     65    00    5    ok
   3.388   52.7ms  21>20     65    00    5    ok
   3.388    0.0ms  21>20     65    00    5    ok
   3.438   50.6ms  21>20     65    00    5    ok
   3.438  103.4ms  21>20     64    00    7    ok
   3.438  103.4ms  20>21     64    00    6    ok
   3.438    0.1ms  21>20     65    00    5    ok
   3.490   51.3ms  21>20     65    00    5    ok
   3.490    0.0ms  21>20     65    00    5    ok
   3.490    0.0ms  21>20     65    00    5    ok
   3.542  103.7ms  21>20     64    00    7    ok
   3.542  103.7ms  20>21     64    00    6    ok
   3.542   52.3ms  21>20     65    00    5    ok
   3.593   50.6ms  21>20     65    00    5    ok
   3.593    0.0ms  21>20     65    00    5    ok
   3.593    0.0ms  21>20     65    00    5    ok
   3.646  104.0ms  21>20     64    00    7    ok
   3.646  104.0ms  20>21     64    00    6    ok
   3.646   53.3ms  21>20     65    00    5    ok
   3.697   50.7ms  21>20     65    00    5    ok
   3.697    0.0ms  21>20     65    00    5    ok
   3.697    0.0ms  21>20     65    00    5    ok
   3.750  103.9ms  21>20     64    00    7    ok
   3.750  103.9ms  20>21     64    00    6    ok
   3.750   53.2ms  21>20     65    00    5    ok
   3.802   51.9ms  21>20     65    00    5    ok
   3.802    0.1ms  21>20     65    00    5    ok
   3.802    0.0ms  21>20     65    00    5    ok
   3.852  102.5ms  21>20     64    00    7    ok
   3.852  102.5ms  20>21     64    00    6    ok
   3.852   50.5ms  21>20     65    00    5    ok
   3.852    0.0ms  21>20     65    00    5    ok
   3.905   52.6ms  21>20     65    00    5    ok
   3.905    0.0ms  21>20     65    00    5    ok
   3.956  103.9ms  21>20     64    00    7    ok
   3.956  103.9ms  20>21     64    00    6    ok
   3.956   51.3ms  21>20     65    00    5    ok
   3.956    0.0ms  21>20     65    00    5    ok
   4.007   51.1ms  21>20     65    00    5    ok
   4.007    0.0ms  21>20     65    00    5    ok
   4.059  103.0ms  21>20     64    00    7    ok
   4.059  103.0ms  20>21     64    00    6    ok
   4.059   51.8ms  21>20     65    00    5    ok
   4.059    0.0ms  21>20     65    00    5    ok
   4.112   52.5ms  21>20     65    00    5    ok
   4.112    0.0ms  21>20     65    00    5    ok
   4.112   52.6ms  21>20     64    00    7    ok
   4.162  103.1ms  20>21     64    00    6    ok
   4.162   50.6ms  21>20     65    00    5    ok
   4.162    0.0ms  21>20     65    00    5    ok
   4.213   50.5ms  21>20     65    00    5    ok
   4.213    0.1ms  21>20     65    00    5    ok
   4.213  101.2ms  21>20     64    00    7    ok
   4.266  103.6ms  20>21     64    00    6    ok
   4.266   53.1ms  21>20     65    00    5    ok
   4.266    0.0ms  21>20     65    00    5    ok
   4.316   50.2ms  21>20     65    00    5    ok
   4.316    0.1ms  21>20     65    00    5    ok
   4.316  103.3ms  21>20     64    00    7    ok
   4.316   50.4ms  20>21     64    00    6    ok
   4.369   52.3ms  21>20     65    00    5    ok
   4.369    0.0ms  21>20     65    00    5    ok
   4.419   50.6ms  21>20     65    00    5    ok
   4.419    0.0ms  21>20     65    00    5    ok
   4.419  103.0ms  21>20     64    00    7    ok
   4.419  103.0ms  20>21     64    00    6    ok
   4.471   51.8ms  21>20     65    00    5    ok
   4.471    0.0ms  21>20     65    00    5    ok
   4.471    0.0ms  21>20     65    00    5    ok
   4.522   50.5ms  21>20     65    00    5    ok
   4.522  102.4ms  21>20     64    00    7    ok
   4.522  102.4ms  20>21     64    00    6    ok
   4.572   50.3ms  21>20     65    00    5    ok
   4.572    0.0ms  21>20     65    00    5    ok
   4.572    0.0ms  21>20     65    00    5    ok
   4.623   50.8ms  21>20     65    00    5    ok
   4.623  101.1ms  21>20     64    00    7    ok
   4.623  101.1ms  20>21     64    00    6    ok
   4.673   50.4ms  21>20     65    00    5    ok
   4.673    0.0ms  21>20     65    00    5    ok
   4.673    0.0ms  21>20     65    00    5    ok
   4.723   50.1ms  21>20     65    00    5    ok
   4.723  100.5ms  21>20     64    00    7    ok
   4.723  100.5ms  20>21     64    00    6    ok
   4.774   50.5ms  21>20     65    00    5    ok
   4.774    0.0ms  21>20     65    00    5    ok
   4.774    0.0ms  21>20     65    00    5    ok
   4.826   52.3ms  21>20     65    00    5    ok
   4.826  102.9ms  21>20     64    00    7    ok
   4.826  102.9ms  20>21     64    00    6    ok
   4.877   51.3ms  21>20     65    00    5    ok
   4.878    0.0ms  21>20     65    00    5    ok
   4.878    0.0ms  21>20     65    00    5    ok
   4.929   51.5ms  21>20     65    00    5    ok
   4.929  102.9ms  21>20     64    00    7    ok
   4.929  102.9ms  20>21     64    00    6    ok
   4.979   50.3ms  21>20     65    00    5    ok
   4.979    0.0ms  21>20     65    00    5    ok
   4.979    0.0ms  21>20     65    00    5    ok
   5.031   51.2ms  21>20     65    00    5    ok
   5.031  101.6ms  21>20     64    00    7    ok
   5.031  101.6ms  20>21     64    00    6    ok
   5.083   52.3ms  21>20     65    00    5    ok
   5.083    0.0ms  21>20     65    00    5    ok
   5.083    0.0ms  21>20     65    00    5    ok
   5.133   50.2ms  21>20     65    00    5    ok
   5.133  102.5ms  21>20     64    00    7    ok
   5.133  102.5ms  20>21     64    00    6    ok
   5.133    0.1ms  21>20     65    00    5    ok
   5.186   52.7ms  21>20     65    00    5    ok
   5.186    0.0ms  21>20     65    00    5    ok
   5.237   51.0ms  21>20     65    00    5    ok
   5.237  103.8ms  21>20     64    00    7    ok
   5.237  103.8ms  20>21     64    00    6    ok
   5.237    0.1ms  21>20     65    00    5    ok
   5.290   53.0ms  21>20     65    00    5    ok
   5.290    0.0ms  21>20     65    00    5    ok
   5.341   50.6ms  21>20     65    00    5    ok
   5.341  103.7ms  21>20     64    00    7    ok
   5.341  103.7ms  20>21     64    00    6    ok
   5.341    0.1ms  21>20     65    00    5    ok
   5.392   51.1ms  21>20     65    00    5    ok
   5.392    0.1ms  21>20     65    00    5    ok
   5.443   51.5ms  21>20     65    00    5    ok
   5.444  102.7ms  21>20     64    00    7    ok
   5.444  102.7ms  20>21     64    00    6    ok
   5.444    0.1ms  21>20     65    00    5    ok
   5.494   50.2ms  21>20     65    00    5    ok
   5.494    0.1ms  21>20     65    00    5    ok
   5.494    0.0ms  21>20     65    00    5    ok
   5.547  103.1ms  21>20     64    00    7    ok
   5.547  103.2ms  20>21     64    00    6    ok
   5.547   52.9ms  21>20     65    00    5    ok
   5.598   50.8ms  21>20     65    00    5    ok
   5.598    0.1ms  21>20     65    00    5    ok
   5.598    0.0ms  21>20     65    00    5    ok
   5.649  102.6ms  21>20     64    00    7    ok
   5.649  102.6ms  20>21     64    00    6    ok
   5.649   51.8ms  21>20     65    00    5    ok
   5.700   50.5ms  21>20     65    00    5    ok
   5.700    0.1ms  21>20     65    00    5    ok
   5.700    0.0ms  21>20     65    00    5    ok
   5.751  101.4ms  21>20     64    00    7    ok
   5.751  101.4ms  20>21     64    00    6    ok
   5.751   50.8ms  21>20     65    00    5    ok
   5.802   51.1ms  21>20     65    00    5    ok
   5.802    0.0ms  21>20     65    00    5    ok
   5.802    0.0ms  21>20     65    00    5    ok
   5.853  102.7ms  21>20     64    00    7    ok
   5.853  102.7ms  20>21     64    00    6    ok
   5.853   51.5ms  21>20     65    00    5    ok
   5.853    0.0ms  21>20     65    00    5    ok
   5.905   51.6ms  21>20     65    00    5    ok
   5.905    0.0ms  21>20     65    00    5    ok
   5.956  102.1ms  21>20     64    00    7    ok
   5.956  102.2ms  20>21     64    00    6    ok
   5.956   50.5ms  21>20     65    00    5    ok
   5.956    0.0ms  21>20     65    00    5    ok
   6.008   51.9ms  21>20     65    00    5    ok
   6.008    0.0ms  21>20     65    00    5    ok
   6.058  102.7ms  21>20     64    00    7    ok
   6.058  102.6ms  20>21     64    00    6    ok
   6.058   50.6ms  21>20     65    00    5    ok
   6.058    0.0ms  21>20     65    00    5    ok
   6.111   53.0ms  21>20     65    00    5    ok
   6.111    0.0ms  21>20     65    00    5    ok
   6.163  105.1ms  21>20     64    00    7    ok
   6.163  105.1ms  20>21     64    00    6    ok
   6.163   52.1ms  21>20     65    00    5    ok
   6.163    0.0ms  21>20     65    00    5    ok
   6.214   50.8ms  21>20     65    00    5    ok
   6.214    0.0ms  21>20     65    00    5    ok
   6.214   50.9ms  21>20     64    00    7    ok
   6.266  102.7ms  20>21     64    00    6    ok
   6.266   51.9ms  21>20     65    00    5    ok
   6.266    0.0ms  21>20     65    00    5    ok
   6.317   50.4ms  21>20     65    00    5    ok
   6.317    0.0ms  21>20     65    00    5    ok
   6.317  102.3ms  21>20     64    00    7    ok
   6.368  102.0ms  20>21     64    00    6    ok
   6.368   51.6ms  21>20     65    00    5    ok
   6.368    0.0ms  21>20     65    00    5    ok
   6.419   50.6ms  21>20     65    00    5    ok
   6.419    0.0ms  21>20     65    00    5    ok
   6.419  102.2ms  21>20     64    00    7    ok
   6.419   50.7ms  20>21     64    00    6    ok
   6.472   52.9ms  21>20     65    00    5    ok
   6.472    0.0ms  21>20     65    00    5    ok
   6.522   50.9ms  21>20     65    00    5    ok
   6.523    0.1ms  21>20     65    00    5    ok
   6.523  103.8ms  21>20     64    00    7    ok
   6.523  103.8ms  20>21     64    00    6    ok
   6.575   52.0ms  21>20     65    00    5    ok
   6.575    0.0ms  21>20     65    00    5    ok
   6.575    0.0ms  21>20     65    00    5    ok
   6.625   50.4ms  21>20     65    00    5    ok
   6.625  102.4ms  21>20     64    00    7    ok
   6.625  102.4ms  20>21     64    00    6    ok
   6.675   50.2ms  21>20     65    00    5    ok
   6.675    0.0ms  21>20     65    00    5    ok
   6.675    0.0ms  21>20     65    00    5    ok
   6.726   50.9ms  21>20     65    00    5    ok
   6.726  101.2ms  21>20     64    00    7    ok
   6.726  101.2ms  20>21     64    00    6    ok
   6.777   50.5ms  21>20     65    00    5    ok
   6.777    0.0ms  21>20     65    00    5    ok
   6.777    0.0ms  21>20     65    00    5    ok
   6.828   51.3ms  21>20     65    00    5    ok
   6.828  101.8ms  21>20     64    00    7    ok
   6.828  101.9ms  20>21     64    00    6    ok
   6.879   50.9ms  21>20     65    00    5    ok
   6.879    0.0ms  21>20     65    00    5    ok
   6.879    0.0ms  21>20     65    00    5    ok
   6.930   51.4ms  21>20     65    00    5    ok
   6.930  102.4ms  21>20     64    00    7    ok
   6.930  102.4ms  20>21     64    00    6    ok
   6.981   50.7ms  21>20     65    00    5    ok
   6.981    0.0ms  21>20     65    00    5    ok
   6.981    0.0ms  21>20     65    00    5    ok
   7.033   52.1ms  21>20     65    00    5    ok
   7.033  102.9ms  21>20     64    00    7    ok
   7.033  102.9ms  20>21     64    00    6    ok
   7.084   51.0ms  21>20     65    00    5    ok
   7.084    0.0ms  21>20     65    00    5    ok
   7.084    0.0ms  21>20     65    00    5    ok
   7.135   50.5ms  21>20     65    00    5    ok
   7.135  101.5ms  21>20     64    00    7    ok
   7.135  101.5ms  20>21     64    00    6    ok
   7.187   52.2ms  21>20     65    00    5    ok
   7.187    0.0ms  21>20     65    00    5    ok
   7.187    0.0ms  21>20     65    00    5    ok
   7.237   50.5ms  21>20     65    00    5    ok
   7.238  102.7ms  21>20     64    00    7    ok
   7.238  102.7ms  20>21     64    00    6    ok
   7.238    0.0ms  21>20     65    00    5    ok
   7.291   53.1ms  21>20     65    00    5    ok
   7.291    0.0ms  21>20     65    00    5    ok
   7.342   51.3ms  21>20     65    00    5    ok
   7.342  104.5ms  21>20     64    00    7    ok
   7.342  104.5ms  20>21     64    00    6    ok
   7.342    0.0ms  21>20     65    00    5    ok
   7.396   53.6ms  21>20     65    00    5    ok
   7.396    0.0ms  21>20     65    00    5    ok
   7.396    0.0ms  21>20     65    00    5    ok
   7.448  106.3ms  21>20     64    00    7    ok
   7.448  106.3ms  20>21     64    00    6    ok
   7.448   52.7ms  21>20     65    00    5    ok
   7.499   50.7ms  21>20     65    00    5    ok
   7.499    0.0ms  21>20     65    00    5    ok
   7.499    0.0ms  21>20     65    00    5    ok
   7.550  101.8ms  21>20     64    00    7    ok
   7.550  101.8ms  20>21     64    00    6    ok
   7.550   51.0ms  21>20     65    00    5    ok
   7.601   51.2ms  21>20     65    00    5    ok
   7.601    0.0ms  21>20     65    00    5    ok
   7.601    0.0ms  21>20     65    00    5    ok
   7.654  104.0ms  21>20     64    00    7    ok
   7.654  104.1ms  20>21     64    00    6    ok
   7.654   52.8ms  21>20     65    00    5    ok
   7.705   50.9ms  21>20     65    00    5    ok
   7.705    0.1ms  21>20     65    00    5    ok
   7.705    0.0ms  21>20     65    00    5    ok
   7.756  101.5ms  21>20     64    00    7    ok
   7.756  101.5ms  20>21     64    00    6    ok
   7.756   50.6ms  21>20     65    00    5    ok
   7.808   52.5ms  21>20     65    00    5    ok
   7.808    0.0ms  21>20     65    00    5    ok
   7.808    0.0ms  21>20     65    00    5    ok
   7.859  103.2ms  21>20     64    00    7    ok
   7.859  103.2ms  20>21     64    00    6    ok
   7.859   50.6ms  21>20     65    00    5    ok
   7.859    0.0ms  21>20     65    00    5    ok
   7.912   53.2ms  21>20     65    00    5    ok
   7.912    0.0ms  21>20     65    00    5    ok
   7.963  103.7ms  21>20     64    00    7    ok
   7.963  103.7ms  20>21     64    00    6    ok
   7.963   50.5ms  21>20     65    00    5    ok
   7.963    0.0ms  21>20     65    00    5    ok
   8.013   50.8ms  21>20     65    00    5    ok
   8.013    0.0ms  21>20     65    00    5    ok
   8.064  101.6ms  21>20     64    00    7    ok
   8.064  101.6ms  20>21     64    00    6    ok
   8.064   50.8ms  21>20     65    00    5    ok
   8.064    0.0ms  21>20     65    00    5    ok
   8.117   52.5ms  21>20     65    00    5    ok
   8.117    0.0ms  21>20     65    00    5    ok
   8.117   52.6ms  21>20     64    00    7    ok
   8.168  103.9ms  20>21     64    00    6    ok
   8.168   51.4ms  21>20     65    00    5    ok
   8.168    0.0ms  21>20     65    00    5    ok
   8.219   50.4ms  21>20     65    00    5    ok
   8.219    0.1ms  21>20     65    00    5    ok
   8.219  101.9ms  21>20     64    00    7    ok
   8.272  103.4ms  20>21     64    00    6    ok
   8.272   52.9ms  21>20     65    00    5    ok
   8.272    0.0ms  21>20     65    00    5    ok
   8.322   50.1ms  21>20     65    00    5    ok
   8.322    0.0ms  21>20     65    00    5    ok
   8.322  103.0ms  21>20     64    00    7    ok
   8.375  103.4ms  20>21     64    00    6    ok
   8.375   53.3ms  21>20     65    00    5    ok
   8.375    0.0ms  21>20     65    00    5    ok
   8.426   50.8ms  21>20     65    00    5    ok
   8.426    0.0ms  21>20     65    00    5    ok
   8.426  104.0ms  21>20     64    00    7    ok
   8.426   50.8ms  20>21     64    00    6    ok
   8.477   51.3ms  21>20     65    00    5    ok
   8.477    0.0ms  21>20     65    00    5    ok
   8.477    0.0ms  21>20     65    00    5    ok
   8.527   50.2ms  21>20     65    00    5    ok
   8.527  101.6ms  21>20     64    00    7    ok
   8.527  101.6ms  20>21     64    00    6    ok
   8.577   50.1ms  21>20     65    00    5    ok
   8.577    0.0ms  21>20     65    00    5    ok
   8.577    0.0ms  21>20     65    00    5    ok
   8.630   52.6ms  21>20     65    00    5    ok
   8.630  103.0ms  21>20     64    00    7    ok
   8.681  153.9ms  20>21     64    00    6    ok
   8.681   51.2ms  21>20     65    00    5    ok
   8.681    0.0ms  21>20     65    00    5    ok
   8.681    0.0ms  21>20     65    00    5    ok
   8.731   50.2ms  21>20     65    00    5    ok
   8.732  101.2ms  21>20     64    00    7    ok
   8.732   50.3ms  20>21     64    00    6    ok
   8.783   51.2ms  21>20     65    00    5    ok
   8.783    0.0ms  21>20     65    00    5    ok
   8.783    0.0ms  21>20     65    00    5    ok
   8.835   52.2ms  21>20     65    00    5    ok
   8.835  103.5ms  21>20     64    00    7    ok
   8.835  103.5ms  20>21     64    00    6    ok
   8.885   50.5ms  21>20     65    00    5    ok
   8.886    0.1ms  21>20     65    00    5    ok
   8.886    0.0ms  21>20     65    00    5    ok
   8.938   52.2ms  21>20     65    00    5    ok
   8.938  102.8ms  21>20     64    00    7    ok
   8.938  102.8ms  20>21     64    00    6    ok
   8.938    0.1ms  21>20     65    00    5    ok
   8.988   50.5ms  21>20     65    00    5    ok
   8.988    0.0ms  21>20     65    00    5    ok
   9.039   50.3ms  21>20     65    00    5    ok
   9.039  101.0ms  21>20     64    00    7    ok
   9.039  101.0ms  20>21     64    00    6    ok
   9.039    0.1ms  21>20     65    00    5    ok
   9.091   52.2ms  21>20     65    00    5    ok
   9.091    0.1ms  21>20     65    00    5    ok
   9.142   50.6ms  21>20     65    00    5    ok
   9.142  102.9ms  21>20     64    00    7    ok
   9.142  102.9ms  20>21     64    00    6    ok
   9.142    0.1ms  21>20     65    00    5    ok
   9.195   53.6ms  21>20     65    00    5    ok
   9.195    0.1ms  21>20     65    00    5    ok
   9.245   50.2ms  21>20     65    00    5    ok
   9.245  103.8ms  21>20     64    00    7    ok
   9.245  103.8ms  20>21     64    00    6    ok
   9.245    0.1ms  21>20     65    00    5    ok
   9.297   51.8ms  21>20     65    00    5    ok
   9.297    0.0ms  21>20     65    00    5    ok
   9.347   50.2ms  21>20     65    00    5    ok
   9.348  102.1ms  21>20     64    00    7    ok
   9.348  102.1ms  20>21     64    00    6    ok
   9.348    0.1ms  21>20     65    00    5    ok
   9.398   50.8ms  21>20     65    00    5    ok
   9.398    0.1ms  21>20     65    00    5    ok
   9.398    0.0ms  21>20     65    00    5    ok
   9.450  102.9ms  21>20     64    00    7    ok
   9.450  103.0ms  20>21     64    00    6    ok
   9.451   52.1ms  21>20     65    00    5    ok
   9.501   50.6ms  21>20     65    00    5    ok
   9.501    0.0ms  21>20     65    00    5    ok
   9.501    0.0ms  21>20     65    00    5    ok
   9.553  102.4ms  21>20     64    00    7    ok
   9.553  102.4ms  20>21     64    00    6    ok
   9.553   51.7ms  21>20     65    00    5    ok
   9.604   51.0ms  21>20     65    00    5    ok
   9.604    0.0ms  21>20     65    00    5    ok
   9.604    0.0ms  21>20     65    00    5    ok
   9.654  101.2ms  21>20     64    00    7    ok
   9.654  101.2ms  20>21     64    00    6    ok
   9.654   50.2ms  21>20     65    00    5    ok
   9.704   50.3ms  21>20     65    00    5    ok
   9.704    0.0ms  21>20     65    00    5    ok
   9.704    0.0ms  21>20     65    00    5    ok
   9.758  104.2ms  21>20     64    00    7    ok
   9.758  104.2ms  20>21     64    00    6    ok
   9.758   53.9ms  21>20     65    00    5    ok
   9.809   50.7ms  21>20     65    00    5    ok
   9.809    0.1ms  21>20     65    00    5    ok
   9.809    0.0ms  21>20     65    00    5    ok
   9.859  100.9ms  21>20     64    00    7    ok
   9.859  100.9ms  20>21     64    00    6    ok
   9.859   50.1ms  21>20     65    00    5    ok
   9.859    0.0ms  21>20     65    00    5    ok
   9.910   50.3ms  21>20     65    00    5    ok
   9.910    0.0ms  21>20     65    00    5    ok
   9.960  100.6ms  21>20     64    00    7    ok
   9.960  100.6ms  20>21     64    00    6    ok
   9.960   50.2ms  21>20     65    00    5    ok
   9.960    0.0ms  21>20     65    00    5    ok
  10.012   52.6ms  21>20     65    00    5    ok
  10.012    0.0ms  21>20     65    00    5    ok
  10.063  103.6ms  21>20     64    00    7    ok
  10.063  103.5ms  20>21     64    00    6    ok
  10.063   50.9ms  21>20     65    00    5    ok
  10.063    0.0ms  21>20     65    00    5    ok
  10.117   53.2ms  21>20     65    00    5    ok
  10.117    0.0ms  21>20     65    00    5    ok
  10.167  103.8ms  21>20     64    00    7    ok
  10.167  103.8ms  20>21     64    00    6    ok
  10.167   50.6ms  21>20     65    00    5    ok
  10.167    0.0ms  21>20     65    00    5    ok
  10.219   51.5ms  21>20     65    00    5    ok
  10.219    0.0ms  21>20     65    00    5    ok
  10.269  102.3ms  21>20     64    00    7    ok
  10.269  102.3ms  20>21     64    00    6    ok
  10.269   50.8ms  21>20     65    00    5    ok
  10.269    0.0ms  21>20     65    00    5    ok
  10.320   50.7ms  21>20     65    00    5    ok
  10.320    0.0ms  21>20     65    00    5    ok
  10.320   50.8ms  21>20     64    00    7    ok
  10.373  103.2ms  20>21     64    00    6    ok
  10.373   52.5ms  21>20     65    00    5    ok
  10.373    0.0ms  21>20     65    00    5    ok
  10.423   50.7ms  21>20     65    00    5    ok
  10.423    0.0ms  21>20     65    00    5    ok
  10.423  103.3ms  21>20     64    00    7    ok
  10.475  102.4ms  20>21     64    00    6    ok
  10.475   51.7ms  21>20     65    00    5    ok
  10.475    0.0ms  21>20     65    00    5    ok
  10.526   51.2ms  21>20     65    00    5    ok
  10.526    0.0ms  21>20     65    00    5    ok
  10.526  102.9ms  21>20     64    00    7    ok
  10.579  104.0ms  20>21     64    00    6    ok
  10.579   52.8ms  21>20     65    00    5    ok
  10.579    0.0ms  21>20     65    00    5    ok
  10.629   50.4ms  21>20     65    00    5    ok
  10.630    0.0ms  21>20     65    00    5    ok
  10.630  103.2ms  21>20     64    00    7    ok
  10.630   50.5ms  20>21     64    00    6    ok
  10.680   50.9ms  21>20     65    00    5    ok
  10.680    0.0ms  21>20     65    00    5    ok
  10.681    0.0ms  21>20     65    00    5    ok
  10.731   50.8ms  21>20     65    00    5    ok
  10.731  101.8ms  21>20     64    00    7    ok
  10.731  101.8ms  20>21     64    00    6    ok
  10.782   50.3ms  21>20     65    00    5    ok
  10.782    0.0ms  21>20     65    00    5    ok
  10.782    0.0ms  21>20     65    00    5    ok
  10.832   50.4ms  21>20     65    00    5    ok
  10.832  100.7ms  21>20     64    00    7    ok
  10.832  100.7ms  20>21     64    00    6    ok
  10.882   50.4ms  21>20     65    00    5    ok
  10.882    0.0ms  21>20     65    00    5    ok
  10.882    0.0ms  21>20     65    00    5    ok
  10.933   50.7ms  21>20     65    00    5    ok
  10.933  101.1ms  21>20     64    00    7    ok
  10.933  101.1ms  20>21     64    00    6    ok
  10.984   50.7ms  21>20     65    00    5    ok
  10.984    0.0ms  21>20     65    00    5    ok
  10.984    0.0ms  21>20     65    00    5    ok
  11.035   50.7ms  21>20     65    00    5    ok
  11.035  101.5ms  21>20     64    00    7    ok
  11.035  101.5ms  20>21     64    00    6    ok
  11.086   51.1ms  21>20     65    00    5    ok
  11.086    0.0ms  21>20     65    00    5    ok
  11.086    0.0ms  21>20     65    00    5    ok
  11.137   51.2ms  21>20     65    00    5    ok
  11.137  102.3ms  21>20     64    00    7    ok
  11.137  102.3ms  20>21     64    00    6    ok
  11.188   51.3ms  21>20     65    00    5    ok
  11.188    0.0ms  21>20     65    00    5    ok
  11.188    0.0ms  21>20     65    00    5    ok
  11.240   51.8ms  21>20     65    00    5    ok
  11.240  103.1ms  21>20     64    00    7    ok
  11.240  103.1ms  20>21     64    00    6    ok
  11.293   52.4ms  21>20     65    00    5    ok
  11.293    0.0ms  21>20     65    00    5    ok
  11.293    0.0ms  21>20     65    00    5    ok
  11.343   50.4ms  21>20     65    00    5    ok
  11.343  102.9ms  21>20     64    00    7    ok
  11.343  102.9ms  20>21     64    00    6    ok
  11.343    0.1ms  21>20     65    00    5    ok
  11.395   51.9ms  21>20     65    00    5    ok
  11.395    0.0ms  21>20     65    00    5    ok
  11.446   51.0ms  21>20     65    00    5    ok
  11.446  103.0ms  21>20     64    00    7    ok
  11.446  103.0ms  20>21     64    00    6    ok
  11.446    0.0ms  21>20     65    00    5    ok
  11.497   50.8ms  21>20     65    00    5    ok
  11.497    0.0ms  21>20     65    00    5    ok
  11.548   51.0ms  21>20     65    00    5    ok
  11.548  101.9ms  21>20     64    00    7    ok
  11.548  101.9ms  20>21     64    00    6    ok
  11.548    0.0ms  21>20     65    00    5    ok
  11.602   54.3ms  21>20     65    00    5    ok
  11.602    0.1ms  21>20     65    00    5    ok
  11.655   52.7ms  21>20     65    00    5    ok
  11.655  107.1ms  21>20     64    00    7    ok
  11.655  107.1ms  20>21     64    00    6    ok
  11.655    0.0ms  21>20     65    00    5    ok
  11.706   50.7ms  21>20     65    00    5    ok
  11.706    0.0ms  21>20     65    00    5    ok
  11.706    0.0ms  21>20     65    00    5    ok
  11.758  103.1ms  21>20     64    00    7    ok
  11.758  103.1ms  20>21     64    00    6    ok
  11.758   52.4ms  21>20     65    00    5    ok
  11.810   51.5ms  21>20     65    00    5    ok
  11.810    0.0ms  21>20     65    00    5    ok
  11.810    0.0ms  21>20     65    00    5    ok
  11.862  103.8ms  21>20     64    00    7    ok
  11.862  103.8ms  20>21     64    00    6    ok
  11.862   52.2ms  21>20     65    00    5    ok
  11.862    0.0ms  21>20     65    00    5    ok
  11.913   51.3ms  21>20     65    00    5    ok
  11.913    0.0ms  21>20     65    00    5    ok
  11.964  101.7ms  21>20     64    00    7    ok
  11.964  101.7ms  20>21     64    00    6    ok
  11.964   50.4ms  21>20     65    00    5    ok
  11.964    0.0ms  21>20     65    00    5    ok
  12.017   52.8ms  21>20     65    00    5    ok
  12.017    0.0ms  21>20     65    00    5    ok
  12.068  104.0ms  21>20     64    00    7    ok
  12.068  104.0ms  20>21     64    00    6    ok
  12.068   51.2ms  21>20     65    00    5    ok
  12.068    0.0ms  21>20     65    00    5    ok
  12.122   53.9ms  21>20     65    00    5    ok
  12.122    0.1ms  21>20     65    00    5    ok
  12.174  105.9ms  21>20     64    00    7    ok
  12.174  105.9ms  20>21     64    00    6    ok
  12.174   51.9ms  21>20     65    00    5    ok
  12.174    0.0ms  21>20     65    00    5    ok
  12.224   50.3ms  21>20     65    00    5    ok
  12.224    0.0ms  21>20     65    00    5    ok
  12.224   50.4ms  21>20     64    00    7    ok
  12.277  103.3ms  20>21     64    00    6    ok
  12.277   53.0ms  21>20     65    00    5    ok
  12.277    0.0ms  21>20     65    00    5    ok
  12.327   50.2ms  21>20     65    00    5    ok
  12.327    0.0ms  21>20     65    00    5    ok
  12.327  103.2ms  21>20     64    00    7    ok
  12.379  102.1ms  20>21     64    00    6    ok
  12.379   51.9ms  21>20     65    00    5    ok
  12.379    0.0ms  21>20     65    00    5    ok
  12.430   50.6ms  21>20     65    00    5    ok
  12.430    0.0ms  21>20     65    00    5    ok
  12.430  102.6ms  21>20     64    00    7    ok
  12.430   50.7ms  20>21     64    00    6    ok
  12.481   51.6ms  21>20     65    00    5    ok
  12.481    0.0ms  21>20     65    00    5    ok
  12.534   52.2ms  21>20     65    00    5    ok
  12.534    0.0ms  21>20     65    00    5    ok
  12.534  103.8ms  21>20     64    00    7    ok
  12.584  154.0ms  20>21     64    00    6    ok
  12.584   50.2ms  21>20     65    00    5    ok
  12.584    0.0ms  21>20     65    00    5    ok
  12.584    0.0ms  21>20     65    00    5    ok
  12.635   51.1ms  21>20     65    00    5    ok
  12.635  101.3ms  21>20     64    00    7    ok
  12.635   51.1ms  20>21     64    00    6    ok
  12.685   50.1ms  21>20     65    00    5    ok
  12.685    0.0ms  21>20     65    00    5    ok
  12.685    0.0ms  21>20     65    00    5    ok
  12.736   51.4ms  21>20     65    00    5    ok
  12.736  101.6ms  21>20     64    00    7    ok
  12.736  101.6ms  20>21     64    00    6    ok
  12.787   50.9ms  21>20     65    00    5    ok
  12.787    0.0ms  21>20     65    00    5    ok
  12.787    0.0ms  21>20     65    00    5    ok
  12.838   51.0ms  21>20     65    00    5    ok
  12.838  101.9ms  21>20     64    00    7    ok
  12.838  101.9ms  20>21     64    00    6    ok
  12.889   50.2ms  21>20     65    00    5    ok
  12.889    0.0ms  21>20     65    00    5    ok
  12.889    0.0ms  21>20     65    00    5    ok
  12.939   50.7ms  21>20     65    00    5    ok
  12.939  100.9ms  21>20     64    00    7    ok
  12.939  100.9ms  20>21     64    00    6    ok
  12.990   50.7ms  21>20     65    00    5    ok
  12.990    0.0ms  21>20     65    00    5    ok
  12.990    0.0ms  21>20     65    00    5    ok
  13.041   51.2ms  21>20     65    00    5    ok
  13.041  101.9ms  21>20     64    00    7    ok
  13.041  101.9ms  20>21     64    00    6    ok
  13.092   50.9ms  21>20     65    00    5    ok
  13.092    0.0ms  21>20     65    00    5    ok
  13.092    0.0ms  21>20     65    00    5    ok
  13.142   50.1ms  21>20     65    00    5    ok
  13.142  101.1ms  21>20     64    00    7    ok
  13.142  101.1ms  20>21     64    00    6    ok
  13.194   52.0ms  21>20     65    00    5    ok
  13.194    0.0ms  21>20     65    00    5    ok
  13.194    0.0ms  21>20     65    00    5    ok
  13.244   50.2ms  21>20     65    00    5    ok
  13.245  102.2ms  21>20     64    00    7    ok
  13.245  102.3ms  20>21     64    00    6    ok
  13.245    0.0ms  21>20     65    00    5    ok
  13.297   52.3ms  21>20     65    00    5    ok
  13.297    0.0ms  21>20     65    00    5    ok
  13.348   50.7ms  21>20     65    00    5    ok
  13.348  103.1ms  21>20     64    00    7    ok
  13.348  103.1ms  20>21     64    00    6    ok
  13.348    0.1ms  21>20     65    00    5    ok
  13.398   50.1ms  21>20     65    00    5    ok
  13.398    0.0ms  3e>20     01    10    4    ok
  13.398    0.0ms  20>3e     04    10    14   ok
  13.449  101.1ms  21>20     64    00    7    ok
  13.449  101.1ms  20>21     64    00    6    ok
  13.449   51.1ms  21>20     65    00    5    ok
  13.449    0.0ms  21>20     65    00    5    ok
  13.500   51.6ms  21>20     65    00    5    ok
  13.500    0.0ms  21>20     65    00    5    ok
  13.552  103.1ms  21>20     64    00    7    ok
  13.552  103.1ms  20>21     64    00    6    ok
  13.552   51.5ms  21>20     65    00    5    ok
  13.552    0.0ms  21>20     65    00    5    ok
  13.604   52.2ms  21>20     65    00    5    ok
  13.604    0.1ms  21>20     65    00    5    ok
  13.657  104.7ms  21>20     64    00    7    ok
  13.657  104.7ms  20>21     64    00    6    ok
  13.657   52.4ms  21>20     65    00    5    ok
  13.657    0.0ms  21>20     65    00    5    ok
  13.707   50.5ms  21>20     65    00    5    ok
  13.707    0.1ms  21>20     65    00    5    ok
  13.707   50.7ms  21>20     64    00    7    ok
  13.758  101.7ms  20>21     64    00    6    ok
  13.758    0.0ms  21>20     61    00    5    ok
  13.758  360.7ms  3e>20     01    25    1    ok
  13.758  360.7ms  20>3e     04    25    2    ok
  13.809  102.2ms  21>20     64    00    7    ok
  13.810   51.2ms  20>21     64    00    6    ok
  13.810  102.3ms  21>20     65    00    5    ok
  13.810    0.0ms  21>20     65    00    5    ok
  13.862  103.5ms  21>20     61    00    5    ok
  13.862  103.6ms  3e>20     01    75    1    ok
  13.862  103.5ms  20>3e     04    75    2    ok
  13.912  102.9ms  21>20     64    00    7    ok
  13.912  102.9ms  20>21     64    00    6    ok
  13.912   50.5ms  21>20     61    04    5    BAD
  13.913   50.7ms  20>3e     04    7b    6    ok
  13.963   50.6ms  21>20     64    00    7    ok
  13.963   50.5ms  20>21     64    00    6    ok
  13.963  153.4ms  21>20     65    00    5    ok
  14.014  101.2ms  21>20     61    00    5    ok
  14.014  151.7ms  3e>20     01    76    1    ok
  14.014    0.0ms  5a>a5     02    20    7    BAD
  14.065  102.2ms  21>20     65    00    5    ok
  14.065    0.1ms  21>20     65    00    5    ok
  14.065   51.6ms  21>20     61    00    5    ok
  14.116  102.6ms  3e>20     01    3b    1    ok
  14.116  203.6ms  20>3e     04    3b    2    ok
  14.116  153.4ms  21>20     64    00    7    ok
  14.116  153.4ms  20>21     64    00    6    ok
  14.167  101.4ms  21>20     61    00    5    ok
  14.167   50.5ms  3e>20     01    b4    1    ok
  14.167   50.4ms  20>3e     04    b4    6    ok
  14.167   50.4ms  21>20     64    00    7    ok
  14.220  103.4ms  20>21     64    00    6    ok
  14.220  154.6ms  21>20     65    00    5    ok
  14.220   53.1ms  21>20     61    00    5    ok
  14.271    0.0ms  3e>22     01    10    1    ok
  14.271  103.9ms  21>20     64    00    7    ok
  14.271    0.0ms  22>3e     04    10    34   ok
  14.271   50.9ms  20>21     64    00    6    ok
  14.271   50.9ms  21>20     61    00    5    ok
  14.322   51.1ms  3e>22     01    33    1    ok
  14.322   51.1ms  22>3e     04    33    4    ok
  14.322   51.1ms  21>20     64    00    7    ok
  14.322   51.1ms  20>21     64    00    6    ok
  14.372  152.4ms  21>20     65    00    5    ok
  14.372    0.1ms  21>20     65    00    5    ok
  14.372    0.0ms  21>20     65    00    5    ok
  14.423  152.8ms  21>20     61    00    5    ok
  14.423  101.8ms  3e>22     01    31    1    ok
  14.423  101.8ms  22>3e     04    31    2    ok
  14.474   50.6ms  21>20     61    00    5    ok
  14.474  307.4ms  3e>20     01    b0    1    ok
  14.474  307.4ms  20>3e     04    b0    52   ok
  14.474  152.3ms  21>20     64    00    7    ok
  14.474  152.3ms  20>21     64    00    6    ok
  14.525  153.1ms  21>20     65    00    5    ok
  14.525    0.0ms  21>20     65    00    5    ok
  14.576   50.9ms  21>20     65    00    5    ok
  14.576    0.0ms  21>20     65    00    5    ok
  14.576  102.3ms  21>20     61    00    5    ok
  14.627  203.0ms  3e>22     01    40    1    ok
  14.627  152.5ms  21>20     64    00    7    ok
  14.627  203.1ms  22>3e     04    40    30   ok
  14.627  152.5ms  20>21     64    00    6    ok
  14.627   50.3ms  21>20     65    00    5    ok
  14.679   52.8ms  21>20     65    00    5    ok
  14.679    0.0ms  21>20     65    00    5    ok
  14.730   51.0ms  21>20     65    00    5    ok
  14.730  103.9ms  21>20     64    00    7    ok
  14.730  103.9ms  20>21     64    00    6    ok
  14.730  154.2ms  21>20     61    00    5    ok
  14.782  308.3ms  3e>20     01    67    1    ok
  14.782  308.3ms  20>3e     04    67    4    ok
  14.782   52.0ms  21>20     64    00    7    ok
  14.782   52.0ms  20>21     64    00    6    ok
  14.833  102.6ms  21>20     65    00    5    ok
  14.833  102.6ms  21>20     61    00    5    ok
  14.833   50.8ms  3e>20     01    25    1    ok
  14.833   50.7ms  20>3e     04    25    2    ok
  14.886   52.4ms  21>20     61    00    5    ok
  14.886   52.4ms  3e>20     01    1a    1    ok
  14.886   52.4ms  20>3e     04    1a    2    ok
  14.938   52.1ms  21>20     61    00    5    ok
  14.938   52.1ms  3e>20     01    32    1    ok
  14.938   52.1ms  20>3e     04    32    8    ok
  14.938    0.1ms  21>20     61    00    5    ok
  14.988   50.5ms  3e>20     01    75    1    ok
  14.988   50.5ms  20>3e     04    75    2    ok
  14.988   50.5ms  21>20     61    00    5    ok
  14.988    0.0ms  3e>20     01    7b    1    ok
  15.041   52.9ms  20>3e     04    7b    6    ok
  15.041  258.7ms  21>20     64    00    7    ok
  15.041  258.7ms  20>21     64    00    6    ok
  15.041  208.1ms  21>20     65    00    5    ok
  15.092  104.0ms  21>20     61    00    5    ok
  15.092  104.0ms  3e>20     01    76    1    ok
  15.092   51.1ms  20>3e     04    76    2    ok
  15.092   51.0ms  21>20     64    00    7    ok
  15.145  103.8ms  20>21     64    00    6    ok
  15.145  103.8ms  21>20     65    00    5    ok
  15.145    0.0ms  21>20     65    00    5    ok
  15.196  104.3ms  21>20     61    00    5    ok
  15.196  104.2ms  3e>20     01    3b    1    ok
  15.196  104.2ms  20>3e     04    3b    2    ok
  15.196  104.2ms  21>20     64    00    7    ok
  15.196   51.5ms  20>21     64    00    6    ok
  15.247   50.3ms  21>20     61    00    5    ok
  15.247   50.4ms  3e>20     01    b4    1    ok
  15.247   50.4ms  20>3e     04    b4    6    ok
  15.299   52.2ms  21>20     61    00    5    ok
  15.299  102.6ms  21>20     64    00    7    ok
  15.299  102.6ms  20>21     64    00    6    ok
  15.299    0.1ms  21>20     61    00    5    ok
  15.350  102.9ms  3e>20     01    75    1    ok
  15.350  102.9ms  20>3e     04    75    2    ok
  15.350   50.7ms  21>20     64    00    7    ok
  15.350   50.7ms  20>21     64    00    6    ok
  15.350   50.7ms  21>20     61    00    5    ok
  15.401   51.7ms  3e>20     01    7b    1    ok
  15.401   51.7ms  20>3e     04    7b    6    ok
  15.401   51.7ms  21>20     61    00    5    ok
  15.453  826.1ms  3e>22     01    35    1    ok
  15.453  826.0ms  22>3e     04    35    2    ok
  15.453  103.0ms  21>20     64    00    7    ok
  15.453  103.0ms  20>21     64    00    6    ok
  15.453   51.2ms  21>20     61    00    5    ok
  15.503  101.8ms  3e>20     01    76    1    ok
  15.503  101.8ms  20>3e     04    76    2    ok
  15.503   50.6ms  21>20     64    00    7    ok
  15.503   50.6ms  20>21     64    00    6    ok
  15.553  100.7ms  21>20     61    00    5    ok
  15.553   50.2ms  3e>20     01    b0    1    ok
  15.553   50.2ms  20>3e     04    b0    52   ok
  15.553    0.1ms  21>20     61    00    5    ok
  15.607  103.8ms  21>20     64    00    7    ok
  15.607  103.9ms  20>21     64    00    6    ok
  15.607  462.2ms  21>20     65    00    5    ok
  15.659   51.9ms  21>20     65    00    5    ok
  15.659    0.0ms  21>20     65    00    5    ok
  15.659  105.7ms  21>20     61    00    5    ok
  15.710  156.2ms  3e>20     01    1a    1    ok
  15.710  156.2ms  20>3e     04    1a    2    ok
  15.710  102.5ms  21>20     64    00    7    ok
  15.710  102.5ms  20>21     64    00    6    ok
  15.710   50.5ms  21>20     61    00    5    ok
  15.762  309.2ms  3e>22     01    35    1    ok
  15.762  309.2ms  22>3e     04    35    2    ok
  15.762   52.2ms  21>20     61    00    5    ok
  15.812  102.7ms  3e>20     01    75    1    ok
  15.812  102.7ms  20>3e     04    75    2    ok
  15.812  102.7ms  21>20     64    00    7    ok
  15.812  102.7ms  20>21     64    00    6    ok
  15.812  153.3ms  21>20     65    00    5    ok
  15.864  102.1ms  21>20     61    00    5    ok
  15.864   51.7ms  3e>20     01    b0    1    ok
  15.916   51.6ms  21>20     61    00    5    ok
  15.916   51.6ms  3e>20     01    76    1    ok
  15.916  103.3ms  20>3e     04    76    2    ok
  15.916  103.3ms  21>20     64    00    7    ok
  15.967  155.1ms  20>21     64    00    6    ok
  15.968  155.1ms  21>20     65    00    5    ok
  15.968   51.9ms  21>20     61    00    5    ok
  16.019  103.3ms  3e>20     01    3b    1    ok
  16.019  103.3ms  20>3e     04    3b    2    ok
  16.019   51.5ms  21>20     61    00    5    ok
  16.019    0.1ms  3e>20     01    7b    1    ok
  16.019    0.0ms  20>3e     04    7b    6    ok
  16.069   50.3ms  21>20     61    00    5    ok
  16.069   50.3ms  3e>20     01    b4    1    ok
  16.069   50.3ms  20>3e     04    b4    6    ok
  16.069    0.1ms  21>20     61    00    5    ok
  16.122   52.3ms  3e>20     01    76    1    ok
  16.122   52.4ms  20>3e     04    76    2    ok
  16.122   52.4ms  21>20     61    00    5    ok
  16.173  410.9ms  3e>22     01    33    1    ok
  16.173  410.9ms  22>3e     04    33    4    ok
  16.173   51.1ms  21>20     61    00    5    ok
  16.173   51.1ms  3e>20     01    b4    1    ok
  16.225  103.4ms  20>3e     04    b4    6    ok
  16.225  309.4ms  21>20     64    00    7    ok
  16.225  257.6ms  20>21     64    00    6    ok
  16.225  257.6ms  21>20     65    00    5    ok
  16.276   51.1ms  21>20     65    00    5    ok
  16.276  103.5ms  21>20     61    00    5    ok
  16.276  103.5ms  3e>22     01    33    1    ok
  16.276  103.5ms  22>3e     04    33    4    ok
  16.328  102.6ms  21>20     64    00    7    ok
  16.328  102.6ms  20>21     64    00    6    ok
  16.328   51.5ms  21>20     61    00    5    ok
  16.379  206.3ms  3e>20     01    b0    1    ok
  16.379  154.0ms  20>3e     04    b0    52   BAD
  16.379  102.8ms  3e>22     01    35    1    ok
  16.429  101.6ms  21>20     64    00    7    ok
  16.429  101.6ms  20>21     64    00    6    ok
  16.429  153.1ms  21>20     65    00    5    ok
  16.429    0.0ms  21>20     65    00    5    ok
  16.479  151.7ms  21>20     61    00    5    ok
  16.479  100.4ms  3e>20     01    b0    1    ok
  16.479  100.3ms  20>3e     04    b0    52   BAD
  16.530   50.2ms  21>20     61    00    5    ok
  16.530   50.2ms  3e>20     01    25    1    ok
  16.530   50.2ms  20>3e     04    25    2    ok
  16.530  100.4ms  21>20     64    00    7    ok
  16.581  151.7ms  20>21     64    00    6    ok
  16.581   51.4ms  21>20     61    00    5    ok
  16.581   51.4ms  3e>20     01    7b    1    ok
  16.581   51.4ms  20>3e     04    7b    6    ok
  16.632  102.0ms  21>20     64    00    7    ok
  16.632   50.7ms  20>21     64    00    6    ok
  16.632   50.7ms  21>20     61    00    5    ok
  16.632  252.6ms  3e>22     01    40    1    ok
  16.682  405.5ms  22>3e     04    40    30   ok
  16.682  100.8ms  3e>20     01    76    1    ok
  16.682  100.8ms  20>3e     04    76    2    ok
  16.733  100.9ms  21>20     64    00    7    ok
  16.733  101.0ms  20>21     64    00    6    ok
  16.733  303.3ms  21>20     65    00    5    ok
  16.733  101.0ms  21>20     61    00    5    ok
  16.785  102.7ms  3e>20     01    3b    1    ok
  16.785  102.8ms  20>3e     04    3b    2    ok
  16.785   52.0ms  21>20     64    00    7    ok
  16.785   52.0ms  20>21     64    00    6    ok
  16.836  103.4ms  21>20     61    00    5    ok
  16.836   51.5ms  3e>20     01    75    1    ok
  16.836   51.5ms  20>3e     04    75    2    ok
  16.836    0.1ms  21>20     61    00    5    ok
  16.889   52.9ms  3e>20     01    b4    1    ok
  16.889   52.9ms  20>3e     04    b4    6    ok
  16.889   52.9ms  21>20     61    00    5    ok
  16.889  257.4ms  3e>22     01    33    1    ok
  16.941  259.3ms  22>3e     04    33    4    ok
  16.941  156.5ms  21>20     64    00    7    ok
  16.941  156.5ms  20>21     64    00    6    ok
  16.941   52.1ms  21>20     61    00    5    ok
  16.992  102.6ms  3e>22     01    33    1    ok
  16.992   50.6ms  22>3e     04    33    4    ok
  16.992   50.6ms  21>20     64    00    7    ok
  16.992   50.6ms  20>21     64    00    6    ok
  16.992   50.6ms  21>20     61    00    5    ok
  17.045   53.3ms  3e>22     01    35    1    ok
  17.045   53.3ms  22>3e     04    35    2    ok
  17.045   53.2ms  21>20     61    00    5    ok
  17.096   51.5ms  3e>22     01    35    1    ok
  17.096   51.5ms  22>3e     04    35    2    ok
  17.096  104.8ms  21>20     64    00    7    ok
  17.096  104.7ms  20>21     64    00    6    ok
  17.096   51.5ms  21>20     61    00    5    ok
  17.150  260.6ms  3e>20     01    da    1    ok
  17.150  260.6ms  20>3e     04    da    12   ok
  17.150   53.2ms  21>20     64    00    7    ok
  17.150   53.2ms  20>21     64    00    6    ok
  17.150   53.1ms  21>20     61    00    5    ok
  17.200   50.7ms  3e>20     01    da    1    ok
  17.200   50.7ms  20>3e     04    da    12   ok
  17.200   50.7ms  21>20     64    00    7    ok
  17.200   50.7ms  20>21     64    00    6    ok
  17.251  517.9ms  21>20     65    00    5    ok
  17.251    0.0ms  21>20     65    00    5    ok
  17.251    0.0ms  21>20     65    00    5    ok
  17.301  151.5ms  21>20     61    00    5    ok
  17.301  100.9ms  3e>20     01    b4    1    ok
  17.301  100.9ms  20>3e     04    b4    6    ok
  17.352  151.4ms  21>20     64    00    7    ok
  17.352  151.4ms  20>21     64    00    6    ok
  17.352   50.6ms  21>20     61    00    5    ok
  17.352   50.6ms  3e>20     01    b4    1    ok
  17.402  100.8ms  20>3e     04    b4    6    ok
  17.402   50.2ms  21>20     61    00    5    ok
  17.402  305.6ms  3e>22     01    33    1    ok
  17.402  305.6ms  22>3e     04    33    4    ok
  17.453  100.9ms  21>20     64    00    7    ok
  17.453  100.9ms  20>21     64    00    6    ok
  17.453  202.1ms  21>20     65    00    5    ok
  17.453   50.7ms  21>20     61    00    5    ok
  17.504  102.0ms  3e>22     01    35    1    ok
  17.504  102.0ms  22>3e     04    35    2    ok
  17.504   51.5ms  21>20     64    00    7    ok
  17.504   51.4ms  20>21     64    00    6    ok
  17.555  102.3ms  21>20     61    00    5    ok
  17.555   51.0ms  3e>22     01    35    1    ok
  17.555   51.0ms  22>3e     04    35    2    ok
  17.555   51.0ms  21>20     64    00    7    ok
  17.606  102.1ms  20>21     64    00    6    ok
  17.606   51.2ms  21>20     61    00    5    ok
  17.606  254.4ms  3e>20     01    da    1    ok
  17.606  204.2ms  20>3e     04    da    12   ok
  17.657  101.6ms  21>20     64    00    7    ok
  17.657   50.6ms  20>21     64    00    6    ok
  17.657   50.6ms  21>20     61    00    5    ok
  17.657   50.6ms  3e>20     01    da    1    ok
  17.657   50.6ms  20>3e     04    da    12   ok
  17.710   53.7ms  21>20     64    00    7    ok
  17.710   53.7ms  20>21     64    00    6    ok
  17.710  257.8ms  21>20     65    00    5    ok
  17.710    0.0ms  21>20     65    00    5    ok
  17.762   51.9ms  21>20     65    00    5    ok
  17.762  105.7ms  21>20     61    00    5    ok
  17.813  156.3ms  3e>20     01    b4    1    ok
  17.813  156.3ms  20>3e     04    b4    6    ok
  17.813   50.7ms  21>20     61    00    5    ok
  17.813    0.1ms  3e>20     01    b4    1    ok
  17.863   50.1ms  20>3e     04    b4    6    ok
  17.863   50.1ms  21>20     61    00    5    ok
  17.863  308.2ms  3e>22     01    33    1    ok
  17.863  308.2ms  22>3e     04    33    4    ok
  17.914   50.7ms  21>20     61    00    5    ok
  17.914   50.7ms  3e>22     01    33    1    ok
  17.914   50.7ms  22>3e     04    33    4    ok
  17.914  203.5ms  21>20     64    00    7    ok
  17.965  254.9ms  20>21     64    00    6    ok
  17.965   51.5ms  21>20     61    00    5    ok
  17.965   51.5ms  3e>22     01    35    1    ok
  17.965   51.5ms  22>3e     04    35    2    ok
  18.016  102.5ms  21>20     64    00    7    ok
  18.017   51.2ms  20>21     64    00    6    ok
  18.017   51.2ms  21>20     61    00    5    ok
  18.017   51.2ms  3e>22     01    35    1    ok
  18.071  105.2ms  22>3e     04    35    2    ok
  18.071   54.2ms  21>20     64    00    7    ok
  18.071   54.1ms  20>21     64    00    6    ok
  18.071   54.1ms  21>20     61    00    5    ok
  18.071  257.6ms  3e>20     01    da    1    ok
  18.121  257.9ms  20>3e     04    da    12   ok
  18.121   50.4ms  21>20     61    00    5    ok
  18.121   50.4ms  3e>20     01    da    1    ok
  18.121    0.1ms  20>3e     04    da    12   ok
  18.171  100.5ms  21>20     64    00    7    ok
  18.171  100.5ms  20>21     64    00    6    ok
  18.171  408.9ms  21>20     65    00    5    ok
  18.171    0.0ms  21>20     65    00    5    ok
  18.222  101.4ms  21>20     61    00    5    ok
  18.222  101.4ms  3e>20     01    b4    1    ok
  18.222  101.4ms  20>3e     04    b4    6    ok
  18.273  101.7ms  21>20     64    00    7    ok
  18.273  101.7ms  20>21     64    00    6    ok
  18.273   50.5ms  21>20     61    00    5    ok
  18.273   50.5ms  3e>20     01    b4    1    ok
  18.323  100.8ms  20>3e     04    b4    6    ok
  18.323   50.4ms  21>20     61    00    5    ok
  18.323  306.8ms  3e>22     01    33    1    ok
  18.374  303.4ms  22>3e     04    33    4    ok
  18.374  101.2ms  21>20     64    00    7    ok
  18.374  101.2ms  20>21     64    00    6    ok
  18.374   50.8ms  21>20     61    00    5    ok
  18.374   50.8ms  3e>22     01    33    1    ok
  18.426   51.9ms  22>3e     04    33    4    ok
  18.426   51.9ms  21>20     64    00    7    ok
  18.426   51.9ms  20>21     64    00    6    ok
  18.426   51.9ms  21>20     61    00    5    ok
  18.477  103.3ms  3e>22     01    35    1    ok
  18.477   51.5ms  22>3e     04    35    2    ok
  18.477   51.5ms  21>20     61    00    5    ok
  18.477    0.1ms  3e>22     01    35    1    ok
  18.530   52.3ms  22>3e     04    35    2    ok
  18.530   52.3ms  21>20     61    00    5    ok
  18.530  256.8ms  3e>20     01    da    1    ok
  18.530  206.5ms  20>3e     04    da    12   ok
  18.580  154.4ms  21>20     64    00    7    ok
  18.580  154.4ms  20>21     64    00    6    ok
  18.580   50.6ms  21>20     61    00    5    ok
  18.580   50.6ms  3e>20     01    da    1    ok
  18.580   50.6ms  20>3e     04    da    12   ok
  18.632   51.4ms  21>20     64    00    7    ok
  18.632   51.4ms  20>21     64    00    6    ok
  18.632  460.6ms  21>20     65    00    5    ok
  18.632    0.0ms  21>20     65    00    5    ok
  18.684   52.6ms  21>20     65    00    5    ok
  18.684  104.1ms  21>20     61    00    5    ok
  18.735  154.5ms  3e>20     01    b4    1    ok
  18.735  154.5ms  20>3e     04    b4    6    ok
  18.735   50.4ms  21>20     61    00    5    ok
  18.735    0.0ms  3e>20     01    b4    1    ok
  18.735    0.0ms  20>3e     04    b4    6    ok
  18.786  154.7ms  21>20     64    00    7    ok
  18.786  154.7ms  20>21     64    00    6    ok
  18.786   51.5ms  21>20     61    00    5    ok
  18.837  359.5ms  3e>22     01    33    1    ok
  18.837  307.3ms  22>3e     04    33    4    ok
  18.837   50.6ms  21>20     61    00    5    ok
  18.837    0.0ms  3e>22     01    33    1    ok
  18.837    0.0ms  22>3e     04    33    4    ok
  18.889   52.4ms  21>20     61    00    5    ok
  18.889   52.4ms  3e>22     01    35    1    ok
  18.889   52.4ms  22>3e     04    35    2    ok
  18.940  154.0ms  21>20     64    00    7    ok
  18.940  154.0ms  20>21     64    00    6    ok
  18.940   51.0ms  21>20     61    00    5    ok
  18.940   51.0ms  3e>22     01    35    1    ok
  18.940   51.0ms  22>3e     04    35    2    ok
  18.992   51.4ms  21>20     64    00    7    ok
  18.992   51.4ms  20>21     64    00    6    ok
  18.992   51.4ms  21>20     61    00    5    ok
  18.992  257.0ms  3e>20     01    da    1    ok
  19.043  308.6ms  20>3e     04    da    12   ok
  19.044   51.7ms  21>20     64    00    7    ok
  19.044   51.7ms  20>21     64    00    6    ok
  19.044   51.7ms  21>20     61    00    5    ok
  19.094  102.0ms  3e>20     01    da    1    ok
  19.094   50.5ms  20>3e     04    da    12   ok
  19.094   50.5ms  21>20     64    00    7    ok
  19.094   50.5ms  20>21     64    00    6    ok
  19.094  409.6ms  21>20     65    00    5    ok
  19.146   52.3ms  21>20     65    00    5    ok
  19.146  102.8ms  21>20     61    00    5    ok
  19.197  102.8ms  3e>20     01    75    1    ok
  19.197  102.8ms  20>3e     04    75    2    ok
  19.197  102.8ms  21>20     64    00    7    ok
  19.197  102.8ms  20>21     64    00    6    ok
  19.197   50.5ms  21>20     61    00    5    ok
  19.250   53.1ms  3e>20     01    75    1    ok
  19.250   53.1ms  20>3e     04    75    2    ok
  19.250   53.1ms  21>20     61    00    5    ok
  19.300   50.2ms  3e>20     01    b4    1    ok
  19.300   50.2ms  20>3e     04    b4    6    ok
  19.300   50.2ms  21>20     61    00    5    ok
  19.300  359.7ms  3e>22     01    33    1    ok
  19.300  359.7ms  22>3e     04    33    4    ok
  19.353  156.0ms  21>20     64    00    7    ok
  19.353  156.1ms  20>21     64    00    6    ok
  19.353   52.8ms  21>20     61    00    5    ok
  19.353   52.8ms  3e>22     01    33    1    ok
  19.404  104.3ms  22>3e     04    33    4    ok
  19.404   51.6ms  21>20     64    00    7    ok
  19.404   51.5ms  20>21     64    00    6    ok
  19.404   51.5ms  21>20     61    00    5    ok
  19.455  101.9ms  3e>22     01    35    1    ok
  19.455   50.5ms  22>3e     04    35    2    ok
  19.455   50.4ms  21>20     64    00    7    ok
  19.455   50.4ms  20>21     64    00    6    ok
  19.455   50.4ms  21>20     61    00    5    ok
  19.506   51.4ms  3e>22     01    35    1    ok
  19.506   51.4ms  22>3e     04    35    2    ok
  19.506   51.4ms  21>20     64    00    7    ok
  19.506   51.4ms  20>21     64    00    6    ok
  19.557  102.1ms  21>20     61    00    5    ok
  19.557  257.0ms  3e>20     01    da    1    ok
  19.557  257.0ms  20>3e     04    da    12   ok
  19.557    0.1ms  21>20     61    00    5    ok
  19.608   51.2ms  3e>20     01    da    1    ok
  19.608   51.2ms  20>3e     04    da    12   ok
  19.608  102.1ms  21>20     64    00    7    ok
  19.608  102.1ms  20>21     64    00    6    ok
  19.659  512.9ms  21>20     65    00    5    ok
  19.659    0.0ms  21>20     65    00    5    ok
  19.659    0.0ms  21>20     65    00    5    ok
  19.711  153.6ms  21>20     61    00    5    ok
  19.711  102.4ms  3e>20     01    b4    1    ok
  19.711  102.4ms  20>3e     04    b4    6    ok
  19.761  152.5ms  21>20     64    00    7    ok
  19.761  152.5ms  20>21     64    00    6    ok
  19.761   50.2ms  21>20     61    00    5    ok
  19.761   50.2ms  3e>20     01    b4    1    ok
  19.761   50.2ms  20>3e     04    b4    6    ok
  19.813   51.8ms  21>20     61    00    5    ok
  19.813  306.5ms  3e>22     01    33    1    ok
  19.813  306.5ms  22>3e     04    33    4    ok
  19.864  103.7ms  21>20     64    00    7    ok
  19.864  103.6ms  20>21     64    00    6    ok
  19.864  205.2ms  21>20     65    00    5    ok
  19.864    0.0ms  21>20     65    00    5    ok
  19.915  102.0ms  21>20     61    00    5    ok
  19.915  102.0ms  3e>22     01    35    1    ok
  19.915  101.9ms  22>3e     04    35    2    ok
  19.915    0.0ms  21>20     61    00    5    ok
  19.965   50.2ms  3e>22     01    35    1    ok
  19.965   50.3ms  22>3e     04    35    2    ok
  19.965  100.5ms  21>20     64    00    7    ok
  19.965  100.5ms  20>21     64    00    6    ok
  20.015  100.5ms  21>20     61    00    5    ok
  20.015  254.4ms  3e>20     01    da    1    ok
  20.015  254.4ms  20>3e     04    da    12   ok
  20.015   50.3ms  21>20     64    00    7    ok
  20.067  102.0ms  20>21     64    00    6    ok
  20.067   51.9ms  21>20     61    00    5    ok
  20.067   51.8ms  3e>20     01    da    1    ok
  20.067   51.8ms  20>3e     04    da    12   ok
  20.118  102.6ms  21>20     64    00    7    ok
  20.118   50.9ms  20>21     64    00    6    ok
  20.118  253.4ms  21>20     65    00    5    ok
  20.118    0.0ms  21>20     65    00    5    ok
  20.171   52.9ms  21>20     65    00    5    ok
  20.171  103.8ms  21>20     61    00    5    ok
  20.221  153.9ms  3e>20     01    b4    1    ok
  20.221  153.9ms  20>3e     04    b4    6    BAD
  20.221    0.1ms  3e>20     01    b4    1    ok
  20.221    0.0ms  20>3e     04    b4    6    ok
  20.273  102.4ms  21>20     61    00    5    ok
  20.273  308.3ms  3e>22     01    33    1    ok
  20.273  308.3ms  22>3e     04    33    4    ok
  20.324   50.6ms  21>20     61    00    5    ok
  20.324   50.6ms  3e>22     01    33    1    ok
  20.324   50.6ms  22>3e     04    33    4    ok
  20.324  206.0ms  21>20     64    00    7    ok
  20.324  206.0ms  20>21     64    00    6    ok
  20.374   50.3ms  21>20     61    00    5    ok
  20.374   50.3ms  3e>22     01    35    1    ok
  20.374   50.3ms  22>3e     04    35    2    ok
  20.425  100.6ms  21>20     64    00    7    ok
  20.425  100.7ms  20>21     64    00    6    ok
  20.425   50.5ms  21>20     61    00    5    ok
  20.425   50.5ms  3e>22     01    35    1    ok
  20.475  100.6ms  22>3e     04    35    2    ok
  20.475   50.2ms  21>20     64    00    7    ok
  20.475   50.2ms  20>21     64    00    6    ok
  20.475   50.2ms  21>20     61    00    5    ok
  20.475  253.8ms  3e>20     01    da    1    ok
  20.525  304.3ms  20>3e     04    da    12   ok
  20.525   50.6ms  21>20     64    00    7    ok
  20.525   50.6ms  20>21     64    00    6    ok
  20.525   50.6ms  21>20     61    00    5    ok
  20.576  100.8ms  3e>20     01    b0    1    ok
  20.576   50.3ms  20>3e     04    b0    52   ok
  20.576   50.3ms  21>20     64    00    7    ok
  20.576   50.3ms  20>21     64    00    6    ok
  20.576  404.8ms  21>20     65    00    5    ok
  20.627  102.1ms  21>20     61    00    5    ok
  20.627   51.9ms  3e>20     01    25    1    ok
  20.627   51.9ms  20>3e     04    25    2    ok
  20.678  102.6ms  21>20     64    00    7    ok
  20.678  102.6ms  20>21     64    00    6    ok
  20.678   50.8ms  21>20     61    00    5    ok
  20.678   50.8ms  3e>20     01    da    1    ok
  20.728  100.9ms  20>3e     04    da    12   ok
  20.728   50.2ms  21>20     61    00    5    ok
  20.728   50.2ms  3e>20     01    b4    1    ok
  20.779   50.9ms  20>3e     04    b4    6    ok
  20.779  101.2ms  21>20     64    00    7    ok
  20.779  101.1ms  20>21     64    00    6    ok
  20.779  203.8ms  21>20     65    00    5    ok
  20.779   51.0ms  21>20     61    00    5    ok
  20.831  406.2ms  3e>22     01    33    1    ok
  20.831  356.2ms  22>3e     04    33    4    ok
  20.831   51.5ms  21>20     64    00    7    ok
  20.831   51.5ms  20>21     64    00    6    ok
  20.881  102.0ms  21>20     61    00    5    ok
  20.881  153.0ms  3e>20     01    b4    1    ok
  20.881  102.1ms  20>3e     04    b4    6    ok
  20.881   50.6ms  21>20     64    00    7    ok
  20.932  101.0ms  20>21     64    00    6    ok
  20.932   50.5ms  21>20     61    00    5    ok
  20.932  101.1ms  3e>22     01    35    1    ok
  20.932  101.1ms  22>3e     04    35    2    ok
  20.983   51.2ms  21>20     61    00    5    ok
  20.983   51.3ms  3e>22     01    33    1    ok
  20.983   51.2ms  22>3e     04    33    4    ok
  20.983  101.8ms  21>20     64    00    7    ok
  21.035  102.8ms  20>21     64    00    6    ok
  21.035  255.3ms  21>20     65    00    5    ok
  21.035   51.6ms  21>20     61    00    5    ok
  21.086  102.4ms  3e>22     01    31    1    ok
  21.086  102.5ms  22>3e     04    31    2    ok
  21.086   50.9ms  21>20     61    00    5    ok
  21.086  204.2ms  3e>20     01    da    1    ok
  21.086  204.2ms  20>3e     04    da    12   ok
  21.136  152.6ms  21>20     64    00    7    ok
  21.136  101.2ms  20>21     64    00    6    ok
  21.136  101.2ms  21>20     65    00    5    ok
  21.136    0.0ms  21>20     65    00    5    ok
  21.188   52.0ms  21>20     65    00    5    ok
  21.188  102.3ms  21>20     61    00    5    ok
  21.238  152.6ms  3e>20     01    b4    1    ok
  21.238  152.6ms  20>3e     04    b4    6    ok
  21.238   50.3ms  21>20     61    00    5    ok
  21.238    0.0ms  3e>20     01    b4    1    ok
  21.289   50.3ms  20>3e     04    b4    6    ok
  21.289   50.4ms  21>20     61    00    5    ok
  21.289  203.0ms  3e>22     01    33    1    ok
  21.289  203.0ms  22>3e     04    33    4    ok
  21.339   50.3ms  21>20     61    00    5    ok
  21.339   50.3ms  3e>22     01    33    1    ok
  21.339   50.3ms  22>3e     04    33    4    ok
  21.339  203.1ms  21>20     64    00    7    ok
  21.390  254.0ms  20>21     64    00    6    ok
  21.390   51.0ms  21>20     61    00    5    ok
  21.390   51.0ms  3e>22     01    35    1    ok
  21.390   50.9ms  22>3e     04    35    2    ok
  21.440  101.4ms  21>20     64    00    7    ok
  21.494    0.0ms  21>64     00    01    32   BAD
  21.494   53.7ms  21>20     64    00    7    ok
  21.494    0.0ms  20>64     00    01    6    BAD
  21.545  306.6ms  3e>20     01    da    1    ok
  21.545  256.3ms  20>3e     04    da    12   ok
  21.545  155.0ms  21>20     61    00    5    ok
  21.545    0.1ms  3e>20     01    da    1    ok
  21.545    0.0ms  20>3e     04    da    12   ok
  21.596  102.3ms  21>20     64    00    7    ok
  21.597  206.6ms  20>21     64    00    6    ok
  21.597  408.7ms  21>20     65    00    5    ok
  21.597    0.0ms  21>20     65    00    5    ok
  21.647  102.0ms  21>20     61    00    5    ok
  21.647  102.0ms  3e>20     01    75    1    ok
  21.647  102.0ms  20>3e     04    75    2    ok
  21.697  100.7ms  21>20     64    00    7    ok
  21.697  100.7ms  20>21     64    00    6    ok
  21.697   50.3ms  21>20     61    00    5    ok
  21.697   50.3ms  3e>20     01    75    1    ok
  21.747  100.5ms  20>3e     04    75    2    ok
  21.747   50.2ms  21>20     61    00    5    ok
  21.747   50.2ms  3e>20     01    b4    1    ok
  21.748    0.1ms  20>3e     04    b4    6    ok
  21.798  100.7ms  21>20     64    00    7    ok
  21.798  100.7ms  20>21     64    00    6    ok
  21.798   50.4ms  21>20     61    00    5    ok
  21.798  408.0ms  3e>22     01    33    1    ok
  21.851  460.9ms  22>3e     04    33    4    ok
  21.851   52.9ms  21>20     64    00    7    ok
  21.851   52.9ms  20>21     64    00    6    ok
  21.851   52.9ms  21>20     61    00    5    ok
  21.901  103.2ms  3e>22     01    33    1    ok
  21.901   50.4ms  22>3e     04    33    4    ok
  21.901   50.4ms  21>20     64    00    7    ok
  21.901   50.4ms  20>21     64    01    6    BAD
  21.955   53.6ms  3e>22     01    35    1    ok
  21.955   53.6ms  22>3e     04    35    2    ok
  21.955  104.0ms  21>20     61    00    5    ok
  22.005   50.6ms  3e>22     01    35    1    ok
  22.005   50.6ms  22>3e     04    35    2    ok
  22.005  104.3ms  21>20     64    00    7    ok
  22.005  104.2ms  20>21     64    00    6    ok
  22.005  408.9ms  21>20     65    00    5    ok
  22.056  100.9ms  21>20     61    00    5    ok
  22.056  308.2ms  3e>20     01    da    1    ok
  22.056  308.2ms  20>3e     04    da    12   ok
  22.106   50.3ms  21>20     61    00    5    ok
  22.106   50.3ms  3e>20     01    da    1    ok
  22.106   50.3ms  20>3e     04    da    12   ok
  22.106  100.6ms  21>20     64    00    7    ok
  22.106  100.6ms  20>21     64    00    6    ok
  22.157  151.8ms  21>20     65    00    5    ok
  22.157    0.0ms  21>20     65    00    5    ok
  22.157   51.4ms  21>20     61    00    5    ok
  22.210  103.6ms  3e>20     01    b4    1    ok
  22.210  103.6ms  20>3e     04    b4    6    BAD
  22.260   50.7ms  3e>20     01    b4    1    ok
  22.260   50.7ms  20>3e     04    b4    6    ok
  22.260  154.3ms  21>20     64    00    7    ok
  22.260  154.3ms  20>21     64    00    6    ok
  22.260  103.0ms  21>20     61    00    5    ok
  22.313  308.1ms  3e>22     01    33    1    ok
  22.364    0.0ms  3e>04     33    57    34   BAD
  22.364  104.1ms  21>20     64    00    7    ok
  22.364  104.1ms  20>21     64    00    6    ok
  22.364  207.1ms  21>20     65    00    5    ok
  22.417  156.2ms  21>20     61    00    5    ok
  22.417  103.1ms  3e>22     01    35    1    ok
  22.417  411.1ms  22>3e     04    35    2    ok
  22.469   52.3ms  21>20     61    00    5    ok
  22.469   52.3ms  3e>22     01    35    1    ok
  22.469   52.3ms  22>3e     04    35    2    ok
  22.469    0.1ms  21>20     61    00    5    ok
  22.519  259.0ms  3e>20     01    da    1    ok
  22.519  259.0ms  20>3e     04    da    12   ok
  22.519  155.0ms  21>20     64    00    7    ok
  22.519  155.0ms  20>21     64    00    6    ok
  22.519   50.4ms  21>20     61    00    5    ok
  22.570   51.2ms  3e>20     01    da    1    ok
  22.571   51.2ms  20>3e     04    da    12   ok
  22.571   51.2ms  21>20     64    00    7    ok
  22.571   51.2ms  20>21     64    00    6    ok
  22.621  256.3ms  21>20     65    00    5    ok
  22.621    0.0ms  21>20     65    00    5    ok
  22.621    0.0ms  21>20     65    00    5    ok
  22.672  152.8ms  21>20     61    00    5    ok
  22.672  101.7ms  3e>20     01    b4    1    ok
  22.672  101.6ms  20>3e     04    b4    6    ok
  22.723   50.8ms  21>20     61    00    5    ok
  22.723   50.8ms  3e>20     01    b4    1    ok
  22.723   50.8ms  20>3e     04    b4    6    ok
  22.723    0.1ms  21>20     61    00    5    ok
  22.775  306.0ms  3e>22     01    33    1    ok
  22.775  306.0ms  22>3e     04    33    4    ok
  22.775   51.9ms  21>20     61    00    5    ok
  22.826   50.8ms  3e>22     01    33    1    ok
  22.826   50.7ms  22>3e     04    33    4    ok
  22.826  255.1ms  21>20     64    00    7    ok
  22.826  255.1ms  20>21     64    00    6    ok
  22.826   50.8ms  21>20     61    00    5    ok
  22.876   50.7ms  3e>22     01    35    1    ok
  22.876   50.8ms  22>3e     04    35    2    ok
  22.876   50.8ms  21>20     64    00    7    ok
  22.876   50.8ms  20>21     64    00    6    ok
  22.927  101.1ms  21>20     61    00    5    ok
  22.927   50.5ms  3e>22     01    35    1    ok
  22.927   50.5ms  22>3e     04    35    2    ok
  22.927   50.4ms  21>20     64    00    7    ok
  22.927   50.4ms  20>21     64    00    6    ok
  22.977   50.5ms  21>20     61    00    5    ok
  22.977  254.3ms  3e>20     01    da    1    ok
  22.977  254.3ms  20>3e     04    da    12   ok
  23.028   50.3ms  21>20     61    00    5    ok
  23.028   50.3ms  3e>20     01    da    1    ok
  23.028   50.3ms  20>3e     04    da    12   ok
  23.028  100.8ms  21>20     64    00    7    ok
  23.079  152.3ms  20>21     64    00    6    ok
  23.079  458.5ms  21>20     65    00    5    ok
  23.079    0.0ms  21>20     65    00    5    ok
  23.079   51.6ms  21>20     61    00    5    ok
  23.130  102.3ms  3e>20     01    b4    1    ok
  23.130  102.3ms  20>3e     04    b4    6    ok
  23.130  102.3ms  21>20     64    00    7    ok
  23.130   50.9ms  20>21     64    00    6    ok
  23.180  101.2ms  21>20     61    00    5    ok
  23.180   50.5ms  3e>20     01    b4    1    ok
  23.180   50.4ms  20>3e     04    b4    6    ok
  23.180    0.1ms  21>20     61    00    5    ok
  23.231  304.1ms  3e>22     01    33    1    ok
  23.231  304.1ms  22>3e     04    33    4    ok
  23.231  101.0ms  21>20     64    00    7    ok
  23.231  101.0ms  20>21     64    00    6    ok
  23.282  101.1ms  21>20     61    00    5    ok
  23.282   50.7ms  3e>22     01    33    1    ok
  23.282   50.6ms  22>3e     04    33    4    ok
  23.282   50.6ms  21>20     64    00    7    ok
  23.333  102.2ms  20>21     64    00    6    ok
  23.333  254.0ms  21>20     65    00    5    ok
  23.333   51.7ms  21>20     61    00    5    ok
  23.384  102.8ms  3e>22     01    35    1    ok
  23.384  102.8ms  22>3e     04    35    2    ok
  23.384  102.8ms  21>20     64    00    7    ok
  23.384   51.2ms  20>21     64    00    6    ok
  23.384   51.2ms  21>20     65    00    5    ok
  23.438   53.9ms  21>20     65    00    5    ok
  23.438  105.2ms  21>20     61    00    5    ok
  23.489  308.4ms  3e>20     01    da    1    ok
  23.489  308.4ms  20>3e     04    da    12   ok
  23.489   50.5ms  21>20     61    00    5    ok
  23.489    0.0ms  3e>20     01    da    1    ok
  23.489    0.0ms  20>3e     04    da    12   ok
  23.539  154.9ms  21>20     64    00    7    ok
  23.539  155.0ms  20>21     64    00    6    ok
  23.539  101.1ms  21>20     65    00    5    ok
  23.539    0.0ms  21>20     65    00    5    ok
  23.590  100.9ms  21>20     61    00    5    ok
  23.590  100.9ms  3e>20     01    b4    1    ok
  23.590  100.9ms  20>3e     04    b4    6    ok
  23.640   50.3ms  21>20     61    00    5    ok
  23.640   50.4ms  3e>20     01    b4    1    ok
  23.640   50.4ms  20>3e     04    b4    6    ok
  23.640  100.9ms  21>20     64    00    7    ok
  23.692  152.4ms  20>21     64    00    6    ok
  23.692   51.8ms  21>20     61    00    5    ok
  23.692  307.5ms  3e>22     01    33    1    ok
  23.692  307.5ms  22>3e     04    33    4    ok
  23.742   50.6ms  21>20     61    00    5    ok
  23.743   50.6ms  3e>22     01    33    1    ok
  23.743   50.6ms  22>3e     04    33    4    ok
  23.743  102.3ms  21>20     64    00    7    ok
  23.793  100.9ms  20>21     64    00    6    ok
  23.793  253.3ms  21>20     65    00    5    ok
  23.793   50.3ms  21>20     61    00    5    ok
  23.844  101.1ms  3e>22     01    35    1    ok
  23.844  101.1ms  22>3e     04    35    2    ok
  23.844   50.8ms  21>20     61    00    5    ok
  23.844    0.0ms  3e>22     01    35    1    ok
  23.895   51.8ms  22>3e     04    35    2    ok
  23.895   51.8ms  21>20     61    00    5    ok
  23.895  255.2ms  3e>20     01    da    1    ok
  23.895  255.2ms  20>3e     04    da    12   ok
  23.947  204.1ms  21>20     64    00    7    ok
  23.947  154.0ms  20>21     64    00    6    ok
  23.947   51.3ms  21>20     61    00    5    ok
  23.947   51.3ms  3e>20     01    da    1    ok
  23.947   51.3ms  20>3e     04    da    12   ok
  24.000   53.3ms  21>20     64    00    7    ok
  24.000   53.2ms  20>21     64    00    6    ok
  24.000  207.1ms  21>20     65    00    5    ok
  24.000    0.0ms  21>20     65    00    5    ok
  24.052   51.8ms  21>20     65    00    5    ok
  24.052  105.1ms  21>20     61    00    5    ok
  24.102  155.7ms  3e>20     01    75    1    ok
  24.102  155.7ms  20>3e     04    75    2    ok
  24.102   50.7ms  21>20     61    00    5    ok
  24.102    0.1ms  3e>20     01    75    1    ok
  24.154   51.2ms  20>3e     04    75    2    ok
  24.154   51.2ms  21>20     61    00    5    ok
  24.154   51.2ms  3e>20     01    b4    1    ok
  24.204   50.3ms  21>20     61    00    5    ok
  24.204   50.3ms  3e>20     01    b4    1    ok
  24.204   50.4ms  20>3e     04    b4    6    ok
  24.204    0.1ms  21>20     61    00    5    ok
  24.256  412.4ms  3e>22     01    33    1    ok
  24.256  360.6ms  22>3e     04    33    4    ok
  24.256   52.0ms  21>20     61    00    5    ok
  24.308   51.6ms  3e>22     01    33    1    ok
  24.308   51.6ms  22>3e     04    33    4    ok
  24.308   51.7ms  21>20     61    00    5    ok
  24.308    0.1ms  3e>22     01    35    1    ok
  24.360   52.4ms  22>3e     04    35    2    ok
  24.360  360.2ms  21>20     64    00    7    ok
  24.360  360.2ms  20>21     64    00    6    ok
  24.360   52.5ms  21>20     61    00    5    ok
  24.360   52.5ms  3e>22     01    35    1    ok
  24.412   52.3ms  22>3e     04    35    2    ok
  24.412   52.3ms  21>20     64    00    7    ok
  24.412   52.3ms  20>21     64    00    6    ok
  24.412   52.3ms  21>20     61    00    5    ok
  24.463  259.0ms  3e>20     01    da    1    ok
  24.463  259.0ms  20>3e     04    da    12   ok
  24.463   50.7ms  21>20     61    00    5    ok
  24.463    0.1ms  3e>20     01    da    1    ok
  24.516   52.5ms  20>3e     04    da    12   ok
  24.516  103.2ms  21>20     64    00    7    ok
  24.516  103.2ms  20>21     64    00    6    ok
  24.516  463.9ms  21>20     65    00    5    ok
  24.567   51.3ms  21>20     65    00    5    ok
  24.567    0.0ms  21>20     65    00    5    ok
  24.567  103.9ms  21>20     61    00    5    ok
  24.619  156.1ms  3e>20     01    b4    1    ok
  24.619  103.6ms  20>3e     04    b4    6    ok
  24.619  103.6ms  21>20     64    00    7    ok
  24.619  103.6ms  20>21     64    00    6    ok
  24.671  104.3ms  21>20     61    00    5    ok
  24.671   52.2ms  3e>20     01    b4    1    ok
  24.671   52.2ms  20>3e     04    b4    6    ok
  24.671    0.1ms  21>20     61    00    5    ok
  24.722  361.5ms  3e>22     01    33    1    ok
  24.722  309.4ms  22>3e     04    33    4    ok
  24.722   50.3ms  21>20     61    00    5    ok
  24.722    0.1ms  3e>22     01    33    1    ok
  24.774   51.9ms  22>3e     04    33    4    ok
  24.774  154.4ms  21>20     64    00    7    ok
  24.774  154.4ms  20>21     64    00    6    ok
  24.774   51.9ms  21>20     61    00    5    ok
  24.824  102.7ms  3e>22     01    35    1    ok
  24.824   50.8ms  22>3e     04    35    2    ok
  24.824   50.8ms  21>20     61    00    5    ok
  24.824    0.0ms  3e>22     01    35    1    ok
  24.877   52.9ms  22>3e     04    35    2    ok
  24.877  103.7ms  21>20     64    00    7    ok
  24.877  103.7ms  20>21     64    00    6    ok
  24.877   52.9ms  21>20     61    00    5    ok
  24.929  257.6ms  3e>20     01    da    1    ok
  24.929  257.6ms  20>3e     04    da    12   ok
  24.929   51.7ms  21>20     64    00    7    ok
  24.929   51.7ms  20>21     64    00    6    ok
  24.929   51.7ms  21>20     61    00    5    ok
  24.980   51.0ms  3e>20     01    da    1    ok
  24.980   51.0ms  20>3e     04    da    12   ok
  24.980   51.1ms  21>20     64    00    7    ok
  24.980   51.1ms  20>21     64    00    6    ok
  25.032  465.4ms  21>20     65    00    5    ok
  25.032    0.1ms  21>20     65    00    5    ok
  25.032    0.0ms  21>20     65    00    5    ok
  25.083  153.7ms  21>20     61    00    5    ok
  25.083  102.8ms  3e>20     01    b4    1    ok
  25.083  102.7ms  20>3e     04    b4    6    ok
  25.083    0.0ms  21>20     61    00    5    ok
  25.134   50.8ms  3e>20     01    b4    1    ok
  25.134   50.9ms  20>3e     04    b4    6    ok
  25.134   50.9ms  21>20     61    00    5    ok
  25.184  359.8ms  3e>22     01    33    1    ok
  25.184  307.0ms  22>3e     04    33    4    ok
  25.184   50.7ms  21>20     61    00    5    ok
  25.184    0.1ms  3e>22     01    33    1    ok
  25.235   50.9ms  22>3e     04    33    4    ok
  25.235  255.2ms  21>20     64    00    7    ok
  25.235  255.2ms  20>21     64    00    6    ok
  25.235   51.0ms  21>20     61    00    5    ok
  25.286  101.9ms  3e>22     01    35    1    ok
  25.286   51.1ms  22>3e     04    35    2    ok
  25.286   51.1ms  21>20     64    00    7    ok
  25.286   51.1ms  20>21     64    00    6    ok
  25.286   51.1ms  21>20     61    00    5    ok
  25.338   52.0ms  3e>22     01    35    1    ok
  25.338   51.9ms  22>3e     04    35    2    ok
  25.338   51.9ms  21>20     64    00    7    ok
  25.338   51.9ms  20>21     64    00    6    ok
  25.389  102.6ms  21>20     61    00    5    ok
  25.389  255.5ms  3e>20     01    da    1    ok
  25.389  255.5ms  20>3e     04    da    12   ok
  25.389   50.8ms  21>20     64    00    7    ok
  25.389   50.8ms  20>21     64    00    6    ok
  25.440   51.1ms  21>20     61    00    5    ok
  25.440   51.1ms  3e>20     01    b0    1    ok
  25.440   51.1ms  20>3e     04    b0    52   ok
  25.492  102.5ms  21>20     64    00    7    ok
  25.492  102.5ms  20>21     64    00    6    ok
  25.492  459.2ms  21>20     65    00    5    ok
  25.492    0.0ms  21>20     65    00    5    ok
  25.542   50.2ms  21>20     65    00    5    ok
  25.542  101.7ms  21>20     61    00    5    ok
  25.542  101.7ms  3e>20     01    25    1    ok
  25.593  153.2ms  20>3e     04    25    2    ok
  25.593   51.6ms  21>20     61    00    5    ok
  25.593   51.6ms  3e>20     01    da    1    ok
  25.593    0.1ms  20>3e     04    da    12   ok
  25.644   50.3ms  21>20     61    00    5    ok
  25.644   50.4ms  3e>20     01    b4    1    ok
  25.644   50.4ms  20>3e     04    b4    6    ok
  25.644  152.2ms  21>20     64    00    7    ok
  25.695  202.9ms  20>21     64    00    6    ok
  25.695   50.8ms  21>20     61    00    5    ok
  25.695  356.3ms  3e>22     01    33    1    ok
  25.695  356.3ms  22>3e     04    33    4    ok
  25.745   50.6ms  21>20     61    00    5    ok
  25.745  101.5ms  3e>20     01    b4    1    ok
  25.745  101.5ms  20>3e     04    b4    6    ok
  25.745  101.5ms  21>20     64    00    7    ok
  25.798  103.8ms  20>21     64    00    6    ok
  25.798  256.6ms  21>20     65    00    5    ok
  25.798   53.1ms  21>20     61    00    5    ok
  25.849  154.3ms  3e>22     01    35    1    ok
  25.849  154.4ms  22>3e     04    35    2    ok
  25.849   50.6ms  21>20     61    00    5    ok
  25.849    0.1ms  3e>22     01    33    1    ok
  25.901   52.0ms  22>3e     04    33    4    ok
  25.901  155.7ms  21>20     64    00    7    ok
  25.901  102.7ms  20>21     64    00    6    ok
  25.901  102.7ms  21>20     65    00    5    ok
  25.952  102.6ms  21>20     61    00    5    ok
  25.952  206.4ms  3e>20     01    da    1    ok
  25.952  206.4ms  20>3e     04    da    12   ok
  25.952    0.1ms  21>20     61    00    5    ok
  26.003   51.6ms  3e>20     01    da    1    ok
  26.003   51.6ms  20>3e     04    da    12   ok
  26.003  102.2ms  21>20     64    00    7    ok
  26.003  102.2ms  20>21     64    00    6    ok
  26.003  102.2ms  21>20     65    00    5    ok
  26.055   51.8ms  21>20     65    00    5    ok
  26.055    0.0ms  21>20     65    00    5    ok
  26.106  154.0ms  21>20     61    00    5    ok
  26.106  102.5ms  3e>20     01    b4    1    ok
  26.106  102.5ms  20>3e     04    b4    6    ok
  26.106    0.1ms  21>20     61    00    5    ok
  26.159   52.9ms  3e>20     01    b4    1    ok
  26.159   52.9ms  20>3e     04    b4    6    ok
  26.159   52.9ms  21>20     61    00    5    ok
  26.209  359.6ms  3e>22     01    33    1    ok
  26.209  307.7ms  22>3e     04    33    4    ok
  26.209   50.1ms  21>20     61    00    5    ok
  26.209    0.0ms  3e>22     01    33    1    ok
  26.209    0.0ms  22>3e     04    33    4    ok
  26.261  257.6ms  21>20     64    00    7    ok
  26.261  257.6ms  20>21     64    00    6    ok
  26.261  205.8ms  21>20     65    00    5    ok
  26.313   52.0ms  21>20     65    00    5    ok
  26.313    0.1ms  21>20     65    00    5    ok
  26.313  104.3ms  21>20     61    00    5    ok
  26.363  154.4ms  3e>22     01    35    1    ok
  26.363  154.4ms  22>3e     04    35    2    ok
  26.363  102.3ms  21>20     64    00    7    ok
  26.363  102.3ms  20>21     64    00    6    ok
  26.415  101.8ms  21>20     61    00    5    ok
  26.415  256.3ms  3e>20     01    da    1    ok
  26.415  256.2ms  20>3e     04    da    12   ok
  26.415    0.0ms  21>20     61    00    5    ok
  26.465   50.3ms  3e>20     01    da    1    ok
  26.465   50.4ms  20>3e     04    da    12   ok
  26.465  102.1ms  21>20     64    00    7    ok
  26.465  102.1ms  20>21     64    00    6    ok
  26.465  152.3ms  21>20     65    00    5    ok
  26.517   51.7ms  21>20     65    00    5    ok
  26.517    0.0ms  21>20     65    00    5    ok
  26.568   50.9ms  21>20     65    00    5    ok
  26.568  153.1ms  21>20     61    00    5    ok
  26.568  102.8ms  3e>20     01    75    1    ok
  26.622  156.3ms  20>3e     04    75    2    ok
  26.622  156.3ms  21>20     64    00    7    ok
  26.622  156.3ms  20>21     64    00    6    ok
  26.622   53.6ms  21>20     61    00    5    ok
  26.672  103.7ms  3e>20     01    b4    1    ok
  26.672   50.2ms  20>3e     04    b4    6    ok
  26.672   50.2ms  21>20     61    00    5    ok
  26.672    0.1ms  3e>20     01    b4    1    ok
  26.672    0.0ms  20>3e     04    b4    6    ok
  26.723  101.6ms  21>20     64    00    7    ok
  26.723  101.6ms  20>21     64    00    6    ok
  26.723  155.3ms  21>20     65    00    5    ok
  26.775  103.0ms  21>20     61    00    5    ok
  26.775  411.6ms  3e>22     01    33    1    ok
  26.775  411.7ms  22>3e     04    33    4    ok
  26.775   51.7ms  21>20     64    00    7    ok
  26.825   50.3ms  21>20     61    00    5    ok
  26.825   50.3ms  3e>22     01    35    1    ok
  26.825   50.2ms  22>3e     04    35    2    ok
  26.825    0.0ms  21>20     61    00    5    ok
  26.876   50.9ms  3e>22     01    35    1    ok
  26.876   50.9ms  22>3e     04    35    2    ok
  26.876  101.1ms  21>20     64    00    7    ok
  26.876  152.8ms  20>21     64    00    6    ok
  26.926  203.2ms  21>20     65    00    5    ok
  26.926    0.0ms  21>20     65    00    5    ok
  26.926  101.4ms  21>20     61    00    5    ok
  26.978  305.8ms  3e>20     01    da    1    ok
  26.978  305.8ms  20>3e     04    da    12   ok
  26.978  101.6ms  21>20     64    00    7    ok
  26.978  101.6ms  20>21     64    00    6    ok
  27.028  101.5ms  21>20     65    00    5    ok
  27.028    0.0ms  21>20     65    00    5    ok
  27.028    0.0ms  21>20     65    00    5    ok
  27.080  153.6ms  21>20     61    00    5    ok
  27.080  102.5ms  3e>20     01    b4    1    ok
  27.080  102.5ms  20>3e     04    b4    6    ok
  27.130   50.2ms  21>20     61    00    5    ok
  27.130   50.2ms  3e>20     01    b4    1    ok
  27.130   50.2ms  20>3e     04    b4    6    ok
  27.130  152.7ms  21>20     64    00    7    ok
  27.130  152.8ms  20>21     64    00    6    ok
  27.181   50.9ms  21>20     61    00    5    ok
  27.181  305.3ms  3e>22     01    33    1    ok
  27.181  305.3ms  22>3e     04    33    4    ok
  27.231   50.2ms  21>20     61    00    5    ok
  27.231   50.2ms  3e>22     01    33    1    ok
  27.231   50.2ms  22>3e     04    33    4    ok
  27.231  101.1ms  21>20     64    00    7    ok
  27.231  101.1ms  20>21     64    00    6    ok
  27.285  256.6ms  21>20     65    00    5    ok
  27.285   53.2ms  21>20     61    00    5    ok
  27.285   53.2ms  3e>22     01    35    1    ok
  27.335  103.6ms  22>3e     04    35    2    ok
  27.335   50.5ms  21>20     61    00    5    ok
  27.335   50.5ms  3e>22     01    35    1    ok
  27.335    0.0ms  22>3e     04    35    2    ok
  27.385  153.7ms  21>20     64    00    7    ok
  27.385  153.7ms  20>21     64    00    6    ok
  27.385  100.6ms  21>20     65    00    5    ok
  27.385   50.1ms  21>20     61    00    5    ok
  27.436  305.4ms  3e>20     01    da    1    ok
  27.436  305.5ms  20>3e     04    da    12   ok
  27.436   50.6ms  21>20     64    00    7    ok
  27.436   50.6ms  20>21     64    00    6    ok
  27.486  100.8ms  21>20     65    00    5    ok
  27.486    0.1ms  21>20     65    00    5    ok
  27.486    0.0ms  21>20     65    00    5    ok
  27.539   52.8ms  21>20     65    00    5    ok
  27.539  153.7ms  21>20     61    00    5    ok
  27.589  153.6ms  3e>20     01    b4    1    ok
  27.589  153.5ms  20>3e     04    b4    6    ok
  27.589   50.4ms  21>20     61    00    5    ok
  27.589    0.1ms  3e>20     01    b4    1    ok
  27.642   52.2ms  20>3e     04    b4    6    ok
  27.642  205.8ms  21>20     64    00    7    ok
  27.642  205.8ms  20>21     64    00    6    ok
  27.642   52.3ms  21>20     61    00    5    ok
  27.693  358.2ms  3e>22     01    33    1    ok
  27.693  358.2ms  22>3e     04    33    4    ok
  27.693   51.8ms  21>20     61    00    5    ok
  27.693    0.0ms  3e>22     01    33    1    ok
  27.746   52.5ms  22>3e     04    33    4    ok
  27.746  104.3ms  21>20     64    00    7    ok
  27.746  104.3ms  20>21     64    00    6    ok
  27.746  207.0ms  21>20     65    00    5    ok
  27.746   52.5ms  21>20     61    00    5    ok
  27.797  103.9ms  3e>22     01    35    1    ok
  27.797   51.5ms  22>3e     04    35    2    ok
  27.797   51.5ms  21>20     64    00    7    ok
  27.797   51.5ms  20>21     64    00    6    ok
  27.848  102.0ms  21>20     65    00    5    ok
  27.848  102.0ms  21>20     61    00    5    ok
  27.848  258.6ms  3e>20     01    da    1    ok
  27.899  257.6ms  20>3e     04    da    12   ok
  27.899   51.2ms  21>20     61    00    5    ok
  27.899  101.9ms  3e>22     01    40    1    ok
  27.949  152.2ms  21>20     64    00    7    ok
  27.950  152.2ms  22>3e     04    40    30   ok
  27.950  152.2ms  20>21     64    00    6    ok
  27.950  101.7ms  21>20     65    00    5    ok
  27.950    0.0ms  21>20     65    00    5    ok
  28.002   52.2ms  21>20     65    00    5    ok
  28.002    0.0ms  21>20     65    00    5    ok
  28.053  154.1ms  21>20     61    00    5    ok
  28.053  205.4ms  3e>20     01    75    1    ok
  28.053  154.2ms  20>3e     04    75    2    ok
  28.053    0.1ms  21>20     61    00    5    ok
  28.106   52.5ms  3e>20     01    da    1    ok
  28.106   52.5ms  20>3e     04    da    12   ok
  28.106  156.3ms  21>20     64    00    7    ok
  28.106  156.3ms  20>21     64    00    6    ok
  28.156  102.9ms  21>20     61    00    5    ok
  28.156   50.5ms  3e>20     01    b4    1    ok
  28.156   50.5ms  20>3e     04    b4    6    ok
  28.156   50.5ms  21>20     64    00    7    ok
  28.156   50.5ms  20>21     64    00    6    ok
  28.206   50.2ms  21>20     61    00    5    ok
  28.206  307.3ms  3e>22     01    33    1    ok
  28.206  256.9ms  22>3e     04    33    4    ok
  28.259   52.7ms  21>20     61    00    5    ok
  28.259  102.8ms  21>20     64    00    7    ok
  28.259  102.8ms  20>21     64    00    6    ok
  28.259    0.1ms  21>20     61    00    5    ok
  28.310  103.4ms  3e>22     01    35    1    ok
  28.310  103.4ms  22>3e     04    35    2    ok
  28.310   50.8ms  21>20     64    00    7    ok
  28.310   50.8ms  20>21     64    00    6    ok
  28.310  308.2ms  21>20     65    00    5    ok
  28.363   52.8ms  21>20     65    00    5    ok
  28.363    0.0ms  21>20     65    00    5    ok
  28.413  154.2ms  21>20     61    00    5    ok
  28.413  103.5ms  3e>22     01    35    1    ok
  28.413  103.5ms  22>3e     04    35    2    ok
  28.413    0.1ms  21>20     61    00    5    ok
  28.464  307.6ms  3e>20     01    da    1    ok
  28.464  307.6ms  20>3e     04    da    12   ok
  28.464  154.0ms  21>20     64    00    7    ok
  28.464  154.0ms  20>21     64    00    6    ok
  28.515  151.9ms  21>20     65    00    5    ok
  28.515  101.4ms  21>20     61    00    5    ok
  28.515   51.0ms  3e>20     01    da    1    ok
  28.565  101.3ms  20>3e     04    da    12   ok
  28.565   50.5ms  21>20     61    00    5    ok
  28.565   50.5ms  3e>20     01    b4    1    ok
  28.565    0.1ms  20>3e     04    b4    6    ok
  28.617  153.4ms  21>20     64    00    7    ok
  28.617  153.4ms  20>21     64    00    6    ok
  28.617  102.6ms  21>20     65    00    5    ok
  28.617   52.1ms  21>20     61    00    5    ok
  28.668  254.3ms  3e>22     01    33    1    ok
  28.668  254.3ms  22>3e     04    33    4    ok
  28.668   50.3ms  21>20     61    00    5    ok
  28.668  102.4ms  3e>20     01    b4    1    ok
  28.720  155.1ms  20>3e     04    b4    6    ok
  28.720  103.2ms  21>20     64    00    7    ok
  28.721  103.1ms  20>21     64    00    6    ok
  28.721  103.1ms  21>20     65    00    5    ok
  28.771  103.1ms  21>20     61    00    5    ok
  28.771  103.2ms  3e>22     01    33    1    ok
  28.771  103.2ms  22>3e     04    33    4    ok
  28.771    0.1ms  21>20     61    00    5    ok
  28.822   51.4ms  3e>22     01    35    1    ok
  28.822   51.4ms  22>3e     04    35    2    ok
  28.822  101.9ms  21>20     64    00    7    ok
  28.822  101.9ms  20>21     64    00    6    ok
  28.874  153.2ms  21>20     65    00    5    ok
  28.874  102.8ms  21>20     61    00    5    ok
  28.874   51.4ms  3e>22     01    35    1    ok
  28.926  104.0ms  22>3e     04    35    2    ok
  28.926   52.7ms  21>20     61    00    5    ok
  28.926  258.7ms  3e>20     01    da    1    ok
  28.926  206.0ms  20>3e     04    da    12   ok
  28.977  154.6ms  21>20     64    00    7    ok
  28.977  154.6ms  20>21     64    00    6    ok
  28.977  103.3ms  21>20     65    00    5    ok
  28.977    0.0ms  21>20     65    00    5    ok
  29.027   50.5ms  21>20     65    00    5    ok
  29.028  101.1ms  21>20     61    00    5    ok
  29.028  101.1ms  3e>20     01    75    1    ok
  29.080  153.7ms  20>3e     04    75    2    ok
  29.080  103.2ms  21>20     64    00    7    ok
  29.080  103.2ms  20>21     64    00    6    ok
  29.080   52.7ms  21>20     61    00    5    ok
  29.131  103.4ms  3e>20     01    b4    1    ok
  29.131   50.9ms  20>3e     04    b4    6    ok
  29.131   50.8ms  21>20     61    00    5    ok
  29.131    0.0ms  3e>20     01    75    1    ok
  29.182   50.8ms  20>3e     04    75    2    ok
  29.182  101.6ms  21>20     64    00    7    ok
  29.182  101.6ms  20>21     64    00    6    ok
  29.182   50.8ms  21>20     61    00    5    ok
  29.232  358.2ms  3e>22     01    33    1    ok
  29.232  305.6ms  22>3e     04    33    4    ok
  29.232   50.2ms  21>20     61    00    5    ok
  29.232  101.0ms  3e>20     01    b4    1    ok
  29.232   50.3ms  20>3e     04    b4    6    ok
  29.284  101.8ms  21>20     64    00    7    ok
  29.284  101.8ms  20>21     64    00    6    ok
  29.284   51.7ms  21>20     61    00    5    ok
  29.335  103.3ms  3e>22     01    35    1    ok
  29.335  103.3ms  22>3e     04    35    2    ok
  29.335   51.6ms  21>20     61    00    5    ok
  29.335    0.1ms  3e>22     01    33    1    ok
  29.388   53.1ms  22>3e     04    33    4    ok
  29.388  104.8ms  21>20     64    00    7    ok
  29.388  104.8ms  20>21     64    00    6    ok
  29.388  361.0ms  21>20     65    00    5    ok
  29.388   53.2ms  21>20     61    00    5    ok
  29.439  207.3ms  3e>20     01    da    1    ok
  29.439  207.4ms  20>3e     04    da    12   ok
  29.439   50.9ms  21>20     61    00    5    ok
  29.490   50.3ms  3e>20     01    da    1    ok
  29.490   50.3ms  20>3e     04    da    12   ok
  29.490  101.3ms  21>20     64    00    7    ok
  29.490  101.3ms  20>21     64    00    6    ok
  29.490  101.3ms  21>20     65    00    5    ok
  29.542   52.2ms  21>20     65    00    5    ok
  29.542  102.6ms  21>20     61    00    5    ok
  29.593  103.3ms  3e>20     01    b4    1    ok
  29.593  103.3ms  20>3e     04    b4    6    ok
  29.593   51.0ms  21>20     61    00    5    ok
  29.593    0.0ms  3e>20     01    b4    1    ok
  29.647   53.6ms  20>3e     04    b4    6    ok
  29.647  156.9ms  21>20     64    00    7    ok
  29.647  156.9ms  20>21     64    00    6    ok
  29.647   53.6ms  21>20     61    00    5    ok
  29.699  363.5ms  3e>22     01    33    1    ok
  29.699  310.5ms  22>3e     04    33    4    ok
  29.699   52.2ms  21>20     61    00    5    ok
  29.699    0.0ms  3e>22     01    33    1    ok
  29.749   50.2ms  22>3e     04    33    4    ok
  29.749  102.4ms  21>20     64    00    7    ok
  29.749  102.4ms  20>21     64    00    6    ok
  29.749  207.2ms  21>20     65    00    5    ok
  29.749   50.3ms  21>20     61    00    5    ok
  29.800  101.2ms  3e>22     01    35    1    ok
  29.800   51.0ms  22>3e     04    35    2    ok
  29.800   51.0ms  21>20     64    00    7    ok
  29.800   51.0ms  20>21     64    00    6    ok
  29.850  101.4ms  21>20     65    00    5    ok
  29.851  101.4ms  21>20     61    00    5    ok
  29.851  257.5ms  3e>20     01    da    1    ok
  29.902  255.5ms  20>3e     04    da    12   ok
  29.902   51.6ms  21>20     61    00    5    ok
  29.902   51.6ms  3e>20     01    da    1    ok
  29.902    0.0ms  20>3e     04    da    12   ok
  29.953  152.7ms  21>20     64    00    7    ok
  29.953  152.8ms  20>21     64    00    6    ok
  29.953  102.4ms  21>20     65    00    5    ok
  29.953    0.0ms  21>20     65    00    5    ok
  30.005   52.5ms  21>20     65    00    5    ok
  30.005    0.0ms  21>20     65    00    5    ok
  30.057  154.5ms  21>20     61    00    5    ok
  30.057  154.6ms  3e>20     01    b4    1    ok
  30.057  154.6ms  20>3e     04    b4    6    ok
  30.057    0.1ms  21>20     61    00    5    ok
  30.109   52.4ms  3e>20     01    b4    1    ok
  30.109   52.4ms  20>3e     04    b4    6    ok
  30.109   52.4ms  21>20     61    00    5    ok
  30.109  309.2ms  3e>22     01    33    1    ok
  30.160  360.2ms  22>3e     04    33    4    ok
  30.160   51.1ms  21>20     61    00    5    ok
  30.160   51.1ms  3e>22     01    33    1    ok
  30.160    0.1ms  22>3e     04    33    4    ok
  30.211  257.8ms  21>20     64    00    7    ok
  30.211  257.8ms  20>21     64    00    6    ok
  30.211   50.4ms  21>20     61    00    5    ok
  30.211   50.4ms  3e>22     01    35    1    ok
  30.262  101.9ms  22>3e     04    35    2    ok
  30.262   51.6ms  21>20     61    00    5    ok
  30.262   51.6ms  3e>22     01    35    1    ok
  30.262    0.1ms  22>3e     04    35    2    ok
  30.313  102.2ms  21>20     64    00    7    ok
  30.313  102.2ms  20>21     64    00    6    ok
  30.313  307.5ms  21>20     65    00    5    ok
  30.313   50.6ms  21>20     61    00    5    ok
  30.364  255.2ms  3e>20     01    b0    1    ok
  30.364  255.2ms  20>3e     04    b0    52   ok
  30.364   51.6ms  21>20     64    00    7    ok
  30.364   51.5ms  20>21     64    00    6    ok
  30.416  102.7ms  21>20     65    00    5    ok
  30.416    0.0ms  21>20     65    00    5    ok
  30.416    0.0ms  21>20     65    00    5    ok
  30.468   52.4ms  21>20     65    00    5    ok
  30.468  103.7ms  21>20     64    00    7    ok
  30.468  103.7ms  20>21     64    00    6    ok
  30.520  207.3ms  21>20     61    00    5    ok
  30.520  155.9ms  3e>20     01    25    1    ok
  30.520  155.8ms  20>3e     04    25    2    ok
  30.520    0.0ms  21>20     61    00    5    ok
  30.570   50.2ms  3e>20     01    32    1    ok
  30.570   50.3ms  20>3e     04    32    8    ok
  30.570   50.3ms  21>20     61    00    5    ok
  30.570    0.1ms  3e>20     01    75    1    ok
  30.622   51.7ms  20>3e     04    75    2    ok
  30.622  154.1ms  21>20     64    00    7    ok
  30.622  154.1ms  20>21     64    00    6    ok
  30.622   51.7ms  21>20     61    00    5    ok
  30.673  102.2ms  3e>20     01    7b    1    ok
  30.673   50.6ms  20>3e     04    7b    6    ok
  30.673   50.6ms  21>20     64    00    7    ok
  30.673   50.6ms  20>21     64    00    6    ok
  30.673  204.8ms  21>20     65    00    5    ok
  30.725   52.1ms  21>20     65    00    5    ok
  30.725  102.7ms  21>20     61    00    5    ok
  30.775  102.5ms  3e>20     01    76    1    ok
  30.775  102.5ms  20>3e     04    76    2    ok
  30.775  102.5ms  21>20     64    00    7    ok
  30.775  102.5ms  20>21     64    00    6    ok
  30.775   50.4ms  21>20     65    00    5    ok
  30.826  100.6ms  21>20     61    00    5    ok
  30.826   50.3ms  3e>20     01    3b    1    ok
  30.826   50.3ms  20>3e     04    3b    2    ok
  30.877   51.3ms  21>20     61    00    5    ok
  30.877   51.3ms  3e>20     01    da    1    ok
  30.877   51.3ms  20>3e     04    da    12   ok
  30.877    0.0ms  21>20     61    00    5    ok
  30.929   52.5ms  3e>20     01    b4    1    ok
  30.929   52.6ms  20>3e     04    b4    6    ok
  30.929  154.2ms  21>20     64    00    7    ok
  30.929  154.2ms  20>21     64    00    6    ok
  30.980  204.4ms  21>20     65    00    5    ok
  30.980  102.9ms  21>20     61    00    5    ok
  30.980  717.4ms  3e>22     01    33    1    ok
  30.980  717.4ms  22>3e     04    33    4    ok
  31.031   51.4ms  21>20     61    00    5    ok
  31.031  101.8ms  3e>20     01    b4    1    ok
  31.031  101.7ms  20>3e     04    b4    6    ok
  31.031  101.7ms  21>20     64    00    7    ok
  31.084  154.3ms  20>21     64    00    6    ok
  31.084  104.2ms  21>20     65    00    5    ok
  31.084   52.8ms  21>20     61    00    5    ok
  31.135  154.9ms  3e>22     01    33    1    ok
  31.135  155.0ms  22>3e     04    33    4    ok
  31.135  103.6ms  21>20     64    00    7    ok
  31.135   50.9ms  20>21     64    00    6    ok
  31.135   50.9ms  21>20     65    00    5    ok
  31.185  101.2ms  21>20     61    00    5    ok
  31.185  154.0ms  3e>20     01    da    1    ok
  31.185  154.0ms  20>3e     04    da    12   ok
  31.236  101.6ms  21>20     64    00    7    ok
  31.236  101.6ms  20>21     64    00    6    ok
  31.236  101.6ms  21>20     65    00    5    ok
  31.236    0.0ms  21>20     65    00    5    ok
  31.290   53.1ms  21>20     65    00    5    ok
  31.290  104.5ms  21>20     61    00    5    ok
  31.340  154.6ms  3e>20     01    da    1    ok
  31.340  154.6ms  20>3e     04    da    12   ok
  31.340  103.5ms  21>20     64    00    7    ok
  31.340  103.4ms  20>21     64    00    6    ok
  31.340   50.2ms  21>20     61    00    5    ok
  31.390   50.7ms  3e>20     01    b4    1    ok
  31.390   50.7ms  20>3e     04    b4    6    ok
  31.390   50.7ms  21>20     64    00    7    ok
  31.390   50.7ms  20>21     64    00    6    ok
  31.443  153.3ms  21>20     65    00    5    ok
  31.443    0.1ms  21>20     65    00    5    ok
  31.443  103.1ms  21>20     61    00    5    ok
  31.493  358.8ms  3e>22     01    33    1    ok
  31.493  358.8ms  22>3e     04    33    4    BAD
  31.494  103.1ms  3e>20     01    b4    1    ok
  31.544  153.5ms  20>3e     04    b4    6    ok
  31.544  101.1ms  21>20     61    00    5    ok
  31.544   50.5ms  3e>22     01    35    1    ok
  31.544   50.5ms  22>3e     04    35    2    ok
  31.595  204.2ms  21>20     64    00    7    ok
  31.595  204.3ms  20>21     64    00    6    ok
  31.595  151.9ms  21>20     65    00    5    ok
  31.595    0.0ms  21>20     65    00    5    ok
  31.647   51.9ms  21>20     65    00    5    ok
  31.647  102.7ms  21>20     61    00    5    ok
  31.698  204.3ms  3e>20     01    da    1    ok
  31.698  154.0ms  20>3e     04    da    12   ok
  31.698  103.2ms  21>20     64    00    7    ok
  31.698  103.2ms  20>21     64    00    6    ok
  31.698   51.3ms  21>20     65    00    5    ok
  31.748   50.4ms  21>20     65    00    5    ok
  31.748    0.0ms  21>20     65    00    5    ok
  31.800  153.5ms  21>20     61    00    5    ok
  31.800  102.3ms  3e>20     01    da    1    ok
  31.800  102.3ms  20>3e     04    da    12   ok
  31.800    0.0ms  21>20     61    00    5    ok
  31.852   51.9ms  3e>20     01    75    1    ok
  31.852   51.9ms  20>3e     04    75    2    ok
  31.852  154.2ms  21>20     64    00    7    ok
  31.852  154.2ms  20>21     64    00    6    ok
  31.852   51.9ms  21>20     61    00    5    ok
  31.903   50.8ms  3e>20     01    b4    1    ok
  31.903   50.8ms  20>3e     04    b4    6    ok
  31.903   50.7ms  21>20     64    00    7    ok
  31.903   50.7ms  20>21     64    00    6    ok
  31.953  101.0ms  21>20     61    00    5    ok
  31.953   50.3ms  3e>20     01    75    1    ok
  31.953   50.3ms  20>3e     04    75    2    ok
  31.953    0.1ms  21>20     61    00    5    ok
  32.005  461.0ms  3e>22     01    33    1    ok
  32.005  461.0ms  22>3e     04    33    4    ok
  32.005   51.8ms  21>20     61    00    5    ok
  32.056  102.7ms  3e>20     01    b4    1    ok
  32.056  102.7ms  20>3e     04    b4    6    ok
  32.056  153.1ms  21>20     64    00    7    ok
  32.056  153.1ms  20>21     64    00    6    ok
  32.056   50.9ms  21>20     61    00    5    ok
  32.107  101.7ms  3e>22     01    35    1    ok
  32.107  101.8ms  22>3e     04    35    2    ok
  32.107   50.9ms  21>20     64    00    7    ok
  32.107   50.9ms  20>21     64    00    6    ok
  32.157  408.8ms  21>20     65    00    5    ok
  32.157    0.1ms  21>20     65    00    5    ok
  32.157    0.0ms  21>20     65    00    5    ok
  32.208  152.3ms  21>20     61    00    5    ok
  32.208  152.4ms  3e>20     01    da    1    ok
  32.208  152.4ms  20>3e     04    da    12   ok
  32.259   50.8ms  21>20     61    00    5    ok
  32.259   50.8ms  3e>20     01    da    1    ok
  32.259   50.8ms  20>3e     04    da    12   ok
  32.259  152.3ms  21>20     64    00    7    ok
  32.259  152.3ms  20>21     64    00    6    ok
  32.312  154.5ms  21>20     65    00    5    ok
  32.312    0.0ms  21>20     65    00    5    ok
  32.362   50.4ms  21>20     65    00    5    ok
  32.362  103.3ms  21>20     61    00    5    ok
  32.362  103.3ms  3e>20     01    b4    1    ok
  32.362  103.4ms  20>3e     04    b4    6    ok
  32.413   50.8ms  21>20     61    00    5    ok
  32.413   50.9ms  3e>20     01    b4    1    ok
  32.413   50.9ms  20>3e     04    b4    6    ok
  32.413    0.2ms  21>20     61    00    5    ok
  32.465  358.5ms  3e>22     01    33    1    ok
  32.465  358.5ms  22>3e     04    33    4    ok
  32.465   51.9ms  21>20     61    00    5    ok
  32.515   50.3ms  3e>22     01    33    1    ok
  32.515   50.2ms  22>3e     04    33    4    ok
  32.515  256.4ms  21>20     64    00    7    ok
  32.515  256.4ms  20>21     64    00    6    ok
  32.515  153.2ms  21>20     65    00    5    ok
  32.566  101.1ms  21>20     61    00    5    ok
  32.566   50.9ms  3e>22     01    35    1    ok
  32.566   50.9ms  22>3e     04    35    2    ok
  32.617  101.7ms  21>20     64    00    7    ok
  32.617  101.8ms  20>21     64    00    6    ok
  32.617  101.8ms  21>20     65    00    5    ok
  32.617    0.0ms  21>20     65    00    5    ok
  32.669  103.1ms  21>20     61    00    5    ok
  32.670  256.3ms  3e>20     01    da    1    ok
  32.670  256.3ms  20>3e     04    da    12   ok
  32.720   50.8ms  21>20     61    00    5    ok
  32.720   50.7ms  3e>20     01    da    1    ok
  32.720   50.7ms  20>3e     04    da    12   ok
  32.720  103.1ms  21>20     64    00    7    ok
  32.774  156.5ms  20>21     64    00    6    ok
  32.774  156.5ms  21>20     65    00    5    ok
  32.774    0.0ms  21>20     65    00    5    ok
  32.774    0.0ms  21>20     65    00    5    ok
  32.826   51.7ms  21>20     65    00    5    ok
  32.826  105.3ms  21>20     61    00    5    ok
  32.876  155.8ms  3e>20     01    b4    1    ok
  32.876  155.8ms  20>3e     04    b4    6    BAD
  32.876    0.0ms  3e>20     01    b4    1    ok
  32.927   51.2ms  20>3e     04    b4    6    ok
  32.927  101.7ms  21>20     61    00    5    ok
  32.927  360.9ms  3e>22     01    33    1    ok
  32.978 10613.7ms  3e>04     33    00    4    BAD
  32.978   50.8ms  3e>22     01    33    1    ok
  32.978  411.7ms  22>3e     04    33    4    ok
  32.978  257.9ms  21>20     64    00    7    ok
  33.030  256.1ms  20>21     64    00    6    ok
  33.030  204.4ms  21>20     65    00    5    ok
  33.030  102.6ms  21>20     61    00    5    ok
  33.081  102.9ms  3e>22     01    35    1    ok
  33.081  102.9ms  22>3e     04    35    2    ok
  33.081  102.9ms  21>20     64    00    7    ok
  33.081   51.2ms  20>21     64    00    6    ok
  33.081   51.2ms  21>20     65    00    5    ok
  33.132   50.7ms  21>20     65    00    5    ok
  33.132  102.0ms  21>20     61    00    5    ok
  33.182  306.0ms  3e>20     01    da    1    ok
  33.182  254.9ms  20>3e     04    da    12   ok
  33.182   50.3ms  21>20     61    00    5    ok
  33.182    0.1ms  3e>20     01    da    1    ok
  33.182    0.0ms  20>3e     04    da    12   ok
  33.234  153.4ms  21>20     64    00    7    ok
  33.234  153.4ms  20>21     64    00    6    ok
  33.235  102.7ms  21>20     65    00    5    ok
  33.235    0.0ms  21>20     65    00    5    ok
  33.285  102.9ms  21>20     61    00    5    ok
  33.285  102.9ms  3e>20     01    b4    1    ok
  33.285  102.9ms  20>3e     04    b4    6    ok
  33.335   50.2ms  21>20     61    00    5    ok
  33.335   50.2ms  3e>20     01    b4    1    ok
  33.335   50.2ms  20>3e     04    b4    6    ok
  33.335  100.9ms  21>20     64    00    7    ok
  33.386  151.3ms  20>21     64    00    6    ok
  33.386   50.6ms  21>20     61    00    5    ok
  33.386  304.9ms  3e>22     01    33    1    ok
  33.386  304.8ms  22>3e     04    33    4    ok
  33.436   50.4ms  21>20     61    00    5    ok
  33.436   50.5ms  3e>22     01    33    1    ok
  33.436   50.5ms  22>3e     04    33    4    ok
  33.436  101.0ms  21>20     64    00    7    ok
  33.487  101.3ms  20>21     64    00    6    ok
  33.487  252.5ms  21>20     65    00    5    ok
  33.487   50.8ms  21>20     61    00    5    ok
  33.538  101.6ms  3e>22     01    35    1    ok
  33.538    0.0ms  22>3e     35    2f    2    BAD
  33.538    0.1ms  3e>22     01    35    1    ok
  33.588  151.9ms  22>3e     04    35    2    ok
  33.588  152.0ms  21>20     64    00    7    ok
  33.588  101.3ms  20>21     64    00    6    ok
  33.588  101.3ms  21>20     65    00    5    ok
  33.639  152.2ms  21>20     61    00    5    ok
  33.639  304.1ms  3e>20     01    da    1    ok
  33.639  304.1ms  20>3e     04    da    12   ok
  33.639    0.1ms  21>20     61    00    5    ok
  33.690   50.9ms  3e>20     01    da    1    ok
  33.690   51.0ms  20>3e     04    da    12   ok
  33.690  102.1ms  21>20     64    00    7    ok
  33.690  102.1ms  20>21     64    00    6    ok
  33.742  153.3ms  21>20     65    00    5    ok
  33.742    0.0ms  21>20     65    00    5    ok
  33.742  102.3ms  21>20     61    00    5    ok
  33.795  104.5ms  3e>20     01    b4    1    ok
  33.795  104.5ms  20>3e     04    b4    6    ok
  33.795   53.2ms  21>20     61    00    5    ok
  33.795    0.1ms  3e>20     01    b4    1    ok
  33.847   51.9ms  20>3e     04    b4    6    ok
  33.847  156.4ms  21>20     64    00    7    ok
  33.847  156.4ms  20>21     64    00    6    ok
  33.847   51.9ms  21>20     61    00    5    ok
  33.897  359.4ms  3e>22     01    33    1    ok
  33.897  309.1ms  22>3e     04    33    4    ok
  33.897   50.6ms  21>20     61    00    5    ok
  33.897    0.0ms  3e>22     01    33    1    ok
  33.950   52.4ms  22>3e     04    33    4    ok
  33.950  103.1ms  21>20     64    00    7    ok
  33.950  103.1ms  20>21     64    00    6    ok
  33.950  208.2ms  21>20     65    00    5    ok
  34.000  102.9ms  21>20     61    00    5    ok
  34.000  102.9ms  3e>22     01    35    1    ok
  34.000   50.5ms  22>3e     04    35    2    ok
  34.000   50.5ms  21>20     64    00    7    ok
  34.053  102.8ms  20>21     64    00    6    ok
  34.053  102.9ms  21>20     65    00    5    ok
  34.053   52.5ms  21>20     61    00    5    ok
  34.103  308.3ms  3e>20     01    da    1    ok
  34.103  256.5ms  20>3e     04    da    12   ok
  34.103   50.5ms  21>20     61    00    5    ok
  34.103    0.0ms  3e>20     01    da    1    ok
  34.103    0.0ms  20>3e     04    da    12   ok
  34.155  154.7ms  21>20     64    00    7    ok
  34.155  102.3ms  20>21     64    00    6    ok
  34.155  102.3ms  21>20     65    00    5    ok
  34.206   51.0ms  21>20     65    00    5    ok
  34.206    0.0ms  21>20     65    00    5    ok
  34.206    0.0ms  21>20     65    00    5    ok
  34.256  153.0ms  21>20     61    00    5    ok
  34.256  153.0ms  3e>20     01    75    1    ok
  34.256  153.0ms  20>3e     04    75    2    ok
  34.256    0.0ms  21>20     61    00    5    ok
  34.309   52.3ms  3e>20     01    75    1    ok
  34.309   52.3ms  20>3e     04    75    2    ok
  34.309   52.3ms  21>20     61    00    5    ok
  34.359   50.7ms  3e>20     01    b4    1    ok
  34.359   50.7ms  20>3e     04    b4    6    ok
  34.359   50.7ms  21>20     61    00    5    ok
  34.359  204.3ms  21>20     64    00    7    ok
  34.410  254.6ms  20>21     64    00    6    ok
  34.410   50.4ms  21>20     61    00    5    ok
  34.410  409.4ms  3e>22     01    33    1    ok
  34.410  409.4ms  22>3e     04    33    4    ok
  34.461   51.0ms  21>20     61    00    5    ok
  34.461   51.0ms  3e>22     01    33    1    ok
  34.461   51.0ms  22>3e     04    33    4    ok
  34.461    0.0ms  21>20     61    00    5    ok
  34.513   52.5ms  3e>22     01    35    1    ok
  34.513   52.6ms  22>3e     04    35    2    ok
  34.513   52.6ms  21>20     61    00    5    ok
  34.565   51.4ms  3e>22     01    35    1    ok
  34.565   51.4ms  22>3e     04    35    2    ok
  34.565  205.4ms  21>20     64    00    7    ok
  34.565  155.1ms  20>21     64    00    6    ok
  34.565  358.6ms  21>20     65    00    5    ok
  34.616  257.2ms  3e>20     01    da    1    ok
  34.616  257.1ms  20>3e     04    da    12   ok
  34.669  104.1ms  21>20     64    00    7    ok
  34.669  104.1ms  20>21     64    00    6    ok
  34.669  104.1ms  21>20     65    00    5    ok
  34.669    0.0ms  21>20     65    00    5    ok
  34.719   50.3ms  21>20     65    00    5    ok
  34.719    0.0ms  21>20     65    00    5    ok
  34.719   50.4ms  21>20     64    00    7    ok
  34.771  101.8ms  20>21     64    00    6    ok
  34.771  257.4ms  21>20     61    00    5    ok
  34.771  154.3ms  3e>20     01    b4    1    ok
  34.771  154.3ms  20>3e     04    b4    6    ok
  34.822   51.1ms  21>20     61    00    5    ok
  34.822   51.2ms  3e>20     01    b4    1    ok
  34.822   51.2ms  20>3e     04    b4    6    ok
  34.822    0.1ms  21>20     61    00    5    ok
  34.873  308.4ms  3e>22     01    33    1    ok
  34.873  308.4ms  22>3e     04    33    4    ok
  34.873   51.2ms  21>20     61    00    5    ok
  34.924   50.8ms  3e>22     01    33    1    ok
  34.924   50.8ms  22>3e     04    33    4    ok
  34.924  204.8ms  21>20     64    00    7    ok
  34.924  153.3ms  20>21     64    00    6    ok
  34.924  204.8ms  21>20     65    00    5    ok
  34.974  101.1ms  21>20     61    00    5    ok
  34.974   50.3ms  3e>22     01    35    1    ok
  34.974   50.3ms  22>3e     04    35    2    ok
  35.025  101.1ms  21>20     64    00    7    ok
  35.025  101.2ms  20>21     64    00    6    ok
  35.025  101.1ms  21>20     65    00    5    ok
  35.025    0.0ms  21>20     65    00    5    ok
  35.077   51.9ms  21>20     65    00    5    ok
  35.077  102.9ms  21>20     61    00    5    ok
  35.128  305.8ms  3e>20     01    da    1    ok
  35.128  305.8ms  20>3e     04    da    12   ok
  35.128   50.6ms  21>20     61    00    5    ok
  35.128    0.0ms  3e>20     01    da    1    ok
  35.128    0.0ms  20>3e     04    da    12   ok
  35.178  152.8ms  21>20     64    00    7    ok
  35.178  152.8ms  20>21     64    00    6    ok
  35.178  100.8ms  21>20     65    00    5    ok
  35.178    0.0ms  21>20     65    00    5    ok
  35.230   52.3ms  21>20     65    00    5    ok
  35.230  102.6ms  21>20     61    00    5    ok
  35.281  152.9ms  3e>20     01    b4    1    ok
  35.281  152.9ms  20>3e     04    b4    6    ok
  35.281   50.4ms  21>20     61    00    5    ok
  35.281  102.8ms  21>20     64    00    7    ok
  35.331  153.6ms  20>21     64    00    6    ok
  35.331   50.8ms  21>20     61    00    5    ok
  35.331  357.3ms  3e>22     01    33    1    ok
  35.382  408.2ms  22>3e     04    33    4    BAD
  35.382   50.9ms  3e>22     01    33    1    ok
  35.382    0.0ms  22>3e     04    33    4    ok
  35.382  101.7ms  21>20     64    00    7    ok
  35.436  104.7ms  20>21     64    00    6    ok
  35.436  206.0ms  21>20     65    00    5    ok
  35.436  104.7ms  21>20     61    00    5    ok
  35.487  104.2ms  3e>22     01    35    1    ok
  35.487  104.2ms  22>3e     04    35    2    ok
  35.487   50.4ms  21>20     61    00    5    ok
  35.487    0.0ms  3e>22     01    35    1    ok
  35.538   51.1ms  22>3e     04    35    2    ok
  35.538  155.4ms  21>20     64    00    7    ok
  35.538  101.6ms  20>21     64    00    6    ok
  35.538   51.1ms  21>20     61    00    5    ok
  35.538  257.2ms  3e>20     01    da    1    ok
  35.588  307.7ms  20>3e     04    da    12   ok
  35.588   50.6ms  21>20     61    00    5    ok
  35.588   50.6ms  3e>20     01    b0    1    ok
  35.588    0.1ms  20>3e     04    b0    52   ok
  35.638  100.8ms  21>20     64    00    7    ok
  35.638  100.8ms  20>21     64    00    6    ok
  35.639  202.4ms  21>20     65    00    5    ok
  35.639    0.0ms  21>20     65    00    5    ok
  35.690   51.8ms  21>20     65    00    5    ok
  35.690    0.0ms  21>20     65    00    5    ok
  35.741  152.5ms  21>20     61    00    5    ok
  35.741  152.5ms  3e>20     01    da    1    ok
  35.741  152.5ms  20>3e     04    da    12   ok
  35.741  102.4ms  21>20     64    00    7    ok
  35.791  152.7ms  20>21     64    00    6    ok
  35.791  100.8ms  21>20     65    00    5    ok
  35.791   50.4ms  21>20     61    00    5    ok
  35.841  100.7ms  3e>20     01    b4    1    ok
  35.842  100.7ms  20>3e     04    b4    6    ok
  35.842  100.7ms  21>20     64    00    7    ok
  35.842   50.4ms  20>21     64    00    6    ok
  35.842   50.3ms  21>20     61    00    5    ok
  35.892   50.7ms  3e>20     01    b4    1    ok
  35.892   50.6ms  21>20     61    00    5    ok
  35.943  456.6ms  3e>22     01    33    1    ok
  35.943  405.5ms  22>3e     04    33    4    ok
  35.943  101.6ms  21>20     64    00    7    ok
  35.943  101.6ms  20>21     64    00    6    ok
  35.943  152.0ms  21>20     65    00    5    ok
  35.995  103.2ms  21>20     61    00    5    ok
  35.995   52.3ms  3e>22     01    35    1    ok
  35.995   52.3ms  22>3e     04    35    2    ok
  36.047  103.5ms  21>20     64    00    7    ok
  36.047  103.6ms  20>21     64    00    6    ok
  36.047  103.6ms  21>20     65    00    5    ok
  36.047   51.4ms  21>20     61    00    5    ok
  36.098  103.1ms  3e>22     01    35    1    ok
  36.099  103.1ms  22>3e     04    35    2    ok
  36.099   51.8ms  21>20     61    00    5    ok
  36.099  206.4ms  3e>20     01    da    1    ok
  36.150  308.7ms  20>3e     04    da    12   ok
  36.150  103.6ms  21>20     64    00    7    ok
  36.150  103.6ms  20>21     64    00    6    ok
  36.150  103.6ms  21>20     65    00    5    ok
  36.201  102.1ms  21>20     61    00    5    ok
  36.201  102.1ms  3e>20     01    da    1    ok
  36.201   50.5ms  20>3e     04    da    12   ok
  36.201   50.4ms  21>20     64    00    7    ok
  36.252  101.4ms  20>21     64    00    6    ok
  36.252   51.1ms  21>20     61    00    5    ok
  36.252   51.1ms  3e>20     01    b4    1    ok
  36.252   51.1ms  20>3e     04    b4    6    ok
  36.303  101.8ms  21>20     64    00    7    ok
  36.303   50.8ms  20>21     64    00    6    ok
  36.303  152.2ms  21>20     65    00    5    ok
  36.303    0.0ms  21>20     65    00    5    ok
  36.353  101.2ms  21>20     61    00    5    ok
  36.353  101.2ms  3e>20     01    b4    1    ok
  36.353  101.2ms  20>3e     04    b4    6    ok
  36.404   50.8ms  21>20     61    00    5    ok
  36.404  305.4ms  3e>22     01    33    1    ok
  36.404  305.3ms  22>3e     04    33    4    ok
  36.404  101.4ms  21>20     64    00    7    ok
  36.456  153.4ms  20>21     64    00    6    ok
  36.456  153.4ms  21>20     65    00    5    ok
  36.456   52.2ms  21>20     61    00    5    ok
  36.506  102.5ms  3e>22     01    33    1    ok
  36.506  102.5ms  22>3e     04    33    4    ok
  36.506   50.4ms  21>20     61    00    5    ok
  36.506    0.0ms  3e>22     01    35    1    ok
  36.559   53.1ms  22>3e     04    35    2    ok
  36.560  155.6ms  21>20     64    00    7    ok
  36.560  103.5ms  20>21     64    00    6    ok
  36.560  103.5ms  21>20     65    00    5    ok
  36.560   53.1ms  21>20     61    00    5    ok
  36.610  256.7ms  3e>20     01    da    1    ok
  36.610  256.7ms  20>3e     04    da    12   ok
  36.610   50.3ms  21>20     64    00    7    ok
  36.610   50.3ms  20>21     64    00    6    ok
  36.660  100.3ms  21>20     61    00    5    ok
  36.660   50.1ms  3e>20     01    da    1    ok
  36.660   50.1ms  20>3e     04    da    12   ok
  36.660   50.1ms  21>20     64    00    7    ok
  36.710  100.2ms  20>21     64    00    6    ok
  36.710  150.5ms  21>20     65    00    5    ok
  36.710   50.2ms  21>20     61    00    5    ok
  36.760  100.3ms  3e>20     01    75    1    ok
  36.760  100.3ms  20>3e     04    75    2    ok
  36.760  100.3ms  21>20     64    00    7    ok
  36.760   50.2ms  20>21     64    00    6    ok
  36.760   50.2ms  21>20     61    00    5    ok
  36.810   50.3ms  3e>20     01    b4    1    ok
  36.810   50.3ms  20>3e     04    b4    6    ok
  36.810   50.3ms  21>20     61    00    5    ok
  36.861   50.3ms  3e>20     01    75    1    ok
  36.861   50.3ms  20>3e     04    75    2    ok
  36.861  100.6ms  21>20     64    00    7    ok
  36.861  100.6ms  20>21     64    00    6    ok
  36.861   50.3ms  21>20     61    00    5    ok
  36.912  405.6ms  3e>22     01    33    1    ok
  36.912  352.6ms  22>3e     04    33    4    ok
  36.912   51.4ms  21>20     64    00    7    ok
  36.912   51.4ms  20>21     64    00    6    ok
  36.963  252.8ms  21>20     65    00    5    ok
  36.963  102.0ms  21>20     61    00    5    ok
  36.963   50.7ms  3e>22     01    33    1    ok
  37.014  101.5ms  22>3e     04    33    4    BAD
  37.014   50.9ms  3e>22     01    35    1    ok
  37.014    0.0ms  22>3e     04    35    2    ok
  37.064  151.9ms  21>20     64    00    7    ok
  37.064  151.9ms  20>21     64    00    6    ok
  37.064  101.3ms  21>20     61    00    5    ok
  37.064   50.4ms  3e>22     01    35    1    ok
  37.116  102.7ms  22>3e     04    35    2    ok
  37.116   52.3ms  21>20     61    00    5    ok
  37.116  255.7ms  3e>20     01    da    1    ok
  37.116  255.7ms  20>3e     04    da    12   ok
  37.167  102.9ms  21>20     64    00    7    ok
  37.167  102.9ms  20>21     64    00    6    ok
  37.167  204.2ms  21>20     65    00    5    ok
  37.167   50.6ms  21>20     61    00    5    ok
  37.218  102.0ms  3e>20     01    da    1    ok
  37.218  102.0ms  20>3e     04    da    12   ok
  37.218   51.5ms  21>20     64    00    7    ok
  37.218   51.4ms  20>21     64    00    6    ok
  37.269  102.1ms  21>20     65    00    5    ok
  37.269  102.1ms  21>20     61    00    5    ok
  37.269   50.7ms  3e>20     01    b4    1    ok
  37.269   50.7ms  20>3e     04    b4    6    ok
  37.320  101.7ms  21>20     64    00    7    ok
  37.320  101.7ms  20>21     64    00    6    ok
  37.320   51.0ms  21>20     61    00    5    ok
  37.320   51.0ms  3e>20     01    b4    1    ok
  37.371  101.5ms  20>3e     04    b4    6    ok
  37.371   50.5ms  21>20     61    00    5    ok
  37.371  306.6ms  3e>22     01    33    1    ok
  37.371  254.3ms  22>3e     04    33    4    ok
  37.421  100.6ms  21>20     64    00    7    ok
  37.421  100.6ms  20>21     64    00    6    ok
  37.421  151.7ms  21>20     65    00    5    ok
  37.421   50.1ms  21>20     61    00    5    ok
  37.471  100.8ms  3e>22     01    35    1    ok
  37.471  100.8ms  22>3e     04    35    2    ok
  37.471   50.7ms  21>20     64    00    7    ok
  37.471   50.7ms  20>21     64    00    6    ok
  37.522  100.9ms  21>20     65    00    5    ok
  37.522    0.0ms  21>20     65    00    5    ok
  37.522  100.9ms  21>20     61    00    5    ok
  37.573  101.6ms  3e>22     01    35    1    ok
  37.573  101.6ms  22>3e     04    35    2    ok
  37.573   51.4ms  21>20     61    00    5    ok
  37.623  303.1ms  3e>20     01    da    1    ok
  37.623  252.6ms  20>3e     04    da    12   ok
  37.623  151.8ms  21>20     64    00    7    ok
  37.623  151.8ms  20>21     64    00    6    ok
  37.623  101.6ms  21>20     65    00    5    ok
  37.675  101.7ms  21>20     61    00    5    ok
  37.675   51.5ms  3e>20     01    da    1    ok
  37.675   51.5ms  20>3e     04    da    12   ok
  37.725  102.0ms  21>20     64    00    7    ok
  37.725  102.0ms  20>21     64    00    6    ok
  37.725   50.6ms  21>20     61    00    5    ok
  37.725   50.5ms  3e>20     01    b4    1    ok
  37.779  104.1ms  20>3e     04    b4    6    ok
  37.779   53.6ms  21>20     64    00    7    ok
  37.779   53.6ms  20>21     64    00    6    ok
  37.779  155.6ms  21>20     65    00    5    ok
  37.830  104.7ms  21>20     61    00    5    ok
  37.830  104.7ms  3e>20     01    b4    1    ok
  37.830   51.1ms  20>3e     04    b4    6    ok
  37.830    0.0ms  21>20     61    00    5    ok
  37.881  308.4ms  3e>22     01    33    1    ok
  37.881  308.4ms  22>3e     04    33    4    ok
  37.881  102.5ms  21>20     64    00    7    ok
  37.881  102.5ms  20>21     64    00    6    ok
  37.881   51.4ms  21>20     61    00    5    ok
  37.932   51.0ms  3e>22     01    33    1    ok
  37.932   51.0ms  22>3e     04    33    4    ok
  37.932   51.0ms  21>20     61    00    5    ok
  37.983   50.3ms  3e>22     01    35    1    ok
  37.983   50.3ms  22>3e     04    35    2    ok
  37.983  101.3ms  21>20     64    00    7    ok
  37.983  101.3ms  20>21     64    00    6    ok
  37.983  203.8ms  21>20     65    00    5    ok
  38.035   52.8ms  21>20     65    00    5    ok
  38.035  103.1ms  21>20     61    00    5    ok
  38.086  256.6ms  3e>20     01    da    1    ok
  38.087  256.6ms  20>3e     04    da    12   ok
  38.087  103.9ms  21>20     64    00    7    ok
  38.087  103.9ms  20>21     64    00    6    ok
  38.087   51.1ms  21>20     61    00    5    ok
  38.138   51.8ms  3e>20     01    da    1    ok
  38.138   51.8ms  20>3e     04    da    12   ok
  38.138   51.8ms  21>20     64    00    7    ok
  38.138   51.8ms  20>21     64    00    6    ok
  38.190  154.6ms  21>20     65    00    5    ok
  38.190    0.0ms  21>20     65    00    5    ok
  38.190  103.5ms  21>20     61    00    5    ok
  38.242  103.5ms  3e>20     01    b4    1    ok
  38.242  103.5ms  20>3e     04    b4    6    ok
  38.242  103.5ms  21>20     64    00    7    ok
  38.242  103.5ms  20>21     64    00    6    ok
  38.242   51.8ms  21>20     65    00    5    ok
  38.292  101.9ms  21>20     61    00    5    ok
  38.292  309.4ms  3e>22     01    33    1    ok
  38.292  309.4ms  22>3e     04    33    4    ok
  38.342   50.3ms  21>20     61    00    5    ok
  38.342  100.5ms  3e>20     01    b4    1    ok
  38.342  100.5ms  20>3e     04    b4    6    ok
  38.342  100.5ms  21>20     64    00    7    ok
  38.393  151.6ms  20>21     64    00    6    ok
  38.393  151.6ms  21>20     65    00    5    ok
  38.393   51.2ms  21>20     61    00    5    ok
  38.444  151.9ms  3e>22     01    35    1    ok
  38.444  152.0ms  22>3e     04    35    2    ok
  38.444  101.6ms  21>20     64    00    7    ok
  38.444   50.5ms  20>21     64    00    6    ok
  38.444   50.5ms  21>20     61    00    5    ok
  38.497   53.1ms  3e>22     01    35    1    ok
  38.497   53.1ms  22>3e     04    35    2    ok
  38.497   53.1ms  21>20     61    00    5    ok
  38.548  206.1ms  3e>20     01    da    1    ok
  38.548  206.1ms  20>3e     04    da    12   ok
  38.548  104.5ms  21>20     64    00    7    ok
  38.548  104.5ms  20>21     64    00    6    ok
  38.548  155.0ms  21>20     65    00    5    ok
  38.601  104.2ms  21>20     61    00    5    ok
  38.601   53.0ms  3e>20     01    da    1    ok
  38.601   53.0ms  20>3e     04    da    12   ok
  38.654  105.3ms  21>20     64    00    7    ok
  38.654  105.3ms  20>21     64    00    6    ok
  38.654  105.3ms  21>20     65    00    5    ok
  38.654    0.0ms  21>20     65    00    5    ok
  38.704  102.8ms  21>20     61    00    5    ok
  38.704  102.8ms  3e>20     01    b4    1    ok
  38.704  102.8ms  20>3e     04    b4    6    ok
  38.704   50.5ms  21>20     64    00    7    ok
  38.756  101.9ms  20>21     64    00    6    ok
  38.756   51.6ms  21>20     61    00    5    ok
  38.756  258.7ms  3e>22     01    33    1    ok
  38.756  258.7ms  22>3e     04    33    4    ok
  38.806   50.2ms  21>20     61    00    5    ok
  38.806  101.8ms  3e>20     01    b4    1    ok
  38.806  101.8ms  20>3e     04    b4    6    ok
  38.806  101.8ms  21>20     64    00    7    ok
  38.859  102.9ms  20>21     64    00    6    ok
  38.859  204.9ms  21>20     65    00    5    ok
  38.859   52.8ms  21>20     61    00    5    ok
  38.910  154.2ms  3e>22     01    35    1    ok
  38.910  154.2ms  22>3e     04    35    2    ok
  38.910  104.0ms  21>20     64    00    7    ok
  38.910   51.3ms  20>21     64    00    6    ok
  38.910   51.3ms  21>20     65    00    5    ok
  38.961  102.3ms  21>20     61    00    5    ok
  38.961   51.1ms  3e>22     01    35    1    ok
  38.961   51.1ms  22>3e     04    35    2    ok
  39.011   50.1ms  21>20     61    00    5    ok
  39.011  205.2ms  3e>20     01    da    1    ok
  39.011  205.1ms  20>3e     04    da    12   ok
  39.011  101.2ms  21>20     64    00    7    ok
  39.011  101.2ms  20>21     64    00    6    ok
  39.063  153.1ms  21>20     65    00    5    ok
  39.063   52.3ms  21>20     61    00    5    ok
  39.063   52.3ms  3e>20     01    da    1    ok
  39.114  103.1ms  20>3e     04    da    12   ok
  39.114  103.2ms  21>20     64    00    7    ok
  39.114  103.2ms  20>21     64    00    6    ok
  39.114   50.9ms  21>20     61    00    5    ok
  39.165  101.2ms  3e>20     01    75    1    ok
  39.165   50.4ms  20>3e     04    75    2    ok
  39.165   50.4ms  21>20     64    00    7    ok
  39.165   50.3ms  20>21     64    00    6    ok
  39.165   50.3ms  21>20     61    00    5    ok
  39.217   52.1ms  3e>20     01    b4    1    ok
  39.217   52.1ms  20>3e     04    b4    6    ok
  39.217   52.1ms  21>20     61    00    5    ok
  39.267   50.1ms  3e>20     01    75    1    ok
  39.267   50.2ms  20>3e     04    75    2    ok
  39.267  102.3ms  21>20     64    00    7    ok
  39.267  102.3ms  20>21     64    00    6    ok
  39.267   50.2ms  21>20     61    00    5    ok
  39.319   52.4ms  3e>20     01    b4    1    ok
  39.319   52.4ms  20>3e     04    b4    6    ok
  39.319   52.4ms  21>20     61    00    5    ok
  39.370  409.3ms  3e>22     01    33    1    ok
  39.370  409.3ms  22>3e     04    33    4    ok
  39.370   51.1ms  21>20     61    00    5    ok
  39.370    0.1ms  3e>22     01    33    1    ok
  39.421   51.1ms  22>3e     04    33    4    ok
  39.422   51.2ms  21>20     61    00    5    ok
  39.422   51.2ms  3e>22     01    35    1    ok
  39.422    0.2ms  22>3e     04    35    2    ok
  39.474  206.7ms  21>20     64    00    7    ok
  39.474  206.8ms  20>21     64    00    6    ok
  39.474  410.7ms  21>20     65    00    5    ok
  39.474   52.1ms  21>20     61    00    5    ok
  39.524  102.2ms  3e>22     01    35    1    ok
  39.524  102.1ms  22>3e     04    35    2    ok
  39.524   50.1ms  21>20     61    00    5    ok
  39.524  204.6ms  3e>20     01    da    1    ok
  39.576  257.0ms  20>3e     04    da    12   ok
  39.576  102.7ms  21>20     64    00    7    ok
  39.576  102.7ms  20>21     64    00    6    ok
  39.576   52.6ms  21>20     61    00    5    ok
  39.627  103.0ms  3e>20     01    da    1    ok
  39.627   50.6ms  20>3e     04    da    12   ok
  39.627   50.5ms  21>20     64    00    7    ok
  39.627   50.5ms  20>21     64    00    6    ok
  39.627  153.2ms  21>20     65    00    5    ok
  39.678  102.0ms  21>20     61    00    5    ok
  39.678   51.6ms  3e>20     01    b4    1    ok
  39.678   51.6ms  20>3e     04    b4    6    ok
  39.729  102.5ms  21>20     64    00    7    ok
  39.729  102.6ms  20>21     64    00    6    ok
  39.729  102.5ms  21>20     65    00    5    ok
  39.729    0.0ms  21>20     65    00    5    ok
  39.781  102.9ms  21>20     61    00    5    ok
  39.781  257.5ms  3e>22     01    33    1    ok
  39.781  257.5ms  22>3e     04    33    4    ok
  39.831  102.0ms  21>20     64    00    7    ok
  39.832  102.1ms  20>21     64    00    6    ok
  39.832  102.1ms  21>20     65    00    5    ok
  39.832   50.3ms  21>20     61    00    5    ok
  39.883  102.2ms  3e>22     01    35    1    ok
  39.883  102.2ms  22>3e     04    35    2    ok
  39.884   52.0ms  21>20     64    00    7    ok
  39.884   52.0ms  20>21     64    00    6    ok
  39.934  102.1ms  21>20     65    00    5    ok
  39.934    0.0ms  21>20     65    00    5    ok
  39.934  102.1ms  21>20     61    00    5    ok
  39.984  101.0ms  3e>22     01    35    1    ok
  39.984  101.0ms  22>3e     04    35    2    ok
  39.985   50.8ms  21>20     61    00    5    ok
  39.985  306.1ms  3e>20     01    da    1    ok
  40.036  357.6ms  20>3e     04    da    12   ok
  40.036  152.5ms  21>20     64    00    7    ok
  40.036  152.6ms  20>21     64    00    6    ok
  40.036  102.4ms  21>20     65    00    5    ok
  40.086  101.8ms  21>20     61    00    5    ok
  40.086  101.9ms  3e>20     01    da    1    ok
  40.086   50.4ms  20>3e     04    da    12   ok
  40.086   50.3ms  21>20     64    00    7    ok
  40.139  102.7ms  20>21     64    00    6    ok
  40.139  102.7ms  21>20     65    00    5    ok
  40.139   52.5ms  21>20     61    00    5    ok
  40.190  103.5ms  3e>20     01    b4    1    ok
  40.190  103.5ms  20>3e     04    b4    6    ok
  40.190  103.5ms  21>20     64    00    7    ok
  40.190   51.1ms  20>21     64    00    6    ok
  40.190   51.1ms  21>20     65    00    5    ok
  40.240   50.4ms  21>20     65    00    5    ok
  40.240  101.6ms  21>20     61    00    5    ok
  40.292  307.3ms  3e>22     01    33    1    ok
  40.292  307.3ms  22>3e     04    33    4    ok
  40.292  101.9ms  21>20     64    00    7    ok
  40.292  101.9ms  20>21     64    00    6    ok
  40.292   51.4ms  21>20     65    00    5    ok
  40.344  103.9ms  21>20     61    00    5    ok
  40.344   52.5ms  3e>22     01    35    1    ok
  40.344   52.5ms  22>3e     04    35    2    ok
  40.396  104.5ms  21>20     64    00    7    ok
  40.396  104.5ms  20>21     64    00    6    ok
  40.396  104.5ms  21>20     65    00    5    ok
  40.396    0.0ms  21>20     65    00    5    ok
  40.447  102.3ms  21>20     61    00    5    ok
  40.447  102.3ms  3e>22     01    35    1    ok
  40.447  102.3ms  22>3e     04    35    2    ok
  40.447    0.1ms  21>20     61    00    5    ok
  40.498  307.9ms  3e>20     01    da    1    ok
  40.498  307.9ms  20>3e     04    da    12   ok
  40.498  101.5ms  21>20     64    00    7    ok
  40.498  101.5ms  20>21     64    00    6    ok
  40.548  151.8ms  21>20     65    00    5    ok
  40.548  101.5ms  21>20     61    00    5    ok
  40.548   50.4ms  3e>20     01    b0    1    ok
  40.599  101.6ms  20>3e     04    b0    52   ok
  40.599  101.7ms  21>20     64    00    7    ok
  40.599  101.7ms  20>21     64    00    6    ok
  40.599   51.3ms  21>20     61    00    5    ok
  40.650  102.3ms  3e>20     01    25    1    ok
  40.650   51.1ms  20>3e     04    25    2    ok
  40.650   51.0ms  21>20     64    00    7    ok
  40.650   51.0ms  20>21     64    00    6    ok
  40.650  102.4ms  21>20     65    00    5    ok
  40.703  103.9ms  21>20     61    00    5    ok
  40.703  256.8ms  3e>22     01    40    1    ok
  40.754  307.1ms  22>3e     04    40    30   ok
  40.754  103.3ms  3e>20     01    75    1    ok
  40.754  103.3ms  20>3e     04    75    2    ok
  40.754   50.4ms  21>20     61    00    5    ok
  40.805   51.2ms  3e>20     01    7b    1    ok
  40.805   51.2ms  20>3e     04    7b    6    ok
  40.805  154.5ms  21>20     64    00    7    ok
  40.805  154.5ms  20>21     64    00    6    ok
  40.857  206.3ms  21>20     65    00    5    ok
  40.857  103.1ms  21>20     61    00    5    ok
  40.857   51.9ms  3e>20     01    76    1    ok
  40.907  102.1ms  20>3e     04    76    2    ok
  40.907   50.3ms  21>20     61    00    5    ok
  40.907   50.3ms  3e>20     01    da    1    ok
  40.907    0.1ms  20>3e     04    da    12   ok
  40.907    0.0ms  21>20     61    00    5    ok
  40.958   50.8ms  3e>20     01    b4    1    ok
  40.958   50.8ms  20>3e     04    b4    6    ok
  40.958  153.0ms  21>20     64    00    7    ok
  40.958  153.0ms  20>21     64    00    6    ok
  41.008  151.6ms  21>20     65    00    5    ok
  41.008    0.0ms  21>20     65    00    5    ok
  41.008  101.3ms  21>20     61    00    5    ok
  41.060  356.1ms  3e>22     01    33    1    ok
  41.060  305.8ms  22>3e     04    33    4    ok
  41.060   51.2ms  21>20     61    00    5    ok
  41.110  151.9ms  21>20     64    00    7    ok
  41.110  151.9ms  20>21     64    00    6    ok
  41.110  101.5ms  21>20     65    00    5    ok
  41.110    0.0ms  21>20     65    00    5    ok
  41.162   52.4ms  21>20     65    00    5    ok
  41.162    0.0ms  21>20     65    00    5    ok
  41.213  103.4ms  21>20     64    00    7    ok
  41.213  103.4ms  20>21     64    00    6    ok
  41.213   51.0ms  21>20     65    00    5    ok
  41.213  153.7ms  21>20     61    00    5    ok
  41.266  206.7ms  3e>22     01    35    1    ok
  41.266  206.7ms  22>3e     04    35    2    ok
  41.266   53.0ms  21>20     61    00    5    ok
  41.266  308.4ms  3e>20     01    da    1    ok
  41.317  359.1ms  20>3e     04    da    12   ok
  41.317  103.8ms  21>20     64    00    7    ok
  41.317  103.8ms  20>21     64    00    6    ok
  41.317   50.8ms  21>20     61    00    5    ok
  41.367  100.9ms  3e>20     01    da    1    ok
  41.367   50.2ms  20>3e     04    da    12   ok
  41.367   50.2ms  21>20     64    00    7    ok
  41.367   50.2ms  20>21     64    00    6    ok
  41.367  154.0ms  21>20     65    00    5    ok
  41.418  101.3ms  21>20     61    00    5    ok
  41.418   51.2ms  3e>20     01    b4    1    ok
  41.418   51.1ms  20>3e     04    b4    6    ok
  41.469  101.7ms  21>20     64    00    7    ok
  41.469  101.7ms  20>21     64    00    6    ok
  41.469  101.8ms  21>20     65    00    5    ok
  41.520   50.9ms  21>20     65    00    5    ok
  41.520  101.6ms  21>20     61    00    5    ok
  41.520  253.7ms  3e>22     01    33    1    ok
  41.520  253.6ms  22>3e     04    33    4    ok
  41.571   50.9ms  21>20     61    00    5    ok
  41.571  101.9ms  21>20     64    00    7    ok
  41.571  101.9ms  20>21     64    00    6    ok
  41.571    0.1ms  21>20     61    00    5    ok
  41.622  102.0ms  3e>22     01    35    1    ok
  41.622  102.0ms  22>3e     04    35    2    ok
  41.622   51.1ms  21>20     64    00    7    ok
  41.622   51.1ms  20>21     64    00    6    ok
  41.673  153.3ms  21>20     65    00    5    ok
  41.673    0.0ms  21>20     65    00    5    ok
  41.673  102.4ms  21>20     61    00    5    ok
  41.727  105.0ms  3e>22     01    35    1    ok
  41.727  105.0ms  22>3e     04    35    2    ok
  41.727   53.7ms  21>20     61    00    5    ok
  41.779  360.6ms  3e>20     01    da    1    ok
  41.779  360.6ms  20>3e     04    da    12   ok
  41.779  157.1ms  21>20     64    00    7    ok
  41.779  157.1ms  20>21     64    00    6    ok
  41.779  105.8ms  21>20     65    00    5    ok
  41.829  102.5ms  21>20     61    00    5    ok
  41.830   50.5ms  3e>20     01    da    1    ok
  41.830   50.5ms  20>3e     04    da    12   ok
  41.830   50.5ms  21>20     64    00    7    ok
  41.881  101.6ms  20>21     64    00    6    ok
  41.881   51.2ms  21>20     61    00    5    ok
  41.881   51.2ms  3e>20     01    75    1    ok
  41.881   51.1ms  20>3e     04    75    2    ok
  41.931  101.2ms  21>20     64    00    7    ok
  41.931   50.1ms  20>21     64    00    6    ok
  41.931   50.1ms  21>20     61    00    5    ok
  41.931   50.1ms  3e>20     01    b4    1    ok
  41.931   50.1ms  20>3e     04    b4    6    ok
  41.983   52.2ms  21>20     61    00    5    ok
  41.983   52.4ms  3e>20     01    75    1    ok
  41.983   52.4ms  20>3e     04    75    2    ok
  42.034   50.8ms  21>20     61    00    5    ok
  42.034  307.0ms  3e>22     01    33    1    ok
  42.034  307.0ms  22>3e     04    33    4    ok
  42.034    0.1ms  21>20     61    00    5    ok
  42.085  102.3ms  3e>20     01    b4    1    ok
  42.086  102.3ms  20>3e     04    b4    6    ok
  42.086  154.8ms  21>20     64    00    7    ok
  42.086  154.8ms  20>21     64    00    6    ok
  42.136  357.0ms  21>20     65    00    5    ok
  42.136  102.2ms  21>20     61    00    5    ok
  42.136  102.3ms  3e>22     01    35    1    ok
  42.136  102.3ms  22>3e     04    35    2    ok

frames 2917   good 2899   bad checksum 18   junk bytes 288
