    time     gap  src>dst   cmd   reg   len  ok
   0.053    0.0ms  21>20     65    00    5    ok
   0.053    0.0ms  21>20     64    00    7    ok
   0.053    0.0ms  20>21     64    00    6    ok
   0.105   52.6ms  21>20     65    00    5    ok
   0.105    0.0ms  21>20     65    00    5    ok
   0.105    0.0ms  21>20     65    00    5    ok
   0.156   50.7ms  21>20     65    00    5    ok
   0.156  103.3ms  21>20     64    00    7    ok
   0.156  103.3ms  20>21     64    00    6    ok
   0.156    0.0ms  21>20     65    00    5    ok
   0.208   51.9ms  21>20     65    00    5    ok
   0.208    0.1ms  21>20     65    00    5    ok
   0.259   50.6ms  21>20     65    00    5    ok
   0.259  102.5ms  21>20     64    00    7    ok
   0.259  102.5ms  20>21     64    00    6    ok
   0.259    0.0ms  21>20     65    00    5    ok
   0.312   53.2ms  21>20     65    00    5    ok
   0.312    0.0ms  21>20     65    00    5    ok
   0.363   50.7ms  21>20     65    00    5    ok
   0.363  104.0ms  21>20     64    00    7    ok
   0.363  104.0ms  20>21     64    00    6    ok
   0.363    0.0ms  21>20     65    00    5    ok
   0.413   50.8ms  21>20     65    00    5    ok
   0.413    0.0ms  21>20     65    00    5    ok
   0.413    0.0ms  21>20     65    00    5    ok
   0.464  101.8ms  21>20     64    00    7    ok
   0.464  101.8ms  20>21     64    00    6    ok
   0.464   51.0ms  21>20     65    00    5    ok
   0.515   50.3ms  21>20     65    00    5    ok
   0.515    0.1ms  21>20     65    00    5    ok
   0.515    0.0ms  21>20     65    00    5    ok
   0.568  103.4ms  21>20     64    00    7    ok
   0.568  103.5ms  20>21     64    00    6    ok
   0.568   53.1ms  21>20     65    00    5    ok
   0.619   51.2ms  21>20     65    00    5    ok
   0.619    0.1ms  21>20     65    00    5    ok
   0.619    0.0ms  21>20     65    00    5    ok
   0.672  103.9ms  21>20     64    00    7    ok
   0.672  103.9ms  20>21     64    00    6    ok
   0.672   52.6ms  21>20     65    00    5    ok
   0.722   50.1ms  21>20     65    00    5    ok
   0.722    0.1ms  21>20     65    00    5    ok
   0.722    0.0ms  21>20     65    00    5    ok
   0.773  101.3ms  21>20     64    00    7    ok
   0.773  101.3ms  20>21     64    00    6    ok
   0.773   51.2ms  21>20     65    00    5    ok
   0.825   51.6ms  21>20     65    00    5    ok
   0.825    0.0ms  21>20     65    00    5    ok
   0.825    0.0ms  21>20     65    00    5    ok
   0.876  102.8ms  21>20     64    00    7    ok
   0.876  102.8ms  20>21     64    00    6    ok
   0.876   51.0ms  21>20     65    00    5    ok
   0.876    0.0ms  21>20     65    00    5    ok
   0.929   52.9ms  21>20     65    00    5    ok
   0.929    0.1ms  21>20     65    00    5    ok
   0.979  103.3ms  21>20     64    00    7    ok
   0.979  103.3ms  20>21     64    00    6    ok
   0.979   50.3ms  21>20     65    00    5    ok
   0.979    0.0ms  21>20     65    00    5    ok
   1.032   53.0ms  21>20     65    00    5    ok
   1.032    0.0ms  21>20     65    00    5    ok
   1.083  104.2ms  21>20     64    00    7    ok
   1.083  104.2ms  20>21     64    00    6    ok
   1.083   51.2ms  21>20     65    00    5    ok
   1.084    0.2ms  21>20     65    00    5    ok
   1.135   50.9ms  21>20     65    00    5    ok
   1.135    0.0ms  21>20     65    00    5    ok
   1.135   51.3ms  21>20     64    00    7    ok
   1.187  103.9ms  20>21     64    00    6    ok
   1.187   52.7ms  21>20     65    00    5    ok
   1.187    0.0ms  21>20     65    00    5    ok
   1.238   50.9ms  21>20     65    00    5    ok
   1.238    0.3ms  21>20     65    00    5    ok
   1.238  103.9ms  21>20     64    00    7    ok
   1.289  102.0ms  20>21     64    00    6    ok
   1.289   50.8ms  21>20     65    00    5    ok
   1.289    0.0ms  21>20     65    00    5    ok
   1.339   50.2ms  21>20     65    00    5    ok
   1.340    0.0ms  21>20     65    00    5    ok
   1.340  101.0ms  21>20     64    00    7    ok
   1.340   50.3ms  20>21     64    00    6    ok
   1.393   53.7ms  21>20     65    00    5    ok
   1.393    0.0ms  21>20     65    00    5    ok
   1.444   50.4ms  21>20     65    00    5    ok
   1.444    0.0ms  21>20     65    00    5    ok
   1.444  104.2ms  21>20     64    00    7    ok
   1.444  104.2ms  20>21     64    00    6    ok
   1.495   51.3ms  21>20     65    00    5    ok
   1.495    0.0ms  21>20     65    00    5    ok
   1.495    0.0ms  21>20     65    00    5    ok
   1.546   50.6ms  21>20     65    00    5    ok
   1.546  102.0ms  21>20     64    00    7    ok
   1.546  102.0ms  20>21     64    00    6    ok
   1.596   50.3ms  21>20     65    00    5    ok
   1.596    0.0ms  21>20     65    00    5    ok
   1.596    0.0ms  21>20     65    00    5    ok
   1.647   50.7ms  21>20     65    00    5    ok
   1.647  101.1ms  21>20     64    00    7    ok
   1.647  101.1ms  20>21     64    00    6    ok
   1.697   50.5ms  21>20     65    00    5    ok
   1.697    0.0ms  21>20     65    00    5    ok
   1.697    0.0ms  21>20     65    00    5    ok
   1.748   50.8ms  21>20     65    00    5    ok
   1.748  101.3ms  21>20     64    00    7    ok
   1.748  101.3ms  20>21     64    00    6    ok
   1.799   50.8ms  21>20     65    00    5    ok
   1.799    0.0ms  21>20     65    00    5    ok
   1.799    0.0ms  21>20     65    00    5    ok
   1.851   52.2ms  21>20     65    00    5    ok
   1.851  103.0ms  21>20     64    00    7    ok
   1.851  103.0ms  20>21     64    00    6    ok
   1.902   50.8ms  21>20     65    00    5    ok
   1.902    0.0ms  21>20     65    00    5    ok
   1.902    0.0ms  21>20     65    00    5    ok
   1.954   52.1ms  21>20     65    00    5    ok
   1.954  102.9ms  21>20     64    00    7    ok
   1.954  103.0ms  20>21     64    00    6    ok
   2.006   52.1ms  21>20     65    00    5    ok
   2.006    0.0ms  21>20     65    00    5    ok
   2.006    0.0ms  21>20     65    00    5    ok
   2.056   50.2ms  21>20     65    00    5    ok
   2.056  102.3ms  21>20     64    00    7    ok
   2.056  102.3ms  20>21     64    00    6    ok
   2.056    0.1ms  21>20     65    00    5    ok
   2.108   51.8ms  21>20     65    00    5    ok
   2.108    0.0ms  21>20     65    00    5    ok
   2.159   50.6ms  21>20     65    00    5    ok
   2.159  102.5ms  21>20     64    00    7    ok
   2.159  102.5ms  20>21     64    00    6    ok
   2.159    0.1ms  21>20     65    00    5    ok
   2.211   52.2ms  21>20     65    00    5    ok
   2.211    0.0ms  21>20     65    00    5    ok
   2.262   51.3ms  21>20     65    00    5    ok
   2.263  103.7ms  21>20     64    00    7    ok
   2.263  103.7ms  20>21     64    00    6    ok
   2.263    0.1ms  21>20     65    00    5    ok
   2.316   53.6ms  21>20     65    00    5    ok
   2.316    0.0ms  21>20     65    00    5    ok
   2.316    0.0ms  21>20     65    00    5    ok
   2.369  106.2ms  21>20     64    00    7    ok
   2.369  106.2ms  20>21     64    00    6    ok
   2.369   52.5ms  21>20     65    00    5    ok
   2.419   50.7ms  21>20     65    00    5    ok
   2.420    0.1ms  21>20     65    00    5    ok
   2.420    0.0ms  21>20     65    00    5    ok
   2.472  103.3ms  21>20     64    00    7    ok
   2.472  103.3ms  20>21     64    00    6    ok
   2.472   52.6ms  21>20     65    00    5    ok
   2.524   51.5ms  21>20     65    00    5    ok
   2.524    0.0ms  21>20     65    00    5    ok
   2.524    0.0ms  21>20     65    00    5    ok
   2.577  104.6ms  21>20     64    00    7    ok
   2.577  104.7ms  20>21     64    00    6    ok
   2.577   53.1ms  21>20     65    00    5    ok
   2.629   52.7ms  21>20     65    00    5    ok
   2.630    0.1ms  21>20     65    00    5    ok
   2.630    0.0ms  21>20     65    00    5    ok
   2.680  103.3ms  21>20     64    00    7    ok
   2.680  103.3ms  20>21     64    00    6    ok
   2.680   50.5ms  21>20     65    00    5    ok
   2.680    0.0ms  21>20     65    00    5    ok
   2.731   50.6ms  21>20     65    00    5    ok
   2.731    0.0ms  21>20     65    00    5    ok
   2.782  101.6ms  21>20     64    00    7    ok
   2.782  101.6ms  20>21     64    00    6    ok
   2.782   51.0ms  21>20     65    00    5    ok
   2.782    0.0ms  21>20     65    00    5    ok
   2.835   53.5ms  21>20     65    00    5    ok
   2.835    0.0ms  21>20     65    00    5    ok
   2.887  105.8ms  21>20     64    00    7    ok
   2.887  105.8ms  20>21     64    00    6    ok
   2.887   52.2ms  21>20     65    00    5    ok
   2.887    0.0ms  21>20     65    00    5    ok
   2.937   50.1ms  21>20     65    00    5    ok
   2.938    0.0ms  21>20     65    00    5    ok
   2.938   50.2ms  21>20     64    00    7    ok
   2.990  102.6ms  20>21     64    00    6    ok
   2.990   52.5ms  21>20     65    00    5    ok
   3.041   50.6ms  21>20     65    00    5    ok
   3.041    0.1ms  21>20     65    00    5    ok
   3.041  103.2ms  21>20     64    00    7    ok
   3.093  103.0ms  20>21     64    00    6    ok
   3.093   52.3ms  21>20     65    00    5    ok
   3.093    0.0ms  21>20     65    00    5    ok
   3.144   50.9ms  21>20     65    00    5    ok
   3.144    0.1ms  21>20     65    00    5    ok
   3.144  103.2ms  21>20     64    00    7    ok
   3.198  104.5ms  20>21     64    00    6    ok
   3.198   53.6ms  21>20     65    00    5    ok
   3.198    0.0ms  21>20     65    00    5    ok
   3.198    0.0ms  21>20     65    00    5    ok
   3.248   50.5ms  21>20     65    00    5    ok
   3.248  104.2ms  21>20     64    00    7    ok
   3.248   50.6ms  20>21     64    00    6    ok
   3.298   50.3ms  21>20     65    00    5    ok
   3.298    0.0ms  21>20     65    00    5    ok
   3.298    0.0ms  21>20     65    00    5    ok
   3.350   51.8ms  21>20     65    00    5    ok
   3.350  102.2ms  21>20     64    00    7    ok
   3.350  102.2ms  20>21     64    00    6    ok
   3.401   50.7ms  21>20     65    00    5    ok
   3.401    0.0ms  21>20     65    00    5    ok
   3.401    0.0ms  21>20     65    00    5    ok
   3.453   51.8ms  21>20     65    00    5    ok
   3.453  102.6ms  21>20     64    00    7    ok
   3.453  102.6ms  20>21     64    00    6    ok
   3.504   51.4ms  21>20     65    00    5    ok
   3.504    0.0ms  21>20     65    00    5    ok
   3.504    0.0ms  21>20     65    00    5    ok
   3.555   51.1ms  21>20     65    00    5    ok
   3.555  102.6ms  21>20     64    00    7    ok
   3.555  102.6ms  20>21     64    00    6    ok
   3.607   52.0ms  21>20     65    00    5    ok
   3.607    0.0ms  21>20     65    00    5    ok
   3.607    0.0ms  21>20     65    00    5    ok
   3.658   50.4ms  21>20     65    00    5    ok
   3.658  102.5ms  21>20     64    00    7    ok
   3.658  102.5ms  20>21     64    00    6    ok
   3.709   50.9ms  21>20     65    00    5    ok
   3.709    0.0ms  21>20     65    00    5    ok
   3.709    0.0ms  21>20     65    00    5    ok
   3.759   50.1ms  21>20     65    00    5    ok
   3.759  101.1ms  21>20     64    00    7    ok
   3.759  101.1ms  20>21     64    00    6    ok
   3.759    0.1ms  21>20     65    00    5    ok
   3.810   50.6ms  21>20     65    00    5    ok
   3.810    0.0ms  21>20     65    00    5    ok
   3.860   50.4ms  21>20     65    00    5    ok
   3.860  101.1ms  21>20     64    00    7    ok
   3.860  101.1ms  20>21     64    00    6    ok
   3.860    0.1ms  21>20     65    00    5    ok
   3.912   52.2ms  21>20     65    00    5    ok
   3.912    0.0ms  21>20     65    00    5    ok
   3.963   50.3ms  21>20     65    00    5    ok
   3.963  102.6ms  21>20     64    00    7    ok
   3.963  102.6ms  20>21     64    00    6    ok
   3.963    0.0ms  21>20     65    00    5    ok
   4.016   53.0ms  21>20     65    00    5    ok
   4.016    0.0ms  21>20     65    00    5    ok
   4.067   51.4ms  21>20     65    00    5    ok
   4.067  104.5ms  21>20     64    00    7    ok
   4.067  104.5ms  20>21     64    00    6    ok
   4.067    0.1ms  21>20     65    00    5    ok
   4.119   51.6ms  21>20     65    00    5    ok
   4.119    0.0ms  21>20     65    00    5    ok
   4.119    0.0ms  21>20     65    00    5    ok
   4.172  104.3ms  21>20     64    00    7    ok
   4.172  104.3ms  20>21     64    00    6    ok
   4.172   52.7ms  21>20     65    00    5    ok
   4.222   50.7ms  21>20     65    00    5    ok
   4.222    0.0ms  21>20     65    00    5    ok
   4.222    0.0ms  21>20     65    00    5    ok
   4.276  104.2ms  21>20     64    00    7    ok
   4.276  104.2ms  20>21     64    00    6    ok
   4.276   53.5ms  21>20     65    00    5    ok
   4.327   50.9ms  21>20     65    00    5    ok
   4.327    0.0ms  21>20     65    00    5    ok
   4.327    0.0ms  21>20     65    00    5    ok
   4.379  103.4ms  21>20     64    00    7    ok
   4.379  103.4ms  20>21     64    00    6    ok
   4.379   52.5ms  21>20     65    00    5    ok
   4.431   51.9ms  21>20     65    00    5    ok
   4.431    0.0ms  21>20     65    00    5    ok
   4.431    0.0ms  21>20     65    00    5    ok
   4.482  102.5ms  21>20     64    00    7    ok
   4.482  102.5ms  20>21     64    00    6    ok
   4.482   50.6ms  21>20     65    00    5    ok
   4.482    0.0ms  21>20     65    00    5    ok
   4.534   52.2ms  21>20     65    00    5    ok
   4.534    0.0ms  21>20     65    00    5    ok
   4.585  103.6ms  21>20     64    00    7    ok
   4.585  103.6ms  20>21     64    00    6    ok
   4.585   51.3ms  21>20     65    00    5    ok
   4.585    0.0ms  21>20     65    00    5    ok
   4.639   53.8ms  21>20     65    00    5    ok
   4.639    0.0ms  21>20     65    00    5    ok
   4.692  106.3ms  21>20     64    00    7    ok
   4.692  106.3ms  20>21     64    00    6    ok
   4.692   52.5ms  21>20     65    00    5    ok
   4.692    0.0ms  21>20     65    00    5    ok
   4.742   50.4ms  21>20     65    00    5    ok
   4.742    0.0ms  21>20     65    00    5    ok
   4.742   50.5ms  21>20     64    00    7    ok
   4.795  103.6ms  20>21     64    00    6    ok
   4.795   53.2ms  21>20     65    00    5    ok
   4.795    0.0ms  21>20     65    00    5    ok
   4.846   50.3ms  21>20     65    00    5    ok
   4.846    0.0ms  21>20     65    00    5    ok
   4.846  103.6ms  21>20     64    00    7    ok
   4.898  103.0ms  20>21     64    00    6    ok
   4.898   52.6ms  21>20     65    00    5    ok
   4.898    0.0ms  21>20     65    00    5    ok
   4.949   50.5ms  21>20     65    00    5    ok
   4.949    0.0ms  21>20     65    00    5    ok
   4.949  103.1ms  21>20     64    00    7    ok
   4.949   50.6ms  20>21     64    00    6    ok
   5.000   51.3ms  21>20     65    00    5    ok
   5.000    0.0ms  21>20     65    00    5    ok
   5.000    0.0ms  21>20     65    00    5    ok
   5.051   50.4ms  21>20     65    00    5    ok
   5.051  101.8ms  21>20     64    00    7    ok
   5.051  101.8ms  20>21     64    00    6    ok
   5.101   50.2ms  21>20     65    00    5    ok
   5.101    0.0ms  21>20     65    00    5    ok
   5.101    0.0ms  21>20     65    00    5    ok
   5.151   50.2ms  21>20     65    00    5    ok
   5.151  100.5ms  21>20     64    00    7    ok
   5.151  100.5ms  20>21     64    00    6    ok
   5.201   50.3ms  21>20     65    00    5    ok
   5.202    0.0ms  21>20     65    00    5    ok
   5.202    0.0ms  21>20     65    00    5    ok
   5.253   51.3ms  21>20     65    00    5    ok
   5.253  101.6ms  21>20     64    00    7    ok
   5.253  101.6ms  20>21     64    00    6    ok
   5.304   50.7ms  21>20     65    00    5    ok
   5.304    0.0ms  21>20     65    00    5    ok
   5.304    0.0ms  21>20     65    00    5    ok
   5.354   50.4ms  21>20     65    00    5    ok
   5.354  101.2ms  21>20     64    00    7    ok
   5.354  101.2ms  20>21     64    00    6    ok
   5.405   51.0ms  21>20     65    00    5    ok
   5.405    0.0ms  21>20     65    00    5    ok
   5.405    0.0ms  21>20     65    00    5    ok
   5.458   52.7ms  21>20     65    00    5    ok
   5.458  103.8ms  21>20     64    00    7    ok
   5.458  103.8ms  20>21     64    00    6    ok
   5.509   51.4ms  21>20     65    00    5    ok
   5.509    0.0ms  21>20     65    00    5    ok
   5.509    0.0ms  21>20     65    00    5    ok
   5.561   51.6ms  21>20     65    00    5    ok
   5.561  103.1ms  21>20     64    00    7    ok
   5.561  103.1ms  20>21     64    00    6    ok
   5.561    0.1ms  21>20     65    00    5    ok
   5.613   52.5ms  21>20     65    00    5    ok
   5.614    0.1ms  21>20     65    00    5    ok
   5.664   50.8ms  21>20     65    00    5    ok
   5.664  103.4ms  21>20     64    00    7    ok
   5.664  103.4ms  20>21     64    00    6    ok
   5.664    0.1ms  21>20     65    00    5    ok
   5.716   52.0ms  21>20     65    00    5    ok
   5.716    0.0ms  21>20     65    00    5    ok
   5.768   51.4ms  21>20     65    00    5    ok
   5.768  103.5ms  21>20     64    00    7    ok
   5.768  103.5ms  20>21     64    00    6    ok
   5.768    0.1ms  21>20     65    00    5    ok
   5.821   53.3ms  21>20     65    00    5    ok
   5.821    0.0ms  21>20     65    00    5    ok
   5.873   51.8ms  21>20     65    00    5    ok
   5.873  105.2ms  21>20     64    00    7    ok
   5.873  105.2ms  20>21     64    00    6    ok
   5.873    0.1ms  21>20     65    00    5    ok
   5.923   50.3ms  21>20     65    00    5    ok
   5.923    0.0ms  21>20     65    00    5    ok
   5.923    0.0ms  21>20     65    00    5    ok
   5.974  101.2ms  20>21     64    00    6    BAD
   6.075    0.0ms  20>00     04    28    5    BAD
   6.126  202.6ms  21>20     65    28    5    BAD
   6.178    0.0ms  65>04     28    64    5    BAD
   6.230  103.9ms  21>20     65    00    5    ok
   6.230    0.0ms  20>65     00    04    5    BAD
   6.282    0.0ms  21>20     00    06    7    BAD
   6.333  103.2ms  20>65     00    04    33   BAD
   6.384  510.5ms  21>20     64    00    7    ok
   6.384  409.3ms  20>21     64    01    6    BAD
   6.384  153.7ms  21>20     65    00    5    ok
   6.487  153.5ms  20>65     00    04    33   BAD
   6.487  103.1ms  20>21     64    00    6    ok
   6.487  103.1ms  21>20     65    00    5    ok
   6.487    0.0ms  21>20     65    00    5    ok
   6.540   52.9ms  21>20     65    00    5    ok
   6.540    0.0ms  21>20     65    00    5    ok
   6.592  208.1ms  21>20     64    00    7    ok
   6.592  105.0ms  20>21     64    00    6    ok
   6.592   52.0ms  21>20     65    00    5    ok
   6.592    0.0ms  21>20     65    00    5    ok
   6.642   50.7ms  21>20     65    00    5    ok
   6.643    0.0ms  21>20     65    00    5    ok
   6.643   50.9ms  21>20     64    00    7    ok
   6.695  103.3ms  20>21     64    00    6    ok
   6.695   52.6ms  21>20     65    00    5    ok
   6.695    0.0ms  21>20     65    00    5    ok
   6.746   50.6ms  21>20     65    00    5    ok
   6.746    0.0ms  21>20     65    00    5    ok
   6.746  103.2ms  21>20     64    00    7    ok
   6.746   50.7ms  20>21     64    00    6    ok
   6.798   52.3ms  21>20     65    00    5    ok
   6.798    0.0ms  21>20     65    00    5    ok
   6.849   51.3ms  21>20     65    00    5    ok
   6.849    0.0ms  21>20     65    00    5    ok
   6.903  157.0ms  21>20     64    06    7    BAD
   6.903  827.4ms  20>00     04    28    5    BAD
   6.954  467.0ms  20>65     00    04    5    BAD
   6.954   51.0ms  21>20     64    06    7    BAD
   7.004   50.4ms  20>65     00    04    5    BAD
   7.055    0.0ms  90>20     65    00    5    BAD
   7.055  101.2ms  21>20     64    06    7    BAD
   7.105  256.0ms  21>20     65    00    5    BAD
   7.157   51.8ms  21>20     65    00    5    BAD
   7.208  462.4ms  20>21     64    01    6    BAD
   7.208   50.9ms  21>20     65    00    5    BAD
   7.259   50.9ms  21>20     65    00    5    ok
   7.259  204.2ms  21>20     64    00    7    ok
   7.310   51.1ms  21>20     65    00    5    ok
   7.310    0.0ms  21>20     65    00    5    ok
   7.310    0.0ms  21>20     65    00    5    ok
   7.361   51.2ms  21>20     65    00    5    ok
   7.361  102.3ms  21>20     64    00    7    ok
   7.361  153.3ms  20>21     64    00    6    ok
   7.414   52.2ms  21>20     65    00    5    ok
   7.414    0.0ms  21>20     65    00    5    ok
   7.414    0.0ms  21>20     65    00    5    ok
   7.464   50.1ms  21>20     65    00    5    ok
   7.464  102.4ms  21>20     64    00    7    ok
   7.464  102.4ms  20>21     64    00    6    ok
   7.464    0.1ms  21>20     65    00    5    ok
   7.516   52.6ms  21>20     65    00    5    ok
   7.516    0.0ms  21>20     65    00    5    ok
   7.567   50.8ms  21>20     65    00    5    ok
   7.567  103.6ms  21>20     64    00    7    ok
   7.567  103.6ms  20>21     64    00    6    ok
   7.567    0.1ms  21>20     65    00    5    ok
   7.621   53.6ms  21>20     65    00    5    ok
   7.621    0.0ms  21>20     65    00    5    ok
   7.672   50.6ms  21>20     65    00    5    ok
   7.672  104.3ms  21>20     64    00    7    ok
   7.672  104.3ms  20>21     64    00    6    ok
   7.672    0.1ms  21>20     65    00    5    ok
   7.724   52.2ms  21>20     65    00    5    ok
   7.724    0.0ms  21>20     65    00    5    ok
   7.724    0.0ms  21>20     65    00    5    ok
   7.774  102.7ms  21>20     64    00    7    ok
   7.774  102.8ms  20>21     64    00    6    ok
   7.774   50.5ms  21>20     65    00    5    ok
   7.825   50.2ms  21>20     65    00    5    ok
   7.825    0.0ms  21>20     65    00    5    ok
   7.825    0.0ms  21>20     65    00    5    ok
   7.875  100.9ms  21>20     64    00    7    ok
   7.875  100.9ms  20>21     64    00    6    ok
   7.875   50.6ms  21>20     65    00    5    ok
   7.926   50.5ms  21>20     65    00    5    ok
   7.926    0.0ms  21>20     65    00    5    ok
   7.926    0.0ms  21>20     65    00    5    ok
   7.977  101.3ms  21>20     64    00    7    ok
   7.977  101.3ms  20>21     64    00    6    ok
   7.977   50.7ms  21>20     65    00    5    ok
   8.027   50.7ms  21>20     65    00    5    ok
   8.027    0.0ms  21>20     65    00    5    ok
   8.027    0.0ms  21>20     65    00    5    ok
   8.080  103.4ms  21>20     64    00    7    ok
   8.080  103.4ms  20>21     64    00    6    ok
   8.080   52.6ms  21>20     65    00    5    ok
   8.131   50.8ms  21>20     65    00    5    ok
   8.131    0.0ms  21>20     65    00    5    ok
   8.131    0.0ms  21>20     65    00    5    ok
   8.181  101.3ms  21>20     64    00    7    ok
   8.181  101.3ms  20>21     64    00    6    ok
   8.181   50.4ms  21>20     65    00    5    ok
   8.233   51.8ms  21>20     65    00    5    ok
   8.233    0.0ms  21>20     65    00    5    ok
   8.233    0.0ms  21>20     65    00    5    ok
   8.284  103.2ms  21>20     64    00    7    ok
   8.285  103.2ms  20>21     64    00    6    ok
   8.285   51.4ms  21>20     65    00    5    ok
   8.285    0.0ms  21>20     65    00    5    ok
   8.335   50.8ms  21>20     65    00    5    ok
   8.335    0.0ms  21>20     65    00    5    ok
   8.386  101.1ms  21>20     64    00    7    ok
   8.386  101.1ms  20>21     64    00    6    ok
   8.386   50.3ms  21>20     65    00    5    ok
   8.386    0.0ms  21>20     65    00    5    ok
   8.438   52.6ms  21>20     65    00    5    ok
   8.438    0.1ms  21>20     65    00    5    ok
   8.489  103.3ms  21>20     64    00    7    ok
   8.489  103.3ms  20>21     64    00    6    ok
   8.489   50.7ms  21>20     65    00    5    ok
   8.489    0.0ms  21>20     65    00    5    ok
   8.542   52.9ms  21>20     65    00    5    ok
   8.542    0.0ms  21>20     65    00    5    ok
   8.593  104.5ms  21>20     64    00    7    ok
   8.594  104.5ms  20>21     64    00    6    ok
   8.594   51.5ms  21>20     65    00    5    ok
   8.594    0.0ms  21>20     65    00    5    ok
   8.645   51.6ms  21>20     65    00    5    ok
   8.645    0.0ms  21>20     65    00    5    ok
   8.645   51.8ms  21>20     64    00    7    ok
   8.698  104.2ms  20>21     64    00    6    ok
   8.698   52.5ms  21>20     65    00    5    ok
   8.698    0.0ms  21>20     65    00    5    ok
   8.748   50.7ms  21>20     65    00    5    ok
   8.748    0.0ms  21>20     65    00    5    ok
   8.748  103.3ms  21>20     64    00    7    ok
   8.802  104.2ms  20>21     64    00    6    ok
   8.802   53.5ms  21>20     65    00    5    ok
   8.802    0.0ms  21>20     65    00    5    ok
   8.854   51.7ms  21>20     65    00    5    ok
   8.854 1849.7ms  20>65     00    04    5    BAD
   8.905  103.5ms  20>21     64    00    6    ok
   8.905   51.7ms  21>20     65    00    5    ok
   8.905    0.0ms  21>20     65    00    5    ok
   8.905    0.0ms  21>20     65    00    5    ok
   8.957   51.5ms  21>20     65    00    5    ok
   8.957  208.4ms  21>20     64    00    7    ok
   8.957   51.6ms  20>21     64    00    6    ok
   9.007   50.2ms  21>20     65    00    5    ok
   9.007    0.0ms  21>20     65    00    5    ok
   9.007    0.0ms  21>20     65    00    5    ok
   9.059   51.7ms  21>20     65    00    5    ok
   9.059  102.0ms  21>20     64    00    7    ok
   9.059  101.9ms  20>21     64    00    6    ok
   9.110   50.9ms  21>20     65    00    5    ok
   9.110    0.1ms  21>20     65    00    5    ok
   9.110    0.0ms  21>20     65    00    5    ok
   9.160   50.3ms  21>20     65    00    5    ok
   9.160  101.3ms  21>20     64    00    7    ok
   9.160  101.3ms  20>21     64    00    6    ok
   9.211   51.3ms  21>20     65    00    5    ok
   9.211    0.1ms  21>20     65    00    5    ok
   9.212    0.0ms  21>20     65    00    5    ok
   9.263   51.8ms  21>20     65    00    5    ok
   9.263  103.3ms  21>20     64    00    7    ok
   9.263  103.3ms  20>21     64    00    6    ok
   9.314   50.8ms  21>20     65    00    5    ok
   9.314    0.0ms  21>20     65    00    5    ok
   9.314    0.0ms  21>20     65    00    5    ok
   9.366   51.8ms  21>20     65    00    5    ok
   9.366  102.6ms  21>20     64    00    7    ok
   9.366  102.6ms  20>21     64    00    6    ok
   9.366    0.1ms  21>20     65    00    5    ok
   9.419   52.6ms  21>20     65    00    5    ok
   9.419    0.0ms  21>20     65    00    5    ok
   9.469   50.7ms  21>20     65    00    5    ok
   9.469  103.4ms  21>20     64    00    7    ok
   9.469  103.4ms  20>21     64    00    6    ok
   9.469    0.1ms  21>20     65    00    5    ok
   9.523   53.2ms  21>20     65    00    5    ok
   9.523    0.1ms  21>20     65    00    5    ok
   9.574   51.7ms  21>20     65    00    5    ok
   9.574  105.0ms  21>20     64    00    7    ok
   9.574  105.0ms  20>21     64    00    6    ok
   9.574    0.1ms  21>20     65    00    5    ok
   9.625   50.4ms  21>20     65    00    5    ok
   9.625    0.1ms  21>20     65    00    5    ok
   9.677   51.8ms  21>20     65    00    5    ok
   9.677  102.3ms  21>20     64    00    7    ok
   9.677  102.3ms  20>21     64    00    6    ok
   9.677    0.1ms  21>20     65    00    5    ok
   9.727   50.1ms  21>20     65    00    5    ok
   9.727    0.1ms  21>20     65    00    5    ok
   9.727    0.0ms  21>20     65    00    5    ok
   9.780  102.9ms  21>20     64    00    7    ok
   9.780  103.0ms  20>21     64    00    6    ok
   9.780   52.8ms  21>20     65    00    5    ok
   9.830   50.3ms  21>20     65    00    5    ok
   9.830    0.1ms  21>20     65    00    5    ok
   9.830    0.0ms  21>20     65    00    5    ok
   9.884  103.9ms  21>20     64    00    7    ok
   9.884  103.9ms  20>21     64    00    6    ok
   9.884   53.5ms  21>20     65    00    5    ok
   9.935   51.7ms  21>20     65    00    5    ok
   9.935    0.0ms  21>20     65    00    5    ok
   9.935    0.0ms  21>20     65    00    5    ok
   9.987  103.6ms  21>20     64    00    7    ok
   9.987  103.6ms  20>21     64    00    6    ok
   9.987   51.8ms  21>20     65    00    5    ok
   9.987    0.0ms  21>20     65    00    5    ok
  10.037   50.1ms  21>20     65    00    5    ok
  10.037    0.0ms  21>20     65    00    5    ok
  10.087  100.4ms  21>20     64    00    7    ok
  10.087  100.4ms  20>21     64    00    6    ok
  10.088   50.2ms  21>20     65    00    5    ok
  10.088    0.0ms  21>20     65    00    5    ok
  10.140   52.7ms  21>20     65    00    5    ok
  10.140    0.0ms  21>20     65    00    5    ok
  10.191  103.5ms  21>20     64    00    7    ok
  10.191  103.5ms  20>21     64    00    6    ok
  10.191   50.7ms  21>20     65    00    5    ok
  10.191    0.0ms  21>20     65    00    5    ok
  10.244   52.8ms  21>20     65    00    5    ok
  10.244    0.0ms  21>20     65    00    5    ok
  10.295  103.7ms  21>20     64    00    7    ok
  10.295  103.8ms  20>21     64    00    6    ok
  10.295   50.9ms  21>20     65    00    5    ok
  10.295    0.0ms  21>20     65    00    5    ok
  10.348   53.1ms  21>20     65    00    5    ok
  10.348    0.0ms  21>20     65    00    5    ok
  10.348   53.3ms  21>20     64    00    7    ok
  10.401  106.0ms  20>21     64    00    6    ok
  10.401   52.8ms  21>20     65    00    5    ok
  10.401    0.0ms  21>20     65    00    5    ok
  10.452   50.8ms  21>20     65    00    5    ok
  10.452    0.0ms  21>20     65    00    5    ok
  10.452  103.6ms  21>20     64    00    7    ok
  10.505  104.4ms  20>21     64    00    6    ok
  10.505   53.5ms  21>20     65    00    5    ok
  10.505    0.0ms  21>20     65    00    5    ok
  10.555   50.2ms  21>20     65    00    5    ok
  10.555    0.0ms  21>20     65    00    5    ok
  10.555  103.8ms  21>20     64    00    7    ok
  10.555   50.3ms  20>21     64    00    6    ok
  10.607   51.2ms  21>20     65    00    5    ok
  10.607    0.0ms  21>20     65    00    5    ok
  10.657   50.2ms  21>20     65    00    5    ok
  10.657    0.1ms  21>20     65    00    5    ok
  10.657  101.5ms  21>20     64    00    7    ok
  10.657  101.5ms  20>21     64    00    6    ok
  10.709   51.9ms  21>20     65    00    5    ok
  10.709    0.0ms  21>20     65    00    5    ok
  10.709    0.0ms  21>20     65    00    5    ok
  10.760   50.7ms  21>20     65    00    5    ok
  10.760  102.7ms  21>20     64    00    7    ok
  10.760  102.7ms  20>21     64    00    6    ok
  10.810   50.4ms  21>20     65    00    5    ok
  10.810    0.0ms  21>20     65    00    5    ok
  10.810    0.0ms  21>20     65    00    5    ok
  10.861   50.7ms  21>20     65    00    5    ok
  10.861  101.2ms  21>20     64    00    7    ok
  10.861  101.2ms  20>21     64    00    6    ok
  10.911   50.7ms  21>20     65    00    5    ok
  10.911    0.1ms  21>20     65    00    5    ok
  10.911    0.0ms  21>20     65    00    5    ok
  10.963   51.2ms  21>20     65    00    5    ok
  10.963  101.9ms  21>20     64    00    7    ok
  10.963  101.9ms  20>21     64    00    6    ok
  11.013   50.9ms  21>20     65    00    5    ok
  11.014    0.0ms  21>20     65    00    5    ok
  11.014    0.0ms  21>20     65    00    5    ok
  11.065   51.7ms  21>20     65    00    5    ok
  11.065  102.6ms  21>20     64    00    7    ok
  11.065  102.6ms  20>21     64    00    6    ok
  11.117   51.8ms  21>20     65    00    5    ok
  11.117    0.0ms  21>20     65    00    5    ok
  11.117    0.0ms  21>20     65    00    5    ok
  11.167   50.3ms  21>20     65    00    5    ok
  11.167  102.1ms  21>20     64    00    7    ok
  11.167  102.1ms  20>21     64    00    6    ok
  11.220   52.2ms  21>20     65    00    5    ok
  11.220    0.1ms  21>20     65    00    5    ok
  11.220    0.0ms  21>20     65    00    5    ok
  11.270   50.1ms  21>20     65    00    5    ok
  11.270  102.4ms  21>20     64    00    7    ok
  11.270  102.4ms  20>21     64    00    6    ok
  11.270    0.1ms  21>20     65    00    5    ok
  11.322   52.3ms  21>20     65    00    5    ok
  11.322    0.0ms  21>20     65    00    5    ok
  11.372   50.1ms  21>20     65    00    5    ok
  11.372  102.6ms  21>20     64    00    7    ok
  11.372  102.6ms  20>21     64    00    6    ok
  11.372    0.1ms  21>20     65    00    5    ok
  11.426   53.3ms  21>20     65    00    5    ok
  11.426    0.0ms  21>20     65    00    5    ok
  11.476   50.5ms  21>20     65    00    5    ok
  11.476  103.9ms  21>20     64    00    7    ok
  11.476  103.9ms  20>21     64    00    6    ok
  11.476    0.1ms  21>20     65    00    5    ok
  11.529   53.1ms  21>20     65    00    5    ok
  11.529    0.0ms  21>20     65    00    5    ok
  11.580   50.3ms  21>20     65    00    5    ok
  11.580  103.5ms  21>20     64    00    7    ok
  11.580  103.5ms  20>21     64    00    6    ok
  11.580    0.1ms  21>20     65    00    5    ok
  11.630   50.2ms  21>20     65    00    5    ok
  11.630    0.1ms  21>20     65    00    5    ok
  11.630    0.0ms  21>20     65    00    5    ok
  11.683  102.9ms  21>20     64    00    7    ok
  11.683  102.9ms  20>21     64    00    6    ok
  11.683   52.6ms  21>20     65    00    5    ok
  11.733   50.3ms  21>20     65    00    5    ok
  11.733    0.1ms  21>20     65    00    5    ok
  11.733    0.0ms  21>20     65    00    5    ok
  11.783  100.6ms  21>20     64    00    7    ok
  11.783  100.6ms  20>21     64    00    6    ok
  11.783   50.3ms  21>20     65    00    5    ok
  11.834   50.3ms  21>20     65    00    5    ok
  11.834    0.1ms  21>20     65    00    5    ok
  11.834    0.0ms  21>20     65    00    5    ok
  11.887  103.8ms  21>20     64    00    7    ok
  11.887  103.8ms  20>21     64    00    6    ok
  11.887   53.4ms  21>20     65    00    5    ok
  11.938   51.3ms  21>20     65    00    5    ok
  11.938    0.0ms  21>20     65    00    5    ok
  11.938    0.0ms  21>20     65    00    5    ok
  11.989  101.7ms  21>20     64    00    7    ok
  11.989  101.7ms  20>21     64    00    6    ok
  11.989   50.3ms  21>20     65    00    5    ok
  12.040   51.3ms  21>20     65    00    5    ok
  12.040    0.0ms  21>20     65    00    5    ok
  12.040    0.0ms  21>20     65    00    5    ok
  12.091  102.0ms  21>20     64    00    7    ok
  12.091  102.0ms  20>21     64    00    6    ok
  12.091   50.6ms  21>20     65    00    5    ok
  12.091    0.0ms  21>20     65    00    5    ok
  12.143   52.1ms  21>20     65    00    5    ok
  12.143    0.0ms  21>20     65    00    5    ok
  12.193  102.9ms  21>20     64    00    7    ok
  12.193  102.9ms  20>21     64    00    6    ok
  12.194   50.7ms  21>20     65    00    5    ok
  12.194    0.0ms  21>20     65    00    5    ok
  12.246   52.5ms  21>20     65    00    5    ok
  12.246    0.0ms  21>20     65    00    5    ok
  12.297  103.7ms  21>20     64    00    7    ok
  12.297  103.7ms  20>21     64    00    6    ok
  12.297   51.1ms  21>20     65    00    5    ok
  12.297    0.0ms  21>20     65    00    5    ok
  12.348   51.2ms  21>20     65    00    5    ok
  12.348    0.0ms  21>20     65    00    5    ok
  12.400  103.3ms  21>20     64    00    7    ok
  12.401  103.4ms  20>21     64    00    6    ok
  12.401   52.1ms  21>20     65    00    5    ok
  12.401    0.0ms  21>20     65    00    5    ok
  12.451   50.7ms  21>20     65    00    5    ok
  12.451    0.0ms  21>20     65    00    5    ok
  12.451   50.9ms  21>20     64    00    7    ok
  12.504  103.5ms  20>21     64    00    6    ok
  12.504   52.7ms  21>20     65    00    5    ok
  12.504    0.0ms  21>20     65    00    5    ok
  12.554   50.4ms  21>20     65    00    5    ok
  12.555    0.1ms  21>20     65    00    5    ok
  12.555  103.2ms  21>20     64    00    7    ok
  12.608  103.8ms  20>21     64    00    6    ok
  12.608   53.3ms  21>20     65    00    5    ok
  12.608    0.0ms  21>20     65    00    5    ok
  12.658   50.6ms  21>20     65    00    5    ok
  12.658    0.0ms  21>20     65    00    5    ok
  12.659  104.0ms  21>20     64    00    7    ok
  12.659   50.7ms  20>21     64    00    6    ok
  12.712   53.0ms  21>20     65    00    5    ok
  12.712    0.0ms  21>20     65    00    5    ok
  12.712    0.0ms  21>20     65    00    5    ok
  12.762   50.4ms  21>20     65    00    5    ok
  12.762  103.5ms  21>20     64    00    7    ok
  12.762  103.5ms  20>21     64    00    6    ok
  12.812   50.2ms  21>20     65    00    5    ok
  12.812    0.1ms  21>20     65    00    5    ok
  12.812    0.0ms  21>20     65    00    5    ok
  12.863   50.9ms  21>20     65    00    5    ok
  12.863  101.3ms  21>20     64    00    7    ok
  12.863  101.3ms  20>21     64    00    6    ok
  12.914   50.5ms  21>20     65    00    5    ok
  12.914    0.0ms  21>20     65    00    5    ok
  12.914    0.0ms  21>20     65    00    5    ok
  12.965   51.6ms  21>20     65    00    5    ok
  12.965  102.2ms  21>20     64    00    7    ok
  12.965  102.2ms  20>21     64    00    6    ok
  13.016   51.0ms  21>20     65    00    5    ok
  13.016    0.1ms  21>20     65    00    5    ok
  13.017    0.0ms  21>20     65    00    5    ok
  13.069   52.3ms  21>20     65    00    5    ok
  13.069  103.4ms  21>20     64    00    7    ok
  13.069  103.4ms  20>21     64    00    6    ok
  13.121   51.8ms  21>20     65    00    5    ok
  13.121    0.0ms  21>20     65    00    5    ok
  13.121    0.0ms  21>20     65    00    5    ok
  13.172   51.5ms  21>20     65    00    5    ok
  13.172  103.5ms  21>20     64    00    7    ok
  13.172  103.5ms  20>21     64    00    6    ok
  13.172    0.1ms  21>20     65    00    5    ok
  13.225   52.6ms  21>20     65    00    5    ok
  13.225    0.0ms  21>20     65    00    5    ok
  13.276   50.6ms  21>20     65    00    5    ok
  13.276  103.3ms  21>20     64    00    7    ok
  13.276  103.4ms  20>21     64    00    6    ok
  13.276    0.2ms  21>20     65    00    5    ok
  13.328   52.4ms  21>20     65    00    5    ok
  13.328    0.0ms  21>20     65    00    5    ok
  13.380   51.4ms  21>20     65    00    5    ok
  13.380  104.0ms  21>20     64    00    7    ok
  13.380  103.9ms  20>21     64    00    6    ok
  13.380    0.1ms  21>20     65    00    5    ok
  13.432   52.4ms  21>20     65    00    5    ok
  13.432    0.0ms  21>20     65    00    5    ok
  13.484   52.4ms  21>20     65    00    5    ok
  13.484  104.9ms  21>20     64    00    7    ok
  13.484  104.9ms  20>21     64    00    6    ok
  13.485    0.1ms  21>20     65    00    5    ok
  13.535   50.4ms  21>20     65    00    5    ok
  13.535    0.1ms  21>20     65    00    5    ok
  13.535    0.0ms  21>20     65    00    5    ok
  13.587  102.8ms  21>20     64    00    7    ok
  13.587  102.8ms  20>21     64    00    6    ok
  13.587   52.3ms  21>20     65    00    5    ok
  13.638   51.0ms  21>20     65    00    5    ok
  13.638    0.0ms  21>20     65    00    5    ok
  13.638    0.0ms  21>20     65    00    5    ok
  13.692  105.0ms  21>20     64    00    7    ok
  13.692  105.0ms  20>21     64    00    6    ok
  13.692   54.0ms  21>20     65    00    5    ok
  13.744   51.6ms  21>20     65    00    5    ok
  13.744    0.0ms  21>20     65    00    5    ok
  13.744    0.0ms  21>20     65    00    5    ok
  13.794  101.9ms  21>20     64    00    7    ok
  13.794  101.9ms  20>21     64    00    6    ok
  13.794   50.3ms  21>20     65    00    5    ok
  13.794    0.0ms  21>20     65    00    5    ok
  13.845   50.8ms  21>20     65    00    5    ok
  13.845    0.0ms  21>20     65    00    5    ok
  13.896  101.4ms  21>20     64    00    7    ok
  13.896  101.4ms  20>21     64    00    6    ok
  13.896   50.5ms  21>20     65    00    5    ok
  13.896    0.0ms  21>20     65    00    5    ok
  13.947   51.5ms  21>20     65    00    5    ok
  13.947    0.1ms  21>20     65    00    5    ok
  13.998  102.6ms  21>20     64    00    7    ok
  13.998  102.6ms  20>21     64    00    6    ok
  13.998   51.0ms  21>20     65    00    5    ok
  13.998    0.0ms  21>20     65    00    5    ok
  14.051   52.3ms  21>20     65    00    5    ok
  14.051    0.1ms  21>20     65    00    5    ok
  14.102  104.2ms  21>20     64    00    7    ok
  14.102  104.2ms  20>21     64    00    6    ok
  14.102   51.8ms  21>20     65    00    5    ok
  14.102    0.0ms  21>20     65    00    5    ok
  14.154   51.8ms  21>20     65    00    5    ok
  14.154    0.0ms  21>20     65    00    5    ok
  14.154   51.9ms  21>20     64    00    7    ok
  14.209  106.6ms  20>21     64    00    6    ok
  14.261  106.7ms  21>20     65    00    5    ok
  14.261    0.0ms  21>20     65    00    5    ok
  14.261    0.0ms  21>20     65    00    5    ok
  14.261    0.0ms  21>20     65    00    5    ok
  14.312  157.6ms  21>20     64    00    7    ok
  14.312  103.0ms  20>21     64    00    6    ok
  14.312   50.9ms  21>20     65    00    5    ok
  14.362   50.3ms  21>20     65    00    5    ok
  14.362    0.0ms  21>20     65    00    5    ok
  14.362    0.0ms  21>20     65    00    5    ok
  14.415  102.9ms  21>20     64    00    7    ok
  14.415  102.9ms  20>21     64    00    6    ok
  14.415   52.6ms  21>20     65    00    5    ok
  14.465   50.3ms  21>20     65    00    5    ok
  14.465    0.0ms  21>20     65    00    5    ok
  14.465    0.0ms  21>20     65    00    5    ok
  14.518  103.6ms  21>20     64    00    7    ok
  14.518  103.6ms  20>21     64    00    6    ok
  14.518   53.3ms  21>20     65    00    5    ok
  14.569   51.0ms  21>20     65    00    5    ok
  14.569    0.0ms  21>20     65    00    5    ok
  14.569    0.0ms  21>20     65    00    5    ok
  14.622  103.2ms  21>20     64    00    7    ok
  14.622  103.3ms  20>21     64    00    6    ok
  14.622   52.2ms  21>20     65    00    5    ok
  14.622    0.0ms  21>20     65    00    5    ok
  14.674   52.6ms  21>20     65    00    5    ok
  14.674    0.1ms  21>20     65    00    5    ok
  14.725  103.6ms  21>20     64    00    7    ok
  14.725  103.6ms  20>21     64    00    6    ok
  14.725   50.9ms  21>20     65    00    5    ok
  14.725    0.0ms  21>20     65    00    5    ok
  14.776   51.1ms  21>20     65    00    5    ok
  14.776    0.0ms  21>20     65    00    5    ok
  14.828  102.4ms  21>20     64    00    7    ok
  14.828  102.4ms  20>21     64    00    6    ok
  14.828   51.3ms  21>20     65    00    5    ok
  14.828    0.0ms  21>20     65    00    5    ok
  14.879   51.3ms  21>20     65    00    5    ok
  14.879    0.1ms  21>20     65    00    5    ok
  14.930  102.4ms  21>20     64    00    7    ok
  14.930  102.4ms  20>21     64    00    6    ok
  14.930   51.1ms  21>20     65    00    5    ok
  14.930    0.0ms  21>20     65    00    5    ok
  14.982   52.2ms  21>20     65    00    5    ok
  14.982    0.0ms  21>20     65    00    5    ok
  14.982   52.3ms  21>20     64    00    7    ok
  15.035  104.7ms  20>21     64    00    6    ok
  15.035   52.5ms  21>20     65    00    5    ok
  15.035    0.0ms  21>20     65    00    5    ok
  15.086   50.7ms  21>20     65    00    5    ok
  15.086    0.1ms  21>20     65    00    5    ok
  15.086  103.2ms  21>20     64    00    7    ok
  15.138  103.5ms  20>21     64    00    6    ok
  15.138   52.8ms  21>20     65    00    5    ok
  15.138    0.0ms  21>20     65    00    5    ok
  15.189   50.3ms  21>20     65    00    5    ok
  15.189    0.0ms  21>20     65    00    5    ok
  15.189  103.1ms  21>20     64    00    7    ok
  15.189   50.4ms  20>21     64    00    6    ok
  15.242   53.7ms  21>20     65    00    5    ok
  15.242    0.0ms  21>20     65    00    5    ok
  15.242    0.0ms  21>20     65    00    5    ok
  15.293   51.0ms  21>20     65    00    5    ok
  15.294  104.8ms  21>20     64    00    7    ok
  15.294  104.8ms  20>21     64    00    6    ok
  15.344   50.4ms  21>20     65    00    5    ok
  15.344    0.0ms  21>20     65    00    5    ok
  15.344    0.0ms  21>20     65    00    5    ok
  15.396   52.0ms  21>20     65    00    5    ok
  15.396  102.5ms  21>20     64    00    7    ok
  15.396  102.5ms  20>21     64    00    6    ok
  15.447   50.7ms  21>20     65    00    5    ok
  15.447    0.0ms  21>20     65    00    5    ok
  15.447    0.0ms  21>20     65    00    5    ok
  15.499   52.3ms  21>20     65    00    5    ok
  15.499  103.0ms  21>20     64    00    7    ok
  15.499  103.1ms  20>21     64    00    6    ok
  15.549   50.2ms  21>20     65    00    5    ok
  15.549    0.0ms  21>20     65    00    5    ok
  15.549    0.0ms  21>20     65    00    5    ok
  15.602   52.6ms  21>20     65    00    5    ok
  15.602  102.8ms  21>20     64    00    7    ok
  15.602  102.8ms  20>21     64    00    6    ok
  15.652   50.5ms  21>20     65    00    5    ok
  15.652    0.0ms  21>20     65    00    5    ok
  15.652    0.0ms  21>20     65    00    5    ok
  15.703   50.9ms  21>20     65    00    5    ok
  15.703  101.5ms  21>20     64    00    7    ok
  15.703  101.5ms  20>21     64    00    6    ok
  15.703    0.1ms  21>20     65    00    5    ok
  15.756   52.6ms  21>20     65    00    5    ok
  15.756    0.0ms  21>20     65    00    5    ok
  15.807   50.7ms  21>20     65    00    5    ok
  15.807  103.4ms  21>20     64    00    7    ok
  15.807  103.4ms  20>21     64    00    6    ok
  15.807    0.1ms  21>20     65    00    5    ok
  15.870   63.4ms  21>20     65    00    5    ok
  15.870    0.0ms  21>20     65    00    5    ok
  15.924   53.4ms  21>20     65    00    5    ok
  15.924  116.9ms  21>20     64    00    7    ok
  15.924  116.9ms  20>21     64    00    6    ok
  15.924    0.1ms  21>20     65    00    5    ok
  15.924    0.0ms  21>20     65    00    5    ok
  15.976   51.9ms  21>20     65    00    5    ok
  15.976    0.1ms  21>20     65    00    5    ok
  16.026  102.6ms  21>20     64    00    7    ok
  16.026  102.6ms  20>21     64    00    6    ok
  16.026   50.6ms  21>20     65    00    5    ok
  16.026    0.0ms  21>20     65    00    5    ok
  16.077   50.9ms  21>20     65    00    5    ok
  16.077    0.0ms  21>20     65    00    5    ok
  16.127  101.1ms  21>20     64    00    7    ok
  16.127  101.1ms  20>21     64    00    6    ok
  16.127   50.2ms  21>20     65    00    5    ok
  16.127    0.0ms  21>20     65    00    5    ok
  16.178   50.3ms  21>20     65    00    5    ok
  16.178    0.0ms  21>20     65    00    5    ok
  16.229  101.5ms  21>20     64    00    7    ok
  16.229  101.5ms  20>21     64    00    6    ok
  16.229   51.1ms  21>20     65    00    5    ok
  16.229    0.0ms  21>20     65    00    5    ok
  16.280   50.5ms  21>20     65    00    5    ok
  16.280    0.0ms  21>20     65    00    5    ok
  16.331  102.0ms  21>20     64    00    7    ok
  16.331  102.0ms  20>21     64    00    6    ok
  16.331   51.4ms  21>20     65    00    5    ok
  16.331    0.0ms  21>20     65    00    5    ok
  16.383   52.3ms  21>20     65    00    5    ok
  16.383    0.0ms  21>20     65    00    5    ok
  16.436  104.7ms  21>20     64    00    7    ok
  16.436  104.7ms  20>21     64    00    6    ok
  16.436   52.4ms  21>20     65    00    5    ok
  16.436    0.0ms  21>20     65    00    5    ok
  16.486   50.2ms  21>20     65    00    5    ok
  16.486    0.0ms  21>20     65    00    5    ok
  16.486   50.3ms  21>20     64    00    7    ok
  16.538  102.2ms  20>21     64    00    6    ok
  16.538   52.0ms  21>20     65    00    5    ok
  16.538    0.0ms  21>20     65    00    5    ok
  16.589   50.9ms  21>20     65    00    5    ok
  16.589    0.0ms  21>20     65    00    5    ok
  16.589  103.0ms  21>20     64    00    7    ok
  16.642  103.7ms  20>21     64    00    6    ok
  16.642   52.8ms  21>20     65    00    5    ok
  16.642    0.0ms  21>20     65    00    5    ok
  16.692   50.1ms  21>20     65    00    5    ok
  16.692    0.0ms  21>20     65    00    5    ok
  16.692  102.9ms  21>20     64    00    7    ok
  16.692   50.2ms  20>21     64    00    6    ok
  16.744   52.2ms  21>20     65    00    5    ok
  16.744    0.0ms  21>20     65    00    5    ok
  16.794   50.5ms  21>20     65    00    5    ok
  16.794    0.0ms  21>20     65    00    5    ok
  16.794  102.7ms  21>20     64    00    7    ok
  16.794  102.7ms  20>21     64    00    6    ok
  16.845   50.4ms  21>20     65    00    5    ok
  16.845    0.0ms  21>20     65    00    5    ok
  16.845    0.0ms  21>20     65    00    5    ok
  16.896   50.7ms  21>20     65    00    5    ok
  16.896  101.2ms  21>20     64    00    7    ok
  16.896  101.2ms  20>21     64    00    6    ok
  16.946   50.3ms  21>20     65    00    5    ok
  16.946    0.0ms  21>20     65    00    5    ok
  16.946    0.0ms  21>20     65    00    5    ok
  16.998   51.7ms  21>20     65    00    5    ok
  16.998  102.0ms  21>20     64    00    7    ok
  16.998  102.1ms  20>21     64    00    6    ok
  17.049   50.8ms  21>20     65    00    5    ok
  17.049    0.0ms  21>20     65    00    5    ok
  17.049    0.0ms  21>20     65    00    5    ok
  17.100   51.3ms  21>20     65    00    5    ok
  17.100  102.1ms  21>20     64    00    7    ok
  17.100  102.1ms  20>21     64    00    6    ok
  17.151   51.3ms  21>20     65    00    5    ok
  17.151    0.0ms  21>20     65    00    5    ok
  17.151    0.0ms  21>20     65    00    5    ok
  17.202   50.7ms  21>20     65    00    5    ok
  17.202  102.1ms  21>20     64    00    7    ok
  17.202  102.1ms  20>21     64    00    6    ok
  17.254   51.7ms  21>20     65    00    5    ok
  17.254    0.1ms  21>20     65    00    5    ok
  17.254    0.0ms  21>20     65    00    5    ok
  17.305   51.5ms  21>20     65    00    5    ok
  17.305  103.4ms  21>20     64    00    7    ok
  17.305  103.4ms  20>21     64    00    6    ok
  17.358   52.4ms  21>20     65    00    5    ok
  17.358    0.0ms  21>20     65    00    5    ok
  17.358    0.0ms  21>20     65    00    5    ok
  17.408   50.6ms  21>20     65    00    5    ok
  17.408  103.0ms  21>20     64    00    7    ok
  17.408  103.0ms  20>21     64    00    6    ok
  17.408    0.1ms  21>20     65    00    5    ok
  17.460   51.8ms  21>20     65    00    5    ok
  17.460    0.0ms  21>20     65    00    5    ok
  17.511   50.6ms  21>20     65    00    5    ok
  17.511  102.4ms  21>20     64    00    7    ok
  17.511  102.4ms  20>21     64    00    6    ok
  17.511    0.1ms  21>20     65    00    5    ok
  17.562   51.3ms  21>20     65    00    5    ok
  17.562    0.0ms  21>20     65    00    5    ok
  17.614   51.6ms  21>20     65    00    5    ok
  17.614  103.1ms  21>20     64    00    7    ok
  17.614  103.1ms  20>21     64    00    6    ok
  17.614    0.1ms  21>20     65    00    5    ok
  17.666   52.2ms  21>20     65    00    5    ok
  17.666    0.0ms  21>20     65    00    5    ok
  17.666    0.0ms  21>20     65    00    5    ok
  17.718  104.6ms  21>20     64    00    7    ok
  17.718  104.6ms  20>21     64    00    6    ok
  17.718   52.3ms  21>20     65    00    5    ok
  17.769   50.7ms  21>20     65    00    5    ok
  17.769    0.0ms  21>20     65    00    5    ok
  17.769    0.0ms  21>20     65    00    5    ok
  17.822  103.8ms  21>20     64    00    7    ok
  17.822  103.8ms  20>21     64    00    6    ok
  17.822   53.1ms  21>20     65    00    5    ok
  17.874   51.5ms  21>20     65    00    5    ok
  17.874    0.0ms  21>20     65    00    5    ok
  17.874    0.0ms  21>20     65    00    5    ok
  17.926  104.0ms  21>20     64    00    7    ok
  17.926  104.0ms  20>21     64    00    6    ok
  17.926   52.5ms  21>20     65    00    5    ok
  17.979   52.6ms  21>20     65    00    5    ok
  17.979    0.0ms  21>20     65    00    5    ok
  17.979    0.0ms  21>20     65    00    5    ok
  18.030  103.3ms  21>20     64    00    7    ok
  18.030  103.3ms  20>21     64    00    6    ok
  18.030   50.7ms  21>20     65    00    5    ok
  18.030    0.0ms  21>20     65    00    5    ok
  18.082   52.7ms  21>20     65    00    5    ok
  18.082    0.0ms  21>20     65    00    5    ok
  18.133  103.7ms  21>20     64    00    7    ok
  18.133  103.7ms  20>21     64    00    6    ok
  18.133   51.0ms  21>20     65    00    5    ok
  18.133    0.0ms  21>20     65    00    5    ok
  18.187   53.8ms  21>20     65    00    5    ok
  18.187    0.1ms  21>20     65    00    5    ok
  18.187   54.0ms  21>20     64    00    7    ok
  18.240  106.7ms  20>21     64    00    6    ok
  18.240   52.8ms  21>20     65    00    5    ok
  18.240    0.0ms  21>20     65    00    5    ok
  18.291   50.8ms  21>20     65    00    5    ok
  18.291    0.0ms  21>20     65    00    5    ok
  18.291  103.7ms  21>20     64    00    7    ok
  18.343  103.3ms  20>21     64    00    6    ok
  18.343   52.4ms  21>20     65    00    5    ok
  18.343    0.0ms  21>20     65    00    5    ok
  18.395   51.6ms  21>20     65    00    5    ok
  18.395    0.0ms  21>20     65    00    5    ok
  18.395  104.1ms  21>20     64    00    7    ok
  18.447  103.7ms  20>21     64    00    6    ok
  18.447   52.0ms  21>20     65    00    5    ok
  18.447    0.1ms  21>20     65    00    5    ok
  18.499   51.5ms  21>20     65    00    5    ok
  18.499    0.1ms  21>20     65    00    5    ok
  18.499  103.6ms  21>20     64    00    7    ok
  18.499   51.7ms  20>21     64    00    6    ok
  18.549   50.5ms  21>20     65    00    5    ok
  18.549    0.1ms  21>20     65    00    5    ok
  18.549    0.0ms  21>20     65    00    5    ok
  18.600   50.5ms  21>20     65    00    5    ok
  18.600  101.1ms  21>20     64    00    7    ok
  18.600  101.1ms  20>21     64    00    6    ok
  18.651   50.8ms  21>20     65    00    5    ok
  18.651    0.1ms  21>20     65    00    5    ok
  18.651    0.0ms  21>20     65    00    5    ok
  18.701   50.3ms  21>20     65    00    5    ok
  18.701  101.2ms  21>20     64    00    7    ok
  18.701  101.2ms  20>21     64    00    6    ok
  18.752   50.8ms  21>20     65    00    5    ok
  18.752    0.0ms  21>20     65    00    5    ok
  18.752    0.0ms  21>20     65    00    5    ok
  18.804   52.1ms  21>20     65    00    5    ok
  18.804  102.9ms  21>20     64    00    7    ok
  18.804  102.9ms  20>21     64    00    6    ok
  18.854   50.5ms  21>20     65    00    5    ok
  18.854    0.0ms  21>20     65    00    5    ok
  18.854    0.0ms  21>20     65    00    5    ok
  18.905   50.5ms  21>20     65    00    5    ok
  18.905  101.0ms  21>20     64    00    7    ok
  18.905  101.0ms  20>21     64    00    6    ok
  18.956   51.3ms  21>20     65    00    5    ok
  18.956    0.0ms  21>20     65    00    5    ok
  18.956    0.0ms  21>20     65    00    5    ok
  19.008   51.9ms  21>20     65    00    5    ok
  19.008  103.3ms  21>20     64    00    7    ok
  19.008  103.3ms  20>21     64    00    6    ok
  19.008    0.1ms  21>20     65    00    5    ok
  19.061   52.3ms  21>20     65    00    5    ok
  19.061    0.0ms  21>20     65    00    5    ok
  19.111   50.7ms  21>20     65    00    5    ok
  19.111  103.1ms  21>20     64    00    7    ok
  19.111  103.1ms  20>21     64    00    6    ok
  19.111    0.1ms  21>20     65    00    5    ok
  19.165   53.2ms  21>20     65    00    5    ok
  19.165    0.1ms  21>20     65    00    5    ok
  19.216   51.0ms  21>20     65    00    5    ok
  19.216  104.3ms  21>20     64    00    7    ok
  19.216  104.3ms  20>21     64    00    6    ok
  19.216    0.1ms  21>20     65    00    5    ok
  19.268   51.9ms  21>20     65    00    5    ok
  19.268    0.1ms  21>20     65    00    5    ok
  19.320   52.4ms  21>20     65    00    5    ok
  19.320  104.4ms  21>20     64    00    7    ok
  19.320  104.4ms  20>21     64    00    6    ok
  19.320    0.1ms  21>20     65    00    5    ok
  19.370   50.3ms  21>20     65    00    5    ok
  19.370    0.0ms  21>20     65    00    5    ok
  19.370    0.0ms  21>20     65    00    5    ok
  19.421  100.8ms  21>20     64    00    7    ok
  19.421  100.8ms  20>21     64    00    6    ok
  19.421   50.5ms  21>20     65    00    5    ok
  19.472   50.6ms  21>20     65    00    5    ok
  19.472    0.0ms  21>20     65    00    5    ok
  19.472    0.0ms  21>20     65    00    5    ok
  19.523  102.6ms  21>20     64    00    7    ok
  19.523  102.6ms  20>21     64    00    6    ok
  19.523   51.9ms  21>20     65    00    5    ok
  19.574   50.7ms  21>20     65    00    5    ok
  19.574    0.0ms  21>20     65    00    5    ok
  19.574    0.0ms  21>20     65    00    5    ok
  19.628  104.7ms  21>20     64    00    7    ok
  19.628  104.7ms  20>21     64    00    6    ok
  19.628   54.0ms  21>20     65    00    5    ok
  19.679   51.2ms  21>20     65    00    5    ok
  19.679    0.1ms  21>20     65    00    5    ok
  19.680    0.0ms  21>20     65    00    5    ok
  19.730  101.5ms  21>20     64    00    7    ok
  19.730  101.5ms  20>21     64    00    6    ok
  19.730   50.2ms  21>20     65    00    5    ok
  19.730    0.0ms  21>20     65    00    5    ok
  19.782   52.7ms  21>20     65    00    5    ok
  19.782    0.1ms  21>20     65    00    5    ok
  19.833  103.7ms  21>20     64    00    7    ok
  19.833  103.7ms  20>21     64    00    6    ok
  19.833   50.9ms  21>20     65    00    5    ok
  19.833    0.0ms  21>20     65    00    5    ok
  19.883   50.1ms  21>20     65    00    5    ok
  19.884    0.0ms  21>20     65    00    5    ok
  19.935  101.3ms  21>20     64    00    7    ok
  19.935  101.3ms  20>21     64    00    6    ok
  19.935   51.1ms  21>20     65    00    5    ok
  19.935    0.0ms  21>20     65    00    5    ok
  19.988   53.1ms  21>20     65    00    5    ok
  19.988    0.0ms  21>20     65    00    5    ok
  20.039  104.8ms  21>20     64    00    7    ok
  20.039  104.8ms  20>21     64    00    6    ok
  20.039   51.7ms  21>20     65    00    5    ok
  20.039    0.0ms  21>20     65    00    5    ok
  20.090   50.6ms  21>20     65    00    5    ok
  20.090    0.0ms  21>20     65    00    5    ok
  20.090   50.7ms  21>20     64    00    7    ok
  20.142  102.8ms  20>21     64    00    6    ok
  20.142   52.2ms  21>20     65    00    5    ok
  20.142    0.0ms  21>20     65    00    5    ok
  20.192   50.1ms  21>20     65    00    5    ok
  20.192    0.0ms  21>20     65    00    5    ok
  20.192  102.3ms  21>20     64    00    7    ok
  20.245  102.7ms  20>21     64    00    6    ok
  20.245   52.5ms  21>20     65    00    5    ok
  20.245    0.0ms  21>20     65    00    5    ok
  20.296   51.2ms  21>20     65    00    5    ok
  20.296    0.0ms  21>20     65    00    5    ok
  20.296  103.7ms  21>20     64    00    7    ok
  20.347  101.8ms  20>21     64    00    6    ok
  20.347   50.6ms  21>20     65    00    5    ok
  20.347    0.0ms  21>20     65    00    5    ok
  20.397   50.5ms  21>20     65    00    5    ok
  20.397    0.0ms  21>20     65    00    5    ok
  20.397  101.2ms  21>20     64    00    7    ok
  20.397   50.6ms  20>21     64    00    6    ok
  20.450   52.5ms  21>20     65    00    5    ok
  20.450    0.0ms  21>20     65    00    5    ok
  20.501   51.3ms  21>20     65    00    5    ok
  20.501    0.1ms  21>20     65    00    5    ok
  20.501  103.9ms  21>20     64    00    7    ok
  20.501  103.9ms  20>21     64    00    6    ok
  20.552   50.3ms  21>20     65    00    5    ok
  20.552    0.0ms  21>20     65    00    5    ok
  20.552    0.0ms  21>20     65    00    5    ok
  20.602   50.5ms  21>20     65    00    5    ok
  20.602  100.9ms  21>20     64    00    7    ok
  20.602  100.9ms  20>21     64    00    6    ok
  20.653   50.5ms  21>20     65    00    5    ok
  20.653    0.1ms  21>20     65    00    5    ok
  20.653    0.0ms  21>20     65    00    5    ok
  20.703   50.4ms  21>20     65    00    5    ok
  20.703  101.0ms  21>20     64    00    7    ok
  20.703  101.0ms  20>21     64    00    6    ok
  20.754   50.7ms  21>20     65    00    5    ok
  20.754    0.0ms  21>20     65    00    5    ok
  20.754    0.0ms  21>20     65    00    5    ok
  20.804   50.6ms  21>20     65    00    5    ok
  20.804  101.3ms  21>20     64    00    7    ok
  20.804  101.3ms  20>21     64    00    6    ok
  20.855   51.0ms  21>20     65    00    5    ok
  20.855    0.0ms  21>20     65    00    5    ok
  20.855    0.0ms  21>20     65    00    5    ok
  20.907   51.8ms  21>20     65    00    5    ok
  20.907  102.9ms  21>20     64    00    7    ok
  20.907  102.9ms  20>21     64    00    6    ok
  20.959   51.7ms  21>20     65    00    5    ok
  20.959    0.0ms  21>20     65    00    5    ok
  20.959    0.0ms  21>20     65    00    5    ok
  21.011   52.4ms  21>20     65    00    5    ok
  21.011  104.1ms  21>20     64    00    7    ok
  21.011  104.1ms  20>21     64    00    6    ok
  21.011    0.0ms  21>20     65    00    5    ok
  21.064   52.2ms  21>20     65    00    5    ok
  21.064    0.0ms  21>20     65    00    5    ok
  21.114   50.1ms  21>20     65    00    5    ok
  21.114  102.4ms  21>20     64    00    7    ok
  21.114  102.4ms  20>21     64    00    6    ok
  21.114    0.0ms  21>20     65    00    5    ok
  21.166   52.2ms  21>20     65    00    5    ok
  21.166    0.0ms  21>20     65    00    5    ok
  21.217   51.2ms  21>20     65    00    5    ok
  21.217  103.6ms  21>20     64    00    7    ok
  21.217  103.6ms  20>21     64    00    6    ok
  21.217    0.1ms  21>20     65    00    5    ok
  21.271   53.9ms  21>20     65    00    5    ok
  21.271    0.0ms  21>20     65    00    5    ok
  21.324   52.5ms  21>20     65    00    5    ok
  21.324  106.5ms  21>20     64    00    7    ok
  21.324  106.5ms  20>21     64    00    6    ok
  21.324    0.0ms  21>20     65    00    5    ok
  21.374   50.6ms  21>20     65    00    5    ok
  21.374    0.0ms  21>20     65    00    5    ok
  21.375    0.0ms  21>20     65    00    5    ok
  21.426  101.9ms  21>20     64    00    7    ok
  21.426  102.0ms  20>21     64    00    6    ok
  21.426   51.3ms  21>20     65    00    5    ok
  21.477   50.9ms  21>20     65    00    5    ok
  21.477    0.0ms  21>20     65    00    5    ok
  21.477    0.0ms  21>20     65    00    5    ok
  21.527  101.2ms  21>20     64    00    7    ok
  21.527  101.2ms  20>21     64    00    6    ok
  21.527   50.3ms  21>20     65    00    5    ok
  21.577   50.1ms  21>20     65    00    5    ok
  21.577    0.0ms  21>20     65    00    5    ok
  21.577    0.0ms  21>20     65    00    5    ok
  21.629  102.3ms  21>20     64    00    7    ok
  21.629  102.3ms  20>21     64    00    6    ok
  21.629   52.1ms  21>20     65    00    5    ok
  21.680   51.1ms  21>20     65    00    5    ok
  21.681    0.0ms  21>20     65    00    5    ok
  21.681    0.0ms  21>20     65    00    5    ok
  21.732  103.0ms  21>20     64    00    7    ok
  21.732  103.0ms  20>21     64    00    6    ok
  21.732   51.8ms  21>20     65    00    5    ok
  21.732    0.0ms  21>20     65    00    5    ok
  21.783   51.0ms  21>20     65    00    5    ok
  21.783    0.0ms  21>20     65    00    5    ok
  21.834  101.4ms  21>20     64    00    7    ok
  21.834  101.4ms  20>21     64    00    6    ok
  21.834   50.2ms  21>20     65    00    5    ok
  21.834    0.0ms  21>20     65    00    5    ok
  21.886   51.8ms  21>20     65    00    5    ok
  21.886    0.0ms  21>20     65    00    5    ok
  21.936  102.7ms  21>20     64    00    7    ok
  21.936  102.7ms  20>21     64    00    6    ok
  21.936   50.8ms  21>20     65    00    5    ok
  21.936    0.0ms  21>20     65    00    5    ok
  21.987   50.1ms  21>20     65    00    5    ok
  21.987    0.0ms  21>20     65    00    5    ok
  22.038  101.3ms  21>20     64    00    7    ok
  22.038  101.3ms  20>21     64    00    6    ok
  22.038   51.1ms  21>20     65    00    5    ok
  22.038    0.0ms  3e>20     01    10    4    ok
  22.092    0.0ms  20>3e     04    10    14   ok
  22.092   53.9ms  21>20     64    00    7    ok
  22.092   53.9ms  20>21     64    00    6    ok
  22.092   53.9ms  21>20     65    00    5    ok
  22.142   50.8ms  21>20     65    00    5    ok
  22.143    0.0ms  21>20     65    00    5    ok
  22.143    0.0ms  21>20     65    00    5    ok
  22.193  101.2ms  21>20     64    00    7    ok
  22.193  101.2ms  20>21     64    00    6    ok
  22.193   50.3ms  21>20     65    00    5    ok
  22.245   52.5ms  21>20     65    00    5    ok
  22.245    0.0ms  21>20     65    00    5    ok
  22.245    0.0ms  21>20     65    00    5    ok
  22.296  103.2ms  21>20     64    00    7    ok
  22.296  103.2ms  20>21     64    00    6    ok
  22.296   50.7ms  21>20     65    00    5    ok
  22.296    0.0ms  21>20     65    00    5    ok
  22.348   51.8ms  21>20     65    00    5    ok
  22.348    0.0ms  21>20     65    00    5    ok
  22.399  102.8ms  21>20     64    00    7    ok
  22.399  102.8ms  20>21     64    00    6    ok
  22.399   50.9ms  21>20     65    00    5    ok
  22.399    0.0ms  21>20     65    00    5    ok
  22.450   51.3ms  21>20     65    00    5    ok
  22.450    0.0ms  21>20     65    00    5    ok
  22.501    0.0ms  21>20     61    00    5    ok
  22.501  463.3ms  3e>20     01    75    1    ok
  22.501  409.5ms  20>3e     04    75    2    ok
  22.501  102.3ms  21>20     64    00    7    ok
  22.553  154.1ms  20>21     64    00    6    ok
  22.553   51.9ms  21>20     61    00    5    ok
  22.553   51.8ms  3e>20     01    7b    1    ok
  22.553   51.8ms  20>3e     04    7b    6    ok
  22.605  103.9ms  21>20     64    00    7    ok
  22.605   52.1ms  20>21     64    00    6    ok
  22.605  154.9ms  21>20     65    00    5    ok
  22.605   52.1ms  21>20     61    00    5    ok
  22.655  102.5ms  3e>20     01    76    1    ok
  22.655  102.6ms  20>3e     04    76    2    ok
  22.655   50.5ms  21>20     64    00    7    ok
  22.656   50.5ms  20>21     64    00    6    ok
  22.656   50.5ms  21>20     65    00    5    ok
  22.709   53.0ms  21>20     65    00    5    ok
  22.709  103.6ms  21>20     61    00    5    ok
  22.760  104.4ms  3e>20     01    3b    1    ok
  22.760  104.4ms  20>3e     04    3b    2    ok
  22.760  104.4ms  21>20     64    00    7    ok
  22.760  104.4ms  20>21     64    00    6    ok
  22.760   51.3ms  21>20     61    00    5    ok
  22.810   50.3ms  3e>20     01    b4    1    ok
  22.810   50.3ms  20>3e     04    b4    6    ok
  22.810   50.3ms  21>20     64    00    7    ok
  22.810   50.3ms  20>21     64    00    6    ok
  22.861  152.0ms  21>20     65    00    5    ok
  22.861    0.0ms  21>20     65    00    5    ok
  22.861    0.0ms  21>20     65    00    5    ok
  22.913   52.6ms  21>20     65    00    5    ok
  22.913  103.1ms  21>20     64    00    7    ok
  22.913  103.1ms  20>21     64    00    6    ok
  22.964   50.7ms  21>20     65    00    5    ok
  22.964  204.0ms  21>20     61    00    5    ok
  22.964    0.0ms  3e>22     01    33    1    ok
  22.964    0.0ms  22>3e     04    33    4    ok
  23.014  101.0ms  21>20     64    00    7    ok
  23.014  101.0ms  20>21     64    00    6    ok
  23.014   50.5ms  21>20     65    00    5    ok
  23.014    0.0ms  21>20     65    00    5    ok
  23.067   52.6ms  21>20     65    00    5    ok
  23.067  103.0ms  21>20     61    00    5    ok
  23.117  153.5ms  3e>22     01    31    1    ok
  23.118  153.6ms  22>3e     04    31    2    ok
  23.118   50.6ms  21>20     61    00    5    ok
  23.118  103.2ms  21>20     64    00    7    ok
  23.171  156.3ms  20>21     64    00    6    ok
  23.171  103.8ms  21>20     65    00    5    ok
  23.171    0.0ms  21>20     65    00    5    ok
  23.221   50.1ms  21>20     65    00    5    ok
  23.221    0.0ms  21>20     65    00    5    ok
  23.221  103.4ms  21>20     64    00    7    ok
  23.221   50.3ms  20>21     64    00    6    ok
  23.272  154.6ms  21>20     61    00    5    ok
  23.272  154.7ms  3e>22     01    40    1    ok
  23.324  206.4ms  22>3e     04    40    30   ok
  23.324  103.1ms  21>20     65    00    5    ok
  23.324    0.0ms  21>20     65    00    5    ok
  23.375   50.8ms  21>20     65    00    5    ok
  23.375    0.0ms  21>20     65    00    5    ok
  23.375  102.7ms  21>20     61    00    5    ok
  23.425  615.3ms  3e>20     01    67    1    ok
  23.425  615.3ms  20>3e     04    67    4    ok
  23.425  204.6ms  21>20     64    00    7    ok
  23.426  204.6ms  20>21     64    00    6    ok
  23.476  100.9ms  21>20     65    00    5    ok
  23.476  101.0ms  21>20     61    00    5    ok
  23.476   50.4ms  3e>20     01    1a    1    ok
  23.526  100.4ms  20>3e     04    1a    2    ok
  23.526  100.5ms  21>20     64    00    7    ok
  23.526  100.5ms  20>21     64    00    6    ok
  23.526   50.2ms  21>20     61    00    5    ok
  23.576  100.3ms  3e>20     01    32    1    ok
  23.576   50.2ms  20>3e     04    32    8    ok
  23.576   50.2ms  21>20     64    00    7    ok
  23.576   50.2ms  20>21     64    00    6    ok
  23.576  100.5ms  21>20     65    00    5    ok
  23.629   52.5ms  21>20     65    00    5    ok
  23.629    0.0ms  21>20     65    00    5    ok
  23.679   50.7ms  21>20     65    00    5    ok
  23.679  103.3ms  21>20     64    00    7    ok
  23.679  103.3ms  20>21     64    00    6    ok
  23.680    0.1ms  21>20     65    00    5    ok
  23.733   53.3ms  21>20     65    00    5    ok
  23.733    0.1ms  21>20     65    00    5    ok
  23.784   51.3ms  21>20     65    00    5    ok
  23.784  104.7ms  21>20     64    00    7    ok
  23.784  104.7ms  20>21     64    00    6    ok
  23.784    0.1ms  21>20     65    00    5    ok
  23.836   51.5ms  21>20     65    00    5    ok
  23.836    0.0ms  21>20     65    00    5    ok
  23.836    0.0ms  21>20     65    00    5    ok
  23.887  360.7ms  21>20     61    00    5    ok
  23.887  310.6ms  3e>20     01    25    1    ok
  23.887  310.6ms  20>3e     04    25    2    ok
  23.937  152.6ms  21>20     64    00    7    ok
  23.937  152.7ms  20>21     64    00    6    ok
  23.937  101.1ms  21>20     65    00    5    ok
  23.937   50.2ms  21>20     61    00    5    ok
  23.989  102.2ms  3e>20     01    75    1    ok
  23.989  102.2ms  20>3e     04    75    2    ok
  23.989   52.1ms  21>20     64    00    7    ok
  23.989   52.1ms  20>21     64    00    6    ok
  24.040  102.8ms  21>20     61    00    5    ok
  24.040   50.9ms  3e>20     01    7b    1    ok
  24.040   50.9ms  20>3e     04    7b    6    ok
  24.040   50.9ms  21>20     64    00    7    ok
  24.093  103.7ms  20>21     64    00    6    ok
  24.093  155.8ms  21>20     65    00    5    ok
  24.093    0.0ms  21>20     65    00    5    ok
  24.143  103.3ms  21>20     61    00    5    ok
  24.143  103.3ms  3e>20     01    76    1    ok
  24.143  103.3ms  20>3e     04    76    2    ok
  24.143  103.3ms  21>20     64    00    7    ok
  24.143   50.5ms  20>21     64    00    6    ok
  24.195  101.8ms  21>20     65    00    5    ok
  24.195   51.5ms  21>20     61    00    5    ok
  24.246  102.6ms  3e>20     01    b4    1    ok
  24.246  102.6ms  20>3e     04    b4    6    ok
  24.246  102.6ms  21>20     64    00    7    ok
  24.246  102.6ms  20>21     64    00    6    ok
  24.246   51.2ms  21>20     65    00    5    ok
  24.296   50.3ms  21>20     65    00    5    ok
  24.296  101.5ms  21>20     61    00    5    ok
  24.296 1023.9ms  3e>22     01    10    1    ok
  24.348  101.9ms  21>20     64    00    7    BAD
  24.348   51.7ms  21>20     65    00    5    ok
  24.398  102.0ms  21>20     61    00    5    ok
  24.398  102.0ms  3e>22     01    33    1    ok
  24.398 1074.1ms  22>3e     04    33    4    ok
  24.398   50.4ms  21>20     64    00    7    ok
  24.451  205.1ms  20>21     64    00    6    ok
  24.451  103.2ms  21>20     65    00    5    ok
  24.451    0.0ms  21>20     65    00    5    ok
  24.501   50.1ms  21>20     65    00    5    ok
  24.501  103.0ms  21>20     61    00    5    ok
  24.501  103.0ms  3e>22     01    35    1    ok
  24.501  103.0ms  22>3e     04    35    2    ok
  24.554  156.1ms  21>20     64    00    7    ok
  24.554  103.4ms  20>21     64    00    6    ok
  24.554   53.2ms  21>20     65    00    5    ok
  24.605   50.7ms  21>20     65    00    5    ok
  24.605  103.9ms  21>20     61    00    5    ok
  24.605  359.3ms  3e>20     01    b0    1    ok
  24.657  411.5ms  20>3e     04    b0    52   ok
  24.657  103.1ms  21>20     64    00    7    ok
  24.657  103.1ms  20>21     64    00    6    ok
  24.657   52.4ms  21>20     65    00    5    ok
  24.657    0.0ms  21>20     65    00    5    ok
  24.710   52.6ms  21>20     65    00    5    ok
  24.710    0.0ms  21>20     65    00    5    ok
  24.761  103.5ms  21>20     64    00    7    ok
  24.761  103.5ms  20>21     64    00    6    ok
  24.761   50.8ms  21>20     65    00    5    ok
  24.761  155.8ms  21>20     61    00    5    ok
  24.812  207.1ms  3e>20     01    67    1    ok
  24.812  154.9ms  20>3e     04    67    4    ok
  24.812   51.3ms  21>20     64    00    7    ok
  24.812   51.3ms  20>21     64    00    6    ok
  24.863  102.7ms  21>20     65    00    5    ok
  24.863  102.7ms  21>20     61    00    5    ok
  24.863   51.4ms  3e>20     01    75    1    ok
  24.917  104.9ms  20>3e     04    75    2    ok
  24.917   53.6ms  21>20     61    00    5    ok
  24.917   53.6ms  3e>20     01    75    1    ok
  24.969   52.1ms  21>20     61    00    5    ok
  24.969   52.1ms  3e>20     01    7b    1    ok
  24.969   52.2ms  20>3e     04    7b    6    ok
  24.969    0.0ms  21>20     61    00    5    ok
  25.020  207.6ms  21>20     64    00    7    ok
  25.020  207.7ms  20>21     64    00    6    ok
  25.020   50.6ms  21>20     61    00    5    ok
  25.020   50.6ms  3e>20     01    76    1    ok
  25.073  103.4ms  20>3e     04    76    2    ok
  25.073   52.8ms  21>20     61    00    5    ok
  25.073   52.8ms  3e>20     01    76    1    ok
  25.123   50.3ms  21>20     61    00    5    ok
  25.123   50.3ms  3e>20     01    3b    1    ok
  25.123   50.4ms  20>3e     04    3b    2    ok
  25.123    0.0ms  21>20     61    00    5    ok
  25.173   50.1ms  3e>20     01    3b    1    ok
  25.173   50.1ms  21>20     61    00    5    ok
  25.223   50.5ms  3e>20     01    b4    1    ok
  25.224  100.6ms  20>3e     04    b4    6    ok
  25.224   50.5ms  21>20     61    00    5    ok
  25.224    0.1ms  3e>20     01    b4    1    ok
  25.275   51.8ms  20>3e     04    b4    6    ok
  25.275   51.8ms  21>20     61    00    5    ok
  25.275  774.4ms  3e>22     01    10    1    ok
  25.326  824.9ms  22>3e     04    10    34   ok
  25.326  462.6ms  21>20     65    00    5    ok
  25.326   50.7ms  21>20     61    00    5    ok
  25.378  102.3ms  3e>22     01    33    1    ok
  25.378   51.7ms  22>3e     04    33    4    ok
  25.378   51.6ms  21>20     61    00    5    ok
  25.378    0.0ms  3e>22     01    33    1    ok
  25.430  410.3ms  21>20     64    00    7    ok
  25.430  410.3ms  20>21     64    00    6    ok
  25.430  104.0ms  21>20     65    00    5    ok
  25.481  102.9ms  21>20     61    00    5    ok
  25.481  102.9ms  3e>22     01    31    1    ok
  25.481  102.9ms  22>3e     04    31    2    ok
  25.481    0.0ms  21>20     61    00    5    ok
  25.533   52.2ms  3e>22     01    31    1    ok
  25.533  102.8ms  21>20     64    00    7    ok
  25.533  102.8ms  20>21     64    00    6    ok
  25.584  153.6ms  21>20     65    00    5    ok
  25.584    0.0ms  21>20     65    00    5    ok
  25.584    0.0ms  21>20     65    00    5    ok
  25.634   50.4ms  21>20     65    00    5    ok
  25.634  153.6ms  21>20     61    00    5    ok
  25.685  461.4ms  3e>20     01    25    1    ok
  25.685  409.6ms  20>3e     04    25    2    ok
  25.685  152.1ms  21>20     64    00    7    ok
  25.685  152.1ms  20>21     64    00    6    ok
  25.685   50.8ms  21>20     65    00    5    ok
  25.738   53.2ms  21>20     65    00    5    ok
  25.738  104.0ms  21>20     61    00    5    ok
  25.738   53.3ms  3e>20     01    7b    1    ok
  25.789  104.2ms  20>3e     04    7b    6    ok
  25.789   51.0ms  21>20     61    00    5    ok
  25.789   51.0ms  3e>20     01    7b    1    ok
  25.789    0.0ms  20>3e     04    7b    6    ok
  25.839   50.2ms  21>20     61    00    5    ok
  25.839   50.2ms  3e>20     01    76    1    ok
  25.839   50.2ms  20>3e     04    76    2    ok
  25.839  154.5ms  21>20     64    00    7    ok
  25.892  206.9ms  20>21     64    00    6    ok
  25.892  153.7ms  21>20     65    00    5    ok
  25.892    0.0ms  21>20     65    00    5    ok
  25.943  103.3ms  21>20     61    00    5    ok
  25.943  103.3ms  3e>20     01    3b    1    ok
  25.943  103.3ms  20>3e     04    3b    2    ok
  25.943  103.3ms  21>20     64    00    7    ok
  25.995  102.9ms  20>21     64    00    6    ok
  25.995   52.1ms  21>20     61    00    5    ok
  25.995   52.1ms  3e>20     01    b4    1    ok
  25.995   52.1ms  20>3e     04    b4    6    ok
  26.046  102.8ms  21>20     64    00    7    ok
  26.046   50.8ms  20>21     64    00    6    ok
  26.046  153.7ms  21>20     65    00    5    ok
  26.046   50.8ms  21>20     61    00    5    ok
  26.099  565.7ms  3e>22     01    10    1    ok
  26.099  617.9ms  22>3e     04    10    34   ok
  26.151  105.3ms  21>20     65    00    5    ok
  26.151    0.0ms  21>20     65    00    5    ok
  26.151  105.4ms  21>20     61    00    5    ok
  26.201  103.0ms  3e>22     01    33    1    ok
  26.201  103.0ms  22>3e     04    33    4    ok
  26.202  155.9ms  21>20     64    00    7    ok
  26.202  155.9ms  20>21     64    00    6    ok
  26.202   50.5ms  21>20     65    00    5    ok
  26.254   52.3ms  21>20     65    00    5    ok
  26.254    0.0ms  21>20     65    00    5    ok
  26.305  154.0ms  21>20     61    00    5    ok
  26.305  103.5ms  3e>22     01    31    1    ok
  26.305  103.5ms  22>3e     04    31    2    ok
  26.305    0.1ms  21>20     61    00    5    ok
  26.357   52.0ms  3e>22     01    31    1    ok
  26.357  155.5ms  21>20     64    00    7    ok
  26.357  155.5ms  20>21     64    00    6    ok
  26.409  155.1ms  21>20     65    00    5    ok
  26.409    0.0ms  21>20     65    00    5    ok
  26.409    0.0ms  21>20     65    00    5    ok
  26.459   50.4ms  21>20     65    00    5    ok
  26.459  154.5ms  21>20     61    00    5    ok
  26.460  102.6ms  3e>22     01    40    1    ok
  26.512  206.8ms  22>3e     04    40    30   ok
  26.512   52.3ms  3e>22     01    40    1    ok
  26.562  205.4ms  21>20     64    00    7    ok
  26.562  205.4ms  20>21     64    00    6    ok
  26.562  103.1ms  21>20     65    00    5    ok
  26.562    0.0ms  21>20     65    00    5    ok
  26.613  153.1ms  21>20     61    00    5    ok
  26.613  617.8ms  3e>20     01    da    1    ok
  26.663  668.5ms  20>3e     04    da    12   ok
  26.663   50.7ms  21>20     61    00    5    ok
  26.663   50.7ms  3e>20     01    da    1    ok
  26.663  100.9ms  21>20     64    00    7    ok
  26.715  152.1ms  20>21     64    00    6    ok
  26.715  152.1ms  21>20     65    00    5    ok
  26.715    0.0ms  21>20     65    00    5    ok
  26.766   51.1ms  21>20     65    00    5    ok
  26.766    0.0ms  21>20     65    00    5    ok
  26.766  102.4ms  21>20     61    00    5    ok
  26.818  154.6ms  3e>20     01    3b    1    ok
  26.818  154.6ms  20>3e     04    3b    2    ok
  26.818  154.6ms  21>20     64    00    7    ok
  26.818  103.4ms  20>21     64    00    6    ok
  26.869  103.6ms  21>20     65    00    5    ok
  26.869    0.0ms  21>20     65    00    5    ok
  26.869    0.0ms  21>20     65    00    5    ok
  26.921  155.0ms  21>20     61    00    5    ok
  26.921  102.8ms  3e>20     01    b4    1    ok
  26.921  102.8ms  20>3e     04    b4    6    ok
  26.921    0.0ms  21>20     61    00    5    ok
  26.972  459.7ms  3e>22     01    10    1    ok
  26.972  459.7ms  22>3e     04    10    34   ok
  27.022  152.5ms  21>20     65    00    5    ok
  27.022  101.1ms  21>20     61    00    5    ok
  27.022   50.4ms  3e>22     01    33    1    ok
  27.074  102.6ms  22>3e     04    33    4    ok
  27.074   52.3ms  21>20     61    00    5    ok
  27.074   52.3ms  3e>22     01    33    1    ok
  27.125  306.8ms  21>20     64    00    7    ok
  27.125  306.8ms  20>21     64    00    6    ok
  27.125  103.0ms  21>20     65    00    5    ok
  27.125   50.7ms  21>20     61    00    5    ok
  27.175  100.8ms  3e>22     01    31    1    ok
  27.175  100.8ms  22>3e     04    31    2    ok
  27.175   50.1ms  21>20     61    00    5    ok
  27.226   51.1ms  3e>22     01    31    1    ok
  27.226  101.2ms  21>20     64    00    7    ok
  27.226  101.2ms  20>21     64    00    6    ok
  27.226  101.2ms  21>20     65    00    5    ok
  27.279   52.7ms  21>20     65    00    5    ok
  27.279    0.0ms  21>20     65    00    5    ok
  27.329   50.3ms  21>20     65    00    5    ok
  27.329  154.2ms  21>20     61    00    5    ok
  27.329  408.5ms  3e>20     01    25    1    ok
  27.329  408.6ms  20>3e     04    25    2    ok
  27.381   51.8ms  21>20     61    00    5    ok
  27.381   52.0ms  3e>20     01    25    1    ok
  27.431  205.4ms  21>20     64    00    7    ok
  27.431  205.4ms  20>21     64    00    6    ok
  27.431   50.5ms  21>20     61    00    5    ok
  27.431   50.2ms  3e>20     01    3b    1    ok
  27.431  102.2ms  20>3e     04    3b    2    ok
  27.482   50.2ms  21>20     64    00    7    ok
  27.482   50.2ms  20>21     64    00    6    ok
  27.482   50.2ms  21>20     61    00    5    ok
  27.482   50.2ms  3e>20     01    b4    1    ok
  27.532  100.6ms  20>3e     04    b4    6    ok
  27.532   50.4ms  21>20     61    00    5    ok
  27.532   50.4ms  3e>20     01    b4    1    ok
  27.532    0.1ms  20>3e     04    b4    6    ok
  27.585   53.1ms  21>20     61    00    5    ok
  27.585  359.2ms  3e>22     01    10    1    ok
  27.585  103.6ms  21>20     64    00    7    BAD
  27.639  309.5ms  21>20     65    00    5    ok
  27.639    0.0ms  21>20     65    00    5    ok
  27.689  104.3ms  21>20     61    00    5    ok
  27.689  104.3ms  3e>22     01    33    1    ok
  27.690  514.5ms  22>3e     04    33    4    ok
  27.690  104.3ms  21>20     64    00    7    ok
  27.690  207.8ms  20>21     64    00    6    ok
  27.742  103.3ms  21>20     65    00    5    ok
  27.742    0.0ms  21>20     65    00    5    ok
  27.742    0.0ms  21>20     65    00    5    ok
  27.792  102.9ms  21>20     61    00    5    ok
  27.792  102.9ms  3e>22     01    31    1    ok
  27.792  102.9ms  22>3e     04    31    2    ok
  27.842   50.1ms  21>20     61    00    5    ok
  27.843   50.1ms  3e>22     01    31    1    ok
  27.843  153.0ms  21>20     64    00    7    ok
  27.894  204.6ms  20>21     64    00    6    ok
  27.894  152.2ms  21>20     65    00    5    ok
  27.894    0.0ms  21>20     65    00    5    ok
  27.945   50.5ms  21>20     65    00    5    ok
  27.945    0.0ms  21>20     65    00    5    ok
  27.945  102.2ms  21>20     61    00    5    ok
  27.996  463.7ms  3e>20     01    75    1    ok
  27.996  463.7ms  20>3e     04    75    2    ok
  27.996  153.4ms  21>20     64    00    7    ok
  27.996  101.8ms  20>21     64    00    6    ok
  28.046  101.6ms  21>20     61    00    5    ok
  28.046   50.5ms  3e>20     01    7b    1    ok
  28.046   50.5ms  20>3e     04    7b    6    ok
  28.046   50.5ms  21>20     64    00    7    ok
  28.097  100.9ms  20>21     64    00    6    ok
  28.097  152.1ms  21>20     65    00    5    ok
  28.097   50.6ms  21>20     61    00    5    ok
  28.148  101.7ms  3e>20     01    76    1    ok
  28.148  101.7ms  20>3e     04    76    2    ok
  28.148  101.7ms  21>20     64    00    7    ok
  28.148   51.3ms  20>21     64    00    6    ok
  28.148   51.3ms  21>20     65    00    5    ok
  28.200   51.7ms  21>20     65    00    5    ok
  28.200  102.9ms  21>20     61    00    5    ok
  28.250  102.3ms  3e>20     01    3b    1    ok
  28.250  102.3ms  20>3e     04    3b    2    ok
  28.250  102.3ms  21>20     64    00    7    ok
  28.250  102.3ms  20>21     64    00    6    ok
  28.250   50.6ms  21>20     61    00    5    ok
  28.302   52.1ms  3e>20     01    b4    1    ok
  28.303   52.1ms  20>3e     04    b4    6    ok
  28.303   52.1ms  21>20     64    00    7    ok
  28.303   52.1ms  20>21     64    00    6    ok
  28.354  154.0ms  21>20     65    00    5    ok
  28.354  103.4ms  21>20     61    00    5    ok
  28.354  511.3ms  3e>22     01    10    1    ok
  28.404  611.7ms  22>3e     04    10    34   ok
  28.404   50.3ms  21>20     65    00    5    ok
  28.404    0.0ms  21>20     65    00    5    ok
  28.454  100.6ms  21>20     61    00    5    ok
  28.454  100.6ms  3e>22     01    33    1    ok
  28.454   50.4ms  22>3e     04    33    4    ok
  28.505  202.4ms  21>20     64    00    7    ok
  28.505  202.4ms  20>21     64    00    6    ok
  28.505  100.8ms  21>20     65    00    5    ok
  28.505    0.1ms  21>20     65    00    5    ok
  28.558   53.1ms  21>20     65    00    5    ok
  28.558  103.7ms  21>20     61    00    5    ok
  28.610  155.0ms  3e>22     01    31    1    ok
  28.610  155.1ms  22>3e     04    31    2    ok
  28.610   51.4ms  21>20     61    00    5    ok
  28.610  307.1ms  3e>20     01    da    1    ok
  28.663  158.1ms  21>20     64    00    7    ok
  28.663  158.1ms  20>21     64    00    6    ok
  28.663  104.9ms  21>20     65    00    5    ok
  28.713   50.1ms  21>20     65    00    5    ok
  28.713    0.0ms  21>20     65    00    5    ok
  28.713    0.0ms  21>20     65    00    5    ok
  28.763  153.8ms  21>20     61    00    5    ok
  28.763  153.8ms  3e>20     01    25    1    ok
  28.763  460.9ms  20>3e     04    25    2    ok
  28.814  151.5ms  21>20     64    00    7    ok
  28.815  151.5ms  20>21     64    00    6    ok
  28.815  101.3ms  21>20     65    00    5    ok
  28.815   51.2ms  21>20     61    00    5    ok
  28.865  101.5ms  3e>20     01    3b    1    ok
  28.865  101.5ms  20>3e     04    3b    2    ok
  28.865   50.4ms  21>20     64    00    7    ok
  28.865   50.4ms  20>21     64    00    6    ok
  28.865   50.4ms  21>20     61    00    5    ok
  28.915   50.3ms  3e>20     01    b4    1    ok
  28.915   50.4ms  20>3e     04    b4    6    ok
  28.915   50.4ms  21>20     64    00    7    ok
  28.915   50.4ms  20>21     64    00    6    ok
  28.966  151.2ms  21>20     65    00    5    ok
  28.966    0.0ms  21>20     65    00    5    ok
  28.966  100.8ms  21>20     61    00    5    ok
  29.016  406.7ms  3e>22     01    10    1    ok
  29.016  101.0ms  21>20     64    00    7    ok
  29.016  406.7ms  22>3e     04    10    34   ok
  29.066  151.2ms  20>21     64    00    6    ok
  29.067  100.8ms  21>20     65    00    5    ok
  29.067  100.8ms  21>20     61    00    5    ok
  29.067   50.4ms  3e>22     01    33    1    ok
  29.119  102.6ms  22>3e     04    33    4    ok
  29.119  102.7ms  21>20     64    00    7    ok
  29.119   52.4ms  20>21     64    00    6    ok
  29.119   52.4ms  21>20     65    00    5    ok
  29.170   51.3ms  21>20     65    00    5    ok
  29.170    0.0ms  21>20     65    00    5    ok
  29.170  103.7ms  21>20     61    00    5    ok
  29.223  156.9ms  3e>22     01    31    1    ok
  29.223  104.6ms  22>3e     04    31    2    ok
  29.223   53.2ms  21>20     61    00    5    ok
  29.276  360.4ms  3e>20     01    da    1    ok
  29.276  156.7ms  21>20     64    00    7    ok
  29.276  156.7ms  20>21     64    00    6    ok
  29.276  105.4ms  21>20     65    00    5    ok
  29.326   50.4ms  21>20     65    00    5    ok
  29.326    0.0ms  21>20     65    00    5    ok
  29.326    0.0ms  21>20     65    00    5    ok
  29.376  153.0ms  21>20     61    00    5    ok
  29.376  100.9ms  3e>20     01    3b    1    ok
  29.377  461.2ms  20>3e     04    3b    2    ok
  29.427  151.5ms  21>20     64    00    7    ok
  29.427  151.5ms  20>21     64    00    6    ok
  29.427   50.7ms  21>20     61    00    5    ok
  29.427   50.7ms  3e>20     01    b4    1    ok
  29.478  101.9ms  20>3e     04    b4    6    ok
  29.478   51.2ms  21>20     61    00    5    ok
  29.478   51.2ms  3e>20     01    b4    1    ok
  29.478    0.1ms  20>3e     04    b4    6    ok
  29.529  101.8ms  21>20     64    00    7    ok
  29.529  101.8ms  20>21     64    00    6    ok
  29.529   50.5ms  21>20     61    00    5    ok
  29.529  305.5ms  3e>22     01    33    1    ok
  29.580  356.6ms  22>3e     04    33    4    ok
  29.580   51.2ms  21>20     64    00    7    ok
  29.580   51.2ms  20>21     64    00    6    ok
  29.580  254.0ms  21>20     65    00    5    ok
  29.631   50.8ms  21>20     65    00    5    ok
  29.631    0.0ms  21>20     65    00    5    ok
  29.631  102.1ms  21>20     61    00    5    ok
  29.684  155.0ms  3e>22     01    31    1    ok
  29.684   53.0ms  21>20     61    00    5    ok
  29.735  256.3ms  3e>20     01    da    1    ok
  29.735  154.6ms  21>20     64    00    7    ok
  29.735  154.6ms  20>21     64    00    6    ok
  29.735  103.8ms  21>20     65    00    5    ok
  29.788   53.1ms  21>20     65    00    5    ok
  29.788    0.1ms  21>20     65    00    5    ok
  29.788    0.0ms  21>20     65    00    5    ok
  29.839  154.7ms  21>20     61    00    5    ok
  29.839  104.1ms  3e>20     01    25    1    ok
  29.890  155.0ms  21>20     64    00    7    ok
  29.890  155.0ms  20>21     64    00    6    ok
  29.890  101.8ms  21>20     65    00    5    ok
  29.890   51.1ms  21>20     61    00    5    ok
  29.942  102.9ms  3e>20     01    3b    1    ok
  29.942   52.0ms  21>20     64    00    7    ok
  29.942   52.0ms  20>21     64    00    6    ok
  29.992  102.5ms  21>20     61    00    5    ok
  29.992   50.7ms  3e>20     01    b4    1    ok
  29.992  513.9ms  20>3e     04    b4    6    ok
  29.992   50.6ms  21>20     64    00    7    ok
  29.992   50.7ms  20>21     64    00    6    ok
  30.045  155.5ms  21>20     65    00    5    ok
  30.045   53.1ms  21>20     61    00    5    ok
  30.045  361.4ms  3e>22     01    33    1    ok
  30.098   52.7ms  21>20     61    00    5    ok
  30.098   52.7ms  3e>22     01    33    1    ok
  30.148  155.9ms  21>20     64    00    7    ok
  30.148  155.8ms  20>21     64    00    6    ok
  30.148  103.0ms  21>20     65    00    5    ok
  30.148   50.3ms  21>20     61    00    5    ok
  30.202  103.5ms  3e>22     01    31    1    ok
  30.202   53.3ms  21>20     61    00    5    ok
  30.252   50.6ms  3e>22     01    31    1    ok
  30.252   50.6ms  21>20     61    00    5    ok
  30.252  259.9ms  3e>20     01    da    1    ok
  30.304  156.2ms  21>20     64    00    7    ok
  30.304  156.2ms  20>21     64    00    6    ok
  30.304  156.2ms  21>20     65    00    5    ok
  30.357   52.3ms  21>20     65    00    5    ok
  30.357  104.7ms  21>20     61    00    5    ok
  30.357  104.7ms  3e>20     01    3b    1    ok
  30.407   50.3ms  21>20     61    00    5    ok
  30.407   50.3ms  3e>20     01    3b    1    ok
  30.407    0.0ms  21>20     61    00    5    ok
  30.459   51.9ms  3e>20     01    b4    1    ok
  30.459  466.8ms  20>3e     04    b4    6    ok
  30.459  154.8ms  21>20     64    00    7    ok
  30.459  154.7ms  20>21     64    00    6    ok
  30.510  153.3ms  21>20     65    00    5    ok
  30.510  102.9ms  21>20     61    00    5    ok
  30.510  258.0ms  3e>22     01    33    1    ok
  30.564   53.7ms  21>20     61    00    5    ok
  30.564   53.8ms  3e>22     01    33    1    ok
  30.616  156.8ms  21>20     64    00    7    ok
  30.616  156.8ms  20>21     64    00    6    ok
  30.616  105.9ms  21>20     65    00    5    ok
  30.616   52.2ms  21>20     61    00    5    ok
  30.666  102.3ms  3e>22     01    31    1    ok
  30.666   50.2ms  21>20     61    00    5    ok
  30.666    0.1ms  3e>22     01    31    1    ok
  30.717   50.4ms  21>20     61    00    5    ok
  30.717  100.8ms  21>20     64    00    7    ok
  30.717  100.8ms  20>21     64    00    6    ok
  30.767  150.8ms  21>20     65    00    5    ok
  30.767    0.0ms  21>20     65    00    5    ok
  30.767    0.0ms  21>20     65    00    5    ok
  30.817  100.5ms  21>20     61    00    5    ok
  30.817  358.2ms  3e>20     01    25    1    ok
  30.817  358.2ms  20>3e     04    25    2    ok
  30.868   50.6ms  21>20     61    00    5    ok
  30.868   50.5ms  3e>20     01    25    1    ok
  30.921   52.8ms  21>20     61    00    5    ok
  30.921   52.8ms  3e>20     01    75    1    ok
  30.971    0.0ms  3e>04     75    02    32   BAD
  30.971   50.4ms  3e>20     01    7b    1    ok
  31.022  204.9ms  20>3e     04    7b    6    BAD
  31.022  305.6ms  21>20     64    00    7    ok
  31.022  305.6ms  20>21     64    00    6    ok
  31.073  152.3ms  21>20     61    00    5    ok
  31.073  101.9ms  3e>20     01    76    1    ok
  31.073    0.1ms  21>20     61    00    5    ok
  31.126   53.3ms  3e>20     01    76    1    ok
  31.126   53.3ms  21>20     61    00    5    ok
  31.178   52.3ms  3e>20     01    3b    1    ok
  31.179   52.3ms  21>20     61    00    5    ok
  31.179    0.1ms  3e>20     01    3b    1    ok
  31.229   50.5ms  21>20     61    00    5    ok
  31.229   50.5ms  3e>20     01    b4    1    ok
  31.229  206.8ms  20>3e     04    b4    6    ok
  31.229    0.1ms  21>20     61    00    5    ok
  31.280  257.9ms  21>20     64    00    7    ok
  31.280  257.9ms  20>21     64    00    6    ok
  31.280   51.2ms  21>20     61    00    5    ok
  31.331  664.5ms  3e>22     01    33    1    ok
  31.331   50.6ms  21>20     61    00    5    ok
  31.331    0.1ms  3e>22     01    33    1    ok
  31.385   53.8ms  21>20     61    00    5    ok
  31.385   53.9ms  3e>22     01    31    1    ok
  31.437   52.2ms  21>20     61    00    5    ok
  31.437   52.1ms  3e>22     01    31    1    ok
  31.437    0.1ms  21>20     61    00    5    ok
  31.488  258.6ms  3e>20     01    b0    1    ok
  31.488  258.6ms  20>3e     04    b0    52   ok
  31.488  207.5ms  21>20     64    00    7    ok
  31.488  207.5ms  20>21     64    00    6    ok
  31.488  720.8ms  21>20     65    00    5    ok
  31.539   51.6ms  21>20     65    00    5    ok
  31.539  102.5ms  21>20     61    00    5    ok
  31.590  102.3ms  3e>20     01    da    1    ok
  31.590  102.3ms  21>20     64    00    7    ok
  31.590  102.3ms  20>21     64    00    6    ok
  31.590   50.6ms  21>20     65    00    5    ok
  31.642   52.5ms  21>20     65    00    5    ok
  31.643    0.0ms  21>20     65    00    5    ok
  31.694   51.0ms  21>20     65    00    5    ok
  31.694  103.6ms  21>20     64    00    7    ok
  31.694  103.6ms  20>21     64    00    6    ok
  31.694    0.1ms  21>20     65    00    5    ok
  31.745  205.3ms  21>20     61    00    5    ok
  31.745  154.8ms  3e>20     01    3b    1    ok
  31.796  102.0ms  21>20     64    00    7    ok
  31.796  102.0ms  20>21     64    00    6    ok
  31.796   50.9ms  21>20     61    00    5    ok
  31.796   50.8ms  3e>20     01    b4    1    ok
  31.796  307.9ms  20>3e     04    b4    6    ok
  31.848   52.7ms  21>20     64    00    7    ok
  31.848   52.7ms  20>21     64    00    6    ok
  31.848  154.7ms  21>20     65    00    5    ok
  31.848    0.0ms  21>20     65    00    5    ok
  31.900  104.0ms  21>20     61    00    5    ok
  31.900  462.7ms  3e>22     01    33    1    ok
  31.950   50.4ms  21>20     61    00    5    ok
  31.950   50.4ms  3e>22     01    33    1    ok
  31.950  101.8ms  21>20     64    00    7    ok
  32.000  152.1ms  20>21     64    00    6    ok
  32.000  152.2ms  21>20     65    00    5    ok
  32.000   50.5ms  21>20     61    00    5    ok
  32.051  101.1ms  3e>22     01    31    1    ok
  32.051   50.8ms  21>20     61    00    5    ok
  32.051    0.1ms  3e>22     01    31    1    ok
  32.102   50.6ms  21>20     61    00    5    ok
  32.102  151.9ms  21>20     64    00    7    ok
  32.102  101.5ms  20>21     64    00    6    ok
  32.152  151.6ms  21>20     65    00    5    ok
  32.152    0.0ms  21>20     65    00    5    ok
  32.152    0.0ms  21>20     65    00    5    ok
  32.203  101.0ms  21>20     61    00    5    ok
  32.203  407.3ms  3e>20     01    25    1    ok
  32.253   50.4ms  21>20     61    00    5    ok
  32.253   50.4ms  3e>20     01    25    1    ok
  32.253    0.1ms  21>20     61    00    5    ok
  32.304   50.8ms  3e>20     01    3b    1    ok
  32.304   50.9ms  21>20     61    00    5    ok
  32.355   50.8ms  3e>20     01    3b    1    ok
  32.355   50.8ms  21>20     61    00    5    ok
  32.355    0.1ms  3e>20     01    b4    1    ok
  32.407  611.4ms  20>3e     04    b4    6    ok
  32.407   52.0ms  21>20     61    00    5    ok
  32.407  305.1ms  21>20     64    00    7    ok
  32.407  305.1ms  20>21     64    00    6    ok
  32.459   52.0ms  21>20     61    00    5    ok
  32.459  407.9ms  3e>22     01    33    1    ok
  32.459    0.0ms  21>20     61    00    5    ok
  32.509   50.2ms  3e>22     01    33    1    ok
  32.509   50.2ms  21>20     61    00    5    ok
  32.509    0.1ms  3e>22     01    31    1    ok
  32.560   51.0ms  21>20     61    00    5    ok
  32.560   51.0ms  3e>22     01    31    1    ok
  32.611   50.4ms  21>20     61    00    5    ok
  32.611  255.8ms  3e>20     01    da    1    ok
  32.611  203.7ms  21>20     64    00    7    ok
  32.662  255.3ms  20>21     64    00    6    ok
  32.662  510.3ms  21>20     65    00    5    ok
  32.662    0.0ms  21>20     65    00    5    ok
  32.713   50.9ms  21>20     65    00    5    ok
  32.713    0.1ms  21>20     65    00    5    ok
  32.713  102.7ms  21>20     61    00    5    ok
  32.764  152.9ms  3e>20     01    3b    1    ok
  32.764   50.3ms  21>20     61    00    5    ok
  32.815   51.3ms  3e>20     01    3b    1    ok
  32.815   51.3ms  21>20     61    00    5    ok
  32.815    0.1ms  3e>20     01    b4    1    ok
  32.866  458.8ms  20>3e     04    b4    6    ok
  32.866   50.8ms  21>20     61    00    5    ok
  32.866    0.0ms  21>20     61    00    5    ok
  32.918  357.2ms  3e>22     01    33    1    ok
  32.918   51.9ms  21>20     61    00    5    ok
  32.918    0.1ms  3e>22     01    33    1    ok
  32.969  358.6ms  21>20     64    00    7    ok
  32.969  307.1ms  20>21     64    00    6    ok
  32.969   51.8ms  21>20     61    00    5    ok
  32.969   51.8ms  3e>22     01    31    1    ok
  33.020   51.0ms  21>20     61    00    5    ok
  33.020  205.5ms  3e>20     01    da    1    ok
  33.071  101.2ms  21>20     64    00    7    ok
  33.071  101.3ms  20>21     64    00    6    ok
  33.071  357.4ms  21>20     65    00    5    ok
  33.071    0.0ms  21>20     65    00    5    ok
  33.122   50.8ms  21>20     65    00    5    ok
  33.122    0.0ms  21>20     65    00    5    ok
  33.172  151.5ms  21>20     61    00    5    ok
  33.172  151.5ms  3e>20     01    25    1    ok
  33.172    0.1ms  21>20     61    00    5    ok
  33.225   52.8ms  3e>20     01    25    1    ok
  33.225   52.8ms  21>20     61    00    5    ok
  33.275   50.6ms  3e>20     01    3b    1    ok
  33.276  204.9ms  21>20     64    00    7    ok
  33.276  204.8ms  20>21     64    00    6    ok
  33.276  154.0ms  21>20     65    00    5    ok
  33.327   51.5ms  21>20     65    00    5    ok
  33.327  102.3ms  21>20     61    00    5    ok
  33.378  102.6ms  3e>20     01    b4    1    ok
  33.378  512.3ms  20>3e     04    b4    6    ok
  33.378   50.9ms  21>20     61    00    5    ok
  33.378    0.1ms  3e>20     01    b4    1    ok
  33.431   52.6ms  20>3e     04    51    6    BAD
  33.431  461.3ms  3e>22     01    33    1    ok
  33.481  103.4ms  21>20     61    00    5    ok
  33.481   50.7ms  3e>22     01    33    1    ok
  33.482  206.0ms  21>20     64    00    7    ok
  33.482  206.0ms  20>21     64    00    6    ok
  33.532   50.3ms  21>20     61    00    5    ok
  33.532   50.3ms  3e>22     01    31    1    ok
  33.532    0.1ms  21>20     61    00    5    ok
  33.584   51.9ms  3e>22     01    31    1    ok
  33.584   51.9ms  21>20     61    00    5    ok
  33.634  152.6ms  21>20     64    00    7    ok
  33.634  152.6ms  20>21     64    00    6    ok
  33.634  307.1ms  21>20     65    00    5    ok
  33.634    0.0ms  21>20     65    00    5    ok
  33.688   53.4ms  21>20     65    00    5    ok
  33.688    0.1ms  21>20     65    00    5    ok
  33.738  154.1ms  21>20     61    00    5    ok
  33.738  359.7ms  3e>20     01    75    1    ok
  33.738  307.2ms  20>3e     04    75    2    ok
  33.738    0.1ms  21>20     61    00    5    ok
  33.791   53.2ms  3e>20     01    75    1    ok
  33.791   53.2ms  21>20     61    00    5    ok
  33.791    0.1ms  3e>20     01    7b    1    ok
  33.842  104.6ms  20>3e     04    7b    6    ok
  33.842   51.4ms  21>20     61    00    5    ok
  33.842   51.4ms  3e>20     01    76    1    ok
  33.893  258.9ms  21>20     64    00    7    ok
  33.893  258.9ms  20>21     64    00    6    ok
  33.893  205.4ms  21>20     65    00    5    ok
  33.893    0.0ms  21>20     65    00    5    ok
  33.946   52.6ms  21>20     65    00    5    ok
  33.946  103.3ms  21>20     61    00    5    ok
  33.997  154.4ms  3e>20     01    3b    1    ok
  33.997  104.0ms  21>20     64    00    7    ok
  33.997  104.0ms  20>21     64    00    6    ok
  33.997   51.3ms  21>20     61    00    5    ok
  34.050   53.0ms  3e>20     01    b4    1    ok
  34.050  207.6ms  20>3e     04    b4    6    ok
  34.050   53.0ms  21>20     64    00    7    ok
  34.050   53.0ms  20>21     64    00    6    ok
  34.102  156.4ms  21>20     65    00    5    ok
  34.102    0.0ms  21>20     65    00    5    ok
  34.102  105.1ms  21>20     61    00    5    ok
  34.152  568.6ms  3e>22     01    33    1    ok
  34.152  102.3ms  21>20     64    00    7    ok
  34.152  102.3ms  20>21     64    00    6    ok
  34.152   50.2ms  21>20     65    00    5    ok
  34.205  102.7ms  21>20     61    00    5    ok
  34.205   52.6ms  3e>22     01    31    1    ok
  34.256   50.9ms  21>20     61    00    5    ok
  34.256  205.8ms  3e>20     01    da    1    ok
  34.256  103.4ms  21>20     64    00    7    ok
  34.309  156.7ms  20>21     64    00    6    ok
  34.309  156.7ms  21>20     65    00    5    ok
  34.309    0.0ms  21>20     65    00    5    ok
  34.360   50.6ms  21>20     65    00    5    ok
  34.360    0.0ms  21>20     65    00    5    ok
  34.360  104.1ms  21>20     61    00    5    ok
  34.412  156.0ms  3e>20     01    25    1    ok
  34.412   52.1ms  21>20     61    00    5    ok
  34.412    0.0ms  3e>20     01    25    1    ok
  34.463  207.8ms  21>20     64    00    7    ok
  34.464  154.6ms  20>21     64    00    6    ok
  34.464   51.8ms  21>20     61    00    5    ok
  34.514  102.0ms  3e>20     01    3b    1    ok
  34.514   50.3ms  21>20     61    00    5    ok
  34.514    0.1ms  3e>20     01    3b    1    ok
  34.565   51.2ms  21>20     61    00    5    ok
  34.565   51.2ms  3e>20     01    b4    1    ok
  34.565  515.1ms  20>3e     04    b4    6    ok
  34.615   50.3ms  21>20     61    00    5    ok
  34.615   50.3ms  3e>20     01    b4    1    ok
  34.615   50.3ms  20>3e     04    b4    6    ok
  34.615    0.1ms  21>20     61    00    5    ok
  34.669  463.9ms  3e>22     01    33    1    ok
  34.669 5088.7ms  22>3e     04    33    4    ok
  34.669   53.4ms  21>20     61    00    5    ok
  34.720  256.3ms  21>20     64    00    7    ok
  34.720  256.3ms  20>21     64    00    6    ok
  34.720  360.2ms  21>20     65    00    5    ok
  34.720   51.1ms  21>20     61    00    5    ok
  34.772  103.5ms  3e>22     01    31    1    ok
  34.772   52.4ms  21>20     61    00    5    ok
  34.772    0.1ms  3e>22     01    31    1    ok
  34.823   50.4ms  21>20     61    00    5    ok
  34.823  207.4ms  3e>20     01    da    1    ok
  34.873  153.0ms  21>20     64    00    7    ok
  34.873  153.0ms  20>21     64    00    6    ok
  34.873  153.0ms  21>20     65    00    5    ok
  34.873    0.0ms  21>20     65    00    5    ok
  34.923  100.4ms  21>20     61    00    5    ok
  34.923  100.3ms  3e>20     01    3b    1    ok
  34.973   50.1ms  21>20     61    00    5    ok
  34.973   50.1ms  3e>20     01    3b    1    ok
  34.973    0.1ms  21>20     61    00    5    ok
  35.025   52.2ms  3e>20     01    b4    1    ok
  35.025  410.1ms  20>3e     04    b4    6    BAD
  35.025   52.2ms  21>20     61    00    5    ok
  35.076  203.0ms  21>20     64    00    7    ok
  35.076  203.0ms  20>21     64    00    6    ok
  35.076   50.4ms  21>20     61    00    5    ok
  35.076  303.6ms  3e>22     01    33    1    ok
  35.129   53.4ms  21>20     61    00    5    ok
  35.129   53.5ms  3e>22     01    33    1    ok
  35.180  104.5ms  21>20     64    00    7    ok
  35.180  104.5ms  20>21     64    00    6    ok
  35.180  307.6ms  21>20     65    00    5    ok
  35.180   51.1ms  21>20     61    00    5    ok
  35.233  103.5ms  3e>22     01    31    1    ok
  35.233   52.5ms  21>20     61    00    5    ok
  35.233    0.1ms  3e>22     01    31    1    ok
  35.284   51.2ms  21>20     61    00    5    ok
  35.284  103.8ms  21>20     64    00    7    ok
  35.284  103.8ms  20>21     64    00    6    ok
  35.334  154.0ms  21>20     65    00    5    ok
  35.334    0.0ms  21>20     65    00    5    ok
  35.335    0.0ms  21>20     65    00    5    ok
  35.387  103.4ms  21>20     61    00    5    ok
  35.388  362.1ms  3e>20     01    25    1    ok
  35.439  154.4ms  21>20     64    00    7    ok
  35.439  154.5ms  20>21     64    00    6    ok
  35.439  104.2ms  21>20     65    00    5    ok
  35.439   51.2ms  21>20     61    00    5    ok
  35.491  104.0ms  3e>20     01    3b    1    ok
  35.492   52.8ms  21>20     61    00    5    ok
  35.542   50.2ms  3e>20     01    3b    1    ok
  35.542   50.2ms  21>20     61    00    5    ok
  35.542    0.0ms  3e>20     01    b4    1    ok
  35.542  516.3ms  20>3e     04    b4    6    ok
  35.594  155.1ms  21>20     64    00    7    ok
  35.594  155.1ms  20>21     64    00    6    ok
  35.594  155.1ms  21>20     65    00    5    ok
  35.594   52.0ms  21>20     61    00    5    ok
  35.644  411.2ms  3e>22     01    33    1    ok
  35.644   50.4ms  21>20     64    00    7    ok
  35.644   50.4ms  20>21     64    00    6    ok
  35.694  100.5ms  21>20     65    00    5    ok
  35.694    0.0ms  21>20     65    00    5    ok
  35.694    0.0ms  21>20     65    00    5    ok
  35.746  152.6ms  21>20     61    00    5    ok
  35.746  102.3ms  3e>22     01    31    1    ok
  35.797   50.8ms  21>20     61    00    5    ok
  35.797   50.8ms  3e>22     01    31    1    ok
  35.797    0.1ms  21>20     61    00    5    ok
  35.850  205.7ms  21>20     64    00    7    ok
  35.850  205.7ms  20>21     64    00    6    ok
  35.850  155.6ms  21>20     65    00    5    ok
  35.901   50.8ms  21>20     65    00    5    ok
  35.901    0.0ms  21>20     65    00    5    ok
  35.901  103.6ms  21>20     61    00    5    ok
  35.951  409.4ms  3e>20     01    3b    1    ok
  35.951   50.4ms  21>20     61    00    5    ok
  36.002   51.3ms  21>20     61    00    5    ok
  36.002   51.4ms  3e>20     01    b4    1    ok
  36.002  460.8ms  20>3e     04    b4    6    ok
  36.002    0.1ms  21>20     61    00    5    ok
  36.053  203.7ms  21>20     64    00    7    ok
  36.054  203.7ms  20>21     64    00    6    ok
  36.054  152.8ms  21>20     65    00    5    ok
  36.105   51.6ms  21>20     65    00    5    ok
  36.105  102.8ms  21>20     61    00    5    ok
  36.105  308.2ms  3e>22     01    33    1    ok
  36.156   50.3ms  21>20     61    00    5    ok
  36.156  102.1ms  21>20     64    00    7    ok
  36.156  102.1ms  20>21     64    00    6    ok
  36.156    0.1ms  21>20     61    00    5    ok
  36.208  102.9ms  3e>22     01    31    1    ok
  36.208   52.6ms  21>20     61    00    5    ok
  36.259   51.0ms  3e>22     01    31    1    ok
  36.259  103.6ms  21>20     64    00    7    ok
  36.259  103.6ms  20>21     64    00    6    ok
  36.259  154.1ms  21>20     65    00    5    ok
  36.313   53.6ms  21>20     65    00    5    ok
  36.313    0.0ms  21>20     65    00    5    ok
  36.364   50.9ms  21>20     65    00    5    ok
  36.364  155.8ms  21>20     61    00    5    ok
  36.364  361.6ms  3e>20     01    25    1    ok
  36.418   54.0ms  21>20     61    00    5    ok
  36.418   54.0ms  3e>20     01    25    1    ok
  36.418  158.8ms  21>20     64    00    7    ok
  36.470  210.6ms  20>21     64    00    6    ok
  36.470   51.9ms  21>20     61    00    5    ok
  36.470   51.9ms  3e>20     01    75    1    ok
  36.470  467.5ms  20>3e     04    75    2    ok
  36.520   50.5ms  21>20     61    00    5    ok
  36.521    0.0ms  21>20     61    00    5    ok
  36.521   50.6ms  3e>20     01    7b    1    ok
  36.521   50.6ms  20>3e     04    7b    6    ok
  36.573   52.2ms  21>20     61    00    5    ok
  36.573  154.7ms  21>20     64    00    7    ok
  36.573  102.9ms  20>21     64    00    6    ok
  36.625   52.0ms  21>20     61    00    5    ok
  36.625  104.2ms  3e>20     01    76    1    ok
  36.625    0.1ms  21>20     61    00    5    ok
  36.676   50.8ms  3e>20     01    76    1    ok
  36.676  102.8ms  21>20     64    00    7    ok
  36.676  102.9ms  20>21     64    00    6    ok
  36.676   50.9ms  21>20     61    00    5    ok
  36.726   50.4ms  3e>20     01    3b    1    ok
  36.726   50.5ms  21>20     64    00    7    ok
  36.726   50.5ms  20>21     64    00    6    ok
  36.776  412.3ms  21>20     65    00    5    ok
  36.776    0.0ms  21>20     65    00    5    ok
  36.776    0.0ms  21>20     65    00    5    ok
  36.829   52.2ms  21>20     65    00    5    ok
  36.829  152.9ms  21>20     61    00    5    ok
  36.879  620.1ms  3e>22     01    33    1    ok
  36.879  153.3ms  21>20     64    00    7    ok
  36.879  153.3ms  20>21     64    00    6    ok
  36.879   50.9ms  21>20     65    00    5    ok
  36.933  104.4ms  21>20     61    00    5    ok
  36.933   53.6ms  3e>22     01    31    1    ok
  36.984   51.4ms  21>20     61    00    5    ok
  36.984   51.4ms  3e>22     01    31    1    ok
  36.984    0.0ms  21>20     61    00    5    ok
  37.036  309.5ms  3e>20     01    b0    1    ok
  37.036  515.0ms  20>3e     04    b0    52   ok
  37.036  156.2ms  21>20     64    00    7    ok
  37.036  156.2ms  20>21     64    00    6    ok
  37.087  207.9ms  21>20     65    00    5    ok
  37.087    0.0ms  21>20     65    00    5    ok
  37.087    0.0ms  21>20     65    00    5    ok
  37.138   50.4ms  21>20     65    00    5    ok
  37.138  153.5ms  21>20     61    00    5    ok
  37.138  102.3ms  3e>20     01    da    1    ok
  37.191  155.2ms  21>20     64    00    7    ok
  37.191  155.2ms  20>21     64    00    6    ok
  37.191   53.0ms  21>20     65    00    5    ok
  37.242   51.1ms  21>20     65    00    5    ok
  37.242    0.0ms  21>20     65    00    5    ok
  37.242    0.0ms  21>20     65    00    5    ok
  37.294  155.8ms  21>20     61    00    5    ok
  37.294  155.9ms  3e>20     01    3b    1    ok
  37.344  153.3ms  21>20     64    00    7    ok
  37.344  153.3ms  20>21     64    00    6    ok
  37.344   50.4ms  21>20     61    00    5    ok
  37.344   50.4ms  3e>20     01    b4    1    ok
  37.344  308.5ms  20>3e     04    b4    6    ok
  37.397   52.8ms  21>20     61    00    5    ok
  37.397   52.8ms  3e>20     01    b4    1    ok
  37.397   52.8ms  20>3e     04    b4    6    ok
  37.397   52.9ms  21>20     64    00    7    ok
  37.447  103.0ms  20>21     64    00    6    ok
  37.447   50.2ms  21>20     61    00    5    ok
  37.447  462.7ms  3e>22     01    33    1    ok
  37.447 2778.3ms  22>3e     04    33    4    ok
  37.497   50.1ms  21>20     61    00    5    ok
  37.497   50.1ms  3e>22     01    33    1    ok
  37.497  100.3ms  21>20     64    00    7    ok
  37.547  100.4ms  20>21     64    00    6    ok
  37.547  305.4ms  21>20     65    00    5    ok
  37.547   50.3ms  21>20     61    00    5    ok
  37.598  100.5ms  3e>22     01    31    1    ok
  37.598  150.7ms  22>3e     04    31    2    ok
  37.598   50.3ms  21>20     61    00    5    ok
  37.598  200.9ms  3e>20     01    da    1    ok
  37.649   51.0ms  21>20     61    00    5    ok
  37.649  151.6ms  21>20     64    00    7    ok
  37.649  101.4ms  20>21     64    00    6    ok
  37.699  151.5ms  21>20     65    00    5    ok
  37.699    0.0ms  21>20     65    00    5    ok
  37.699    0.0ms  21>20     65    00    5    ok
  37.752  103.4ms  21>20     61    00    5    ok
  37.752  154.4ms  3e>20     01    25    1    ok
  37.803   51.0ms  21>20     61    00    5    ok
  37.803   51.0ms  3e>20     01    25    1    ok
  37.803    0.1ms  21>20     61    00    5    ok
  37.855   52.1ms  3e>20     01    3b    1    ok
  37.855   52.1ms  21>20     61    00    5    ok
  37.906   50.9ms  3e>20     01    3b    1    ok
  37.906   50.9ms  21>20     61    00    5    ok
  37.906    0.1ms  3e>20     01    b4    1    ok
  37.906  509.4ms  20>3e     04    b4    6    ok
  37.958   51.3ms  21>20     61    00    5    ok
  37.958  308.9ms  21>20     64    00    7    ok
  37.958  308.9ms  20>21     64    00    6    ok
  37.958    0.1ms  21>20     61    00    5    ok
  38.009  411.6ms  3e>22     01    33    1    ok
  38.009   51.7ms  21>20     61    00    5    ok
  38.060   50.6ms  3e>22     01    33    1    ok
  38.060  102.4ms  21>20     64    00    7    ok
  38.060  102.4ms  20>21     64    00    6    ok
  38.060  361.1ms  21>20     65    00    5    ok
  38.113  103.9ms  21>20     61    00    5    ok
  38.113   53.4ms  3e>22     01    31    1    ok
  38.164   50.5ms  21>20     61    00    5    ok
  38.164   50.5ms  3e>22     01    31    1    ok
  38.164  103.8ms  21>20     64    00    7    ok
  38.164  103.8ms  20>21     64    00    6    ok
  38.218  157.8ms  21>20     65    00    5    ok
  38.218    0.0ms  21>20     65    00    5    ok
  38.218    0.0ms  21>20     65    00    5    ok
  38.270   52.0ms  21>20     65    00    5    ok
  38.270  106.2ms  21>20     61    00    5    ok
  38.321  414.4ms  3e>20     01    3b    1    ok
  38.321   50.7ms  21>20     61    00    5    ok
  38.321    0.1ms  3e>20     01    3b    1    ok
  38.373   52.2ms  21>20     61    00    5    ok
  38.373   52.3ms  3e>20     01    b4    1    ok
  38.373  466.7ms  20>3e     04    b4    6    ok
  38.424   50.9ms  21>20     61    00    5    ok
  38.424   50.9ms  3e>20     01    b4    1    ok
  38.424   50.9ms  20>3e     04    b4    6    ok
  38.424    0.1ms  21>20     61    00    5    ok
  38.475  311.5ms  3e>22     01    33    1    ok
  38.475  311.5ms  21>20     64    00    7    ok
  38.475  311.5ms  20>21     64    00    6    ok
  38.527  257.0ms  21>20     65    00    5    ok
  38.527    0.1ms  21>20     65    00    5    ok
  38.527  103.1ms  21>20     61    00    5    ok
  38.578  102.7ms  3e>22     01    31    1    ok
  38.578   51.0ms  21>20     61    00    5    ok
  38.578  154.1ms  3e>20     01    da    1    ok
  38.628  153.1ms  21>20     64    00    7    ok
  38.628  153.1ms  20>21     64    00    6    ok
  38.628  101.5ms  21>20     65    00    5    ok
  38.679   50.1ms  21>20     65    00    5    ok
  38.679    0.0ms  21>20     65    00    5    ok
  38.679    0.0ms  21>20     65    00    5    ok
  38.731  153.2ms  21>20     61    00    5    ok
  38.731  153.2ms  3e>20     01    25    1    ok
  38.782  153.6ms  21>20     64    00    7    ok
  38.782  153.6ms  20>21     64    00    6    ok
  38.782  103.4ms  21>20     65    00    5    ok
  38.782    0.0ms  21>20     65    00    5    ok
  38.836  104.3ms  21>20     61    00    5    ok
  38.836  104.3ms  3e>20     01    3b    1    ok
  38.886  103.8ms  21>20     64    00    7    ok
  38.886  103.8ms  20>21     64    00    6    ok
  38.886   50.3ms  21>20     61    00    5    ok
  38.886   50.3ms  3e>20     01    b4    1    ok
  38.886  462.0ms  20>3e     04    b4    6    ok
  38.939   53.1ms  21>20     64    00    7    ok
  38.939   53.1ms  20>21     64    00    6    ok
  38.939  156.9ms  21>20     65    00    5    ok
  38.939   53.1ms  21>20     61    00    5    ok
  38.991  412.7ms  3e>22     01    33    1    ok
  38.991   51.7ms  21>20     61    00    5    ok
  39.041   50.6ms  3e>22     01    33    1    ok
  39.041  102.4ms  21>20     64    00    7    ok
  39.041  102.4ms  20>21     64    00    6    ok
  39.041   50.7ms  21>20     61    00    5    ok
  39.095   53.4ms  3e>22     01    31    1    ok
  39.095   53.4ms  21>20     61    00    5    ok
  39.146  260.2ms  3e>20     01    da    1    ok
  39.146  104.9ms  21>20     64    00    7    ok
  39.146  104.9ms  20>21     64    00    6    ok
  39.146  207.2ms  21>20     65    00    5    ok
  39.199   53.1ms  21>20     65    00    5    ok
  39.199    0.0ms  21>20     65    00    5    ok
  39.199    0.0ms  21>20     65    00    5    ok
  39.250  155.1ms  21>20     61    00    5    ok
  39.250  103.7ms  3e>20     01    75    1    ok
  39.250  363.9ms  20>3e     04    75    2    ok
  39.300  153.9ms  21>20     64    00    7    ok
  39.300  153.9ms  20>21     64    00    6    ok
  39.300  100.8ms  21>20     65    00    5    ok
  39.300   50.3ms  21>20     61    00    5    ok
  39.351  100.7ms  3e>20     01    7b    1    ok
  39.351  100.8ms  20>3e     04    7b    6    ok
  39.351   50.6ms  21>20     64    00    7    ok
  39.351   50.6ms  20>21     64    00    6    ok
  39.401  100.9ms  21>20     65    00    5    ok
  39.401    0.1ms  21>20     65    00    5    ok
  39.401  101.0ms  21>20     61    00    5    ok
  39.452  101.8ms  3e>20     01    76    1    ok
  39.452  101.8ms  21>20     64    00    7    ok
  39.452  101.8ms  20>21     64    00    6    ok
  39.503  102.1ms  21>20     61    00    5    ok
  39.503   50.8ms  3e>20     01    3b    1    ok
  39.503   50.8ms  21>20     64    00    7    ok
  39.554  101.6ms  20>21     64    00    6    ok
  39.554   51.0ms  21>20     61    00    5    ok
  39.554   50.9ms  3e>20     01    b4    1    ok
  39.554  203.5ms  20>3e     04    b4    6    ok
  39.605   51.1ms  21>20     61    00    5    ok
  39.605   51.2ms  3e>20     01    b4    1    ok
  39.605   51.2ms  20>3e     04    b4    6    ok
  39.605    0.1ms  21>20     61    00    5    ok
  39.656  561.8ms  3e>22     01    33    1    ok
  39.657  153.3ms  21>20     64    00    7    ok
  39.657  102.5ms  20>21     64    00    6    ok
  39.708  307.2ms  21>20     65    00    5    ok
  39.708    0.1ms  21>20     65    00    5    ok
  39.708    0.0ms  21>20     65    00    5    ok
  39.760  155.0ms  21>20     61    00    5    ok
  39.760  103.8ms  3e>22     01    31    1    ok
  39.760 2162.5ms  22>3e     04    31    2    ok
  39.760    0.0ms  21>20     61    00    5    ok
  39.811   50.8ms  3e>22     01    40    1    ok
  39.811  154.6ms  21>20     64    00    7    ok
  39.811  154.6ms  20>21     64    00    6    ok
  39.861  153.1ms  21>20     65    00    5    ok
  39.861    0.0ms  21>20     65    00    5    ok
  39.861    0.0ms  21>20     65    00    5    ok
  39.914   53.0ms  21>20     65    00    5    ok
  39.914  154.2ms  21>20     61    00    5    ok
  39.965  360.2ms  3e>20     01    da    1    ok
  39.965  154.3ms  21>20     64    00    7    ok
  39.965  154.3ms  20>21     64    00    6    ok
  39.966   51.1ms  21>20     65    00    5    ok
  40.019   53.1ms  21>20     65    00    5    ok
  40.019    0.0ms  21>20     65    00    5    ok
  40.071   52.1ms  21>20     65    00    5    ok
  40.071  105.3ms  21>20     64    00    7    ok
  40.071  105.3ms  20>21     64    00    6    ok
  40.071    0.1ms  21>20     65    00    5    ok
  40.121  206.7ms  21>20     61    00    5    ok
  40.121  155.8ms  3e>20     01    25    1    ok
  40.121   50.5ms  21>20     64    00    7    ok
  40.174  102.8ms  20>21     64    00    6    ok
  40.174  102.9ms  21>20     65    00    5    ok
  40.174    0.0ms  21>20     65    00    5    ok
  40.224  103.1ms  21>20     61    00    5    ok
  40.224  103.1ms  3e>20     01    3b    1    ok
  40.224  103.1ms  21>20     64    00    7    ok
  40.275  101.6ms  20>21     64    00    6    ok
  40.275   50.9ms  21>20     61    00    5    ok
  40.275   50.9ms  3e>20     01    b4    1    ok
  40.275  670.0ms  20>3e     04    b4    6    ok
  40.326   51.2ms  21>20     61    00    5    ok
  40.326   51.2ms  3e>20     01    b4    1    ok
  40.326   51.2ms  20>3e     04    b4    6    ok
  40.326    0.1ms  21>20     61    00    5    ok
  40.377  565.5ms  3e>22     01    33    1    ok
  40.377   50.2ms  21>20     61    00    5    ok
  40.428   51.5ms  3e>22     01    33    1    ok
  40.428  203.8ms  21>20     64    00    7    ok
  40.428  153.0ms  20>21     64    00    6    ok
  40.428   51.5ms  21>20     61    00    5    ok
  40.480   51.4ms  3e>22     01    31    1    ok
  40.480   51.4ms  21>20     61    00    5    ok
  40.530   51.0ms  3e>22     01    31    1    ok
  40.531   51.0ms  21>20     61    00    5    ok
  40.531  102.4ms  21>20     64    00    7    ok
  40.531  102.4ms  20>21     64    00    6    ok
  40.581  407.2ms  21>20     65    00    5    ok
  40.581    0.0ms  21>20     65    00    5    ok
  40.632   51.5ms  21>20     65    00    5    ok
  40.632  101.9ms  21>20     61    00    5    ok
  40.632  306.0ms  3e>20     01    3b    1    ok
  40.683   50.2ms  21>20     61    00    5    ok
  40.683   50.3ms  3e>20     01    3b    1    ok
  40.683    0.0ms  21>20     61    00    5    ok
  40.734   51.3ms  3e>20     01    b4    1    ok
  40.734  407.6ms  20>3e     04    b4    6    ok
  40.734  203.5ms  21>20     64    00    7    ok
  40.734  203.5ms  20>21     64    00    6    ok
  40.785  152.3ms  21>20     65    00    5    ok
  40.785    0.0ms  21>20     65    00    5    ok
  40.785  102.0ms  21>20     61    00    5    ok
  40.835  304.4ms  3e>22     01    33    1    ok
  40.835  100.9ms  21>20     64    00    7    ok
  40.835  100.9ms  20>21     64    00    6    ok
  40.886  101.2ms  21>20     65    00    5    ok
  40.886  101.2ms  21>20     61    00    5    ok
  40.886   51.1ms  3e>22     01    31    1    ok
  40.936   50.3ms  21>20     61    00    5    ok
  40.936  202.4ms  3e>20     01    da    1    ok
  40.987  152.4ms  21>20     64    00    7    ok
  40.987  152.4ms  20>21     64    00    6    ok
  40.987  101.4ms  21>20     65    00    5    ok
  40.987    0.0ms  21>20     65    00    5    ok
  41.040   53.0ms  21>20     65    00    5    ok
  41.040    0.0ms  21>20     65    00    5    ok
  41.092  155.3ms  21>20     61    00    5    ok
  41.092  155.3ms  3e>20     01    25    1    ok
  41.092    0.1ms  21>20     61    00    5    ok
  41.142   50.6ms  3e>20     01    25    1    ok
  41.142  155.0ms  21>20     64    00    7    ok
  41.142  155.0ms  20>21     64    00    6    ok
  41.142   50.7ms  21>20     61    00    5    ok
  41.193   50.5ms  3e>20     01    3b    1    ok
  41.193   50.5ms  21>20     61    00    5    ok
  41.243   50.3ms  3e>20     01    3b    1    ok
  41.243   50.3ms  21>20     61    00    5    ok
  41.243    0.1ms  3e>20     01    b4    1    ok
  41.295  560.5ms  20>3e     04    b4    6    ok
  41.295   51.4ms  21>20     61    00    5    ok
  41.295    0.0ms  21>20     61    00    5    ok
  41.345  459.2ms  3e>22     01    33    1    ok
  41.345  202.9ms  21>20     64    00    7    ok
  41.345  202.9ms  20>21     64    00    6    ok
  41.345  304.9ms  21>20     65    00    5    ok
  41.397   51.8ms  21>20     65    00    5    ok
  41.397    0.0ms  21>20     65    00    5    ok
  41.448  153.1ms  21>20     61    00    5    ok
  41.448  102.6ms  3e>22     01    31    1    ok
  41.448    0.1ms  21>20     61    00    5    ok
  41.500   52.1ms  3e>22     01    31    1    ok
  41.500   52.1ms  21>20     61    00    5    ok
  41.551  307.9ms  3e>20     01    da    1    ok
  41.551  205.9ms  21>20     64    00    7    ok
  41.551  205.8ms  20>21     64    00    6    ok
  41.551  154.0ms  21>20     65    00    5    ok
  41.603   51.5ms  21>20     65    00    5    ok
  41.603  102.8ms  21>20     61    00    5    ok
  41.603   51.6ms  3e>20     01    3b    1    ok
  41.653  102.0ms  21>20     64    00    7    ok
  41.653  102.0ms  20>21     64    00    6    ok
  41.653   50.5ms  21>20     61    00    5    ok
  41.703    0.0ms  3e>01     b4    06    1    BAD
  41.703   50.2ms  21>20     61    00    5    ok
  41.703  100.8ms  3e>20     01    b4    1    ok
  41.755  460.7ms  20>3e     04    b4    6    ok
  41.755  102.1ms  21>20     64    00    7    ok
  41.755  102.1ms  20>21     64    00    6    ok
  41.755   51.8ms  21>20     61    00    5    ok
  41.806  306.1ms  3e>22     01    33    1    ok
  41.806   50.7ms  21>20     61    00    5    ok
  41.806    0.1ms  3e>22     01    33    1    ok
  41.859  104.0ms  21>20     64    00    7    ok
  41.859  104.1ms  20>21     64    00    6    ok
  41.859  256.7ms  21>20     65    00    5    ok
  41.911  104.9ms  21>20     61    00    5    ok
  41.911  104.9ms  3e>22     01    31    1    ok
  41.911    0.1ms  21>20     61    00    5    ok
  41.963  259.5ms  3e>20     01    da    1    ok
  41.963   52.0ms  21>20     61    00    5    ok
  42.015  155.3ms  21>20     64    00    7    ok
  42.015  155.3ms  20>21     64    00    6    ok
  42.015  155.3ms  21>20     65    00    5    ok
  42.015    0.0ms  21>20     65    00    5    ok
  42.065   50.4ms  21>20     65    00    5    ok
  42.065  102.1ms  21>20     61    00    5    ok
  42.065  102.1ms  3e>20     01    25    1    ok
  42.116   51.4ms  21>20     61    00    5    ok
  42.116  101.9ms  21>20     64    00    7    ok
  42.117  101.9ms  20>21     64    00    6    ok
  42.167   50.5ms  21>20     61    00    5    ok
  42.167  101.9ms  3e>20     01    75    1    ok
  42.167  411.8ms  20>3e     04    75    2    ok
  42.167    0.1ms  21>20     61    00    5    ok
  42.220   53.3ms  3e>20     01    75    1    ok
  42.220   53.3ms  21>20     61    00    5    ok
  42.271   50.4ms  3e>20     01    7b    1    ok
  42.271  103.7ms  20>3e     04    7b    6    ok
  42.271  154.2ms  21>20     64    00    7    ok
  42.271  154.2ms  20>21     64    00    6    ok
  42.271  205.7ms  21>20     65    00    5    ok
  42.323  102.6ms  21>20     61    00    5    ok
  42.323   52.2ms  3e>20     01    76    1    ok
  42.373   50.4ms  21>20     61    00    5    ok
  42.373  102.6ms  21>20     64    00    7    ok
  42.373  102.6ms  20>21     64    00    6    ok
  42.373    0.1ms  21>20     61    00    5    ok
  42.424  100.8ms  3e>20     01    3b    1    ok
  42.424   50.4ms  21>20     61    00    5    ok
  42.424    0.1ms  3e>20     01    3b    1    ok
  42.475   51.5ms  21>20     61    00    5    ok
  42.475   51.5ms  3e>20     01    b4    1    ok
  42.475  204.6ms  20>3e     04    b4    6    ok
  42.526   50.4ms  21>20     61    00    5    ok
  42.526  152.3ms  21>20     64    00    7    ok
  42.526  152.3ms  20>21     64    00    6    ok
  42.526    0.0ms  21>20     61    00    5    ok
  42.578  666.7ms  3e>22     01    33    1    ok
  42.578   52.0ms  21>20     64    00    7    ok
  42.578   52.0ms  20>21     64    00    6    ok
  42.629  357.8ms  21>20     65    00    5    ok
  42.629    0.0ms  21>20     65    00    5    ok
  42.629    0.0ms  21>20     65    00    5    ok
  42.681  155.5ms  21>20     61    00    5    ok
  42.681  103.6ms  3e>22     01    31    1    ok
  42.731   50.2ms  21>20     61    00    5    ok
  42.731   50.2ms  3e>22     01    31    1    ok
  42.731  153.7ms  21>20     64    00    7    ok
  42.731  153.7ms  20>21     64    00    6    ok
  42.784  155.6ms  21>20     65    00    5    ok
  42.784    0.0ms  21>20     65    00    5    ok
  42.835   51.2ms  21>20     65    00    5    ok
  42.836    0.0ms  21>20     65    00    5    ok
  42.836  104.2ms  21>20     61    00    5    ok
  42.886  410.4ms  3e>20     01    32    1    ok
  42.886   50.2ms  21>20     61    00    5    ok
  42.886  154.3ms  21>20     64    00    7    ok
  42.937  205.9ms  20>21     64    00    6    ok
  42.937  101.9ms  21>20     65    00    5    ok
  42.937    0.0ms  21>20     65    00    5    ok
  42.988   50.6ms  21>20     65    00    5    ok
  42.988    0.1ms  21>20     65    00    5    ok
  42.988  102.4ms  21>20     64    00    7    ok
  43.040  103.1ms  20>21     64    00    6    ok
  43.040   52.4ms  21>20     65    00    5    ok
  43.040    0.0ms  21>20     65    00    5    ok
  43.091   50.1ms  21>20     65    00    5    ok
  43.091    0.0ms  21>20     65    00    5    ok
  43.091  102.5ms  21>20     64    00    7    ok
  43.144  104.0ms  20>21     64    00    6    ok
  43.144   53.8ms  21>20     65    00    5    ok
  43.144  258.7ms  21>20     61    00    5    ok
  43.196  310.2ms  3e>20     01    da    1    ok
  43.196  105.4ms  21>20     64    00    7    ok
  43.196   51.6ms  20>21     64    00    6    ok
  43.196   51.6ms  21>20     65    00    5    ok
  43.246   50.2ms  21>20     65    00    5    ok
  43.246    0.0ms  21>20     65    00    5    ok
  43.246    0.0ms  21>20     65    00    5    ok
  43.298  102.5ms  21>20     64    00    7    ok
  43.299  102.5ms  20>21     64    00    6    ok
  43.299   52.2ms  21>20     65    00    5    ok
  43.349   50.3ms  21>20     65    00    5    ok
  43.349    0.0ms  21>20     65    00    5    ok
  43.349  204.4ms  21>20     61    00    5    ok
  43.400  204.2ms  3e>20     01    b4    1    ok
  43.400  924.8ms  20>3e     04    b4    6    ok
  43.400  101.7ms  21>20     64    00    7    ok
  43.400  101.7ms  20>21     64    00    6    ok
  43.451  102.2ms  21>20     65    00    5    ok
  43.451    0.0ms  21>20     65    00    5    ok
  43.451  102.3ms  21>20     61    00    5    ok
  43.504  773.0ms  3e>22     01    33    1    ok
  43.504   53.3ms  21>20     61    00    5    ok
  43.555   50.5ms  3e>22     01    33    1    ok
  43.555   50.5ms  21>20     61    00    5    ok
  43.555    0.0ms  3e>22     01    31    1    ok
  43.606   51.3ms  21>20     61    00    5    ok
  43.606   51.3ms  3e>22     01    31    1    ok
  43.606    0.0ms  21>20     61    00    5    ok
  43.658  257.4ms  3e>20     01    da    1    ok
  43.658  257.4ms  21>20     64    00    7    ok
  43.658  257.4ms  20>21     64    00    6    ok
  43.708  256.6ms  21>20     65    00    5    ok
  43.708    0.0ms  21>20     65    00    5    ok
  43.708  101.5ms  21>20     61    00    5    ok
  43.760  102.3ms  3e>20     01    25    1    ok
  43.760   52.2ms  21>20     61    00    5    ok
  43.811   51.0ms  3e>20     01    25    1    ok
  43.811  153.3ms  21>20     64    00    7    ok
  43.811  153.3ms  20>21     64    00    6    ok
  43.811   51.0ms  21>20     61    00    5    ok
  43.863   52.5ms  3e>20     01    3b    1    ok
  43.863   52.5ms  21>20     61    00    5    ok
  43.914   51.0ms  3e>20     01    3b    1    ok
  43.914   51.0ms  21>20     61    00    5    ok
  43.914    0.1ms  3e>20     01    b4    1    ok
  43.914  514.2ms  20>3e     04    b4    6    ok
  43.965  154.1ms  21>20     64    00    7    ok
  43.965  154.1ms  20>21     64    00    6    ok
  43.965   50.6ms  21>20     61    00    5    ok
  44.017  410.7ms  3e>22     01    33    1    ok
  44.017   52.0ms  21>20     61    00    5    ok
  44.017    0.1ms  3e>22     01    33    1    ok
  44.068  102.7ms  21>20     64    00    7    ok
  44.068  102.7ms  20>21     64    00    6    ok
  44.068  360.0ms  21>20     65    00    5    ok
  44.120  103.1ms  21>20     61    00    5    ok
  44.120  103.1ms  3e>22     01    31    1    ok
  44.120    0.1ms  21>20     61    00    5    ok
  44.171   51.0ms  3e>22     01    31    1    ok
  44.171   51.0ms  21>20     61    00    5    ok
  44.171  256.7ms  3e>20     01    da    1    ok
  44.224  156.3ms  21>20     64    00    7    ok
  44.224  156.3ms  20>21     64    00    6    ok
  44.224  156.3ms  21>20     65    00    5    ok
  44.274   50.4ms  21>20     65    00    5    ok
  44.274  103.3ms  21>20     61    00    5    ok
  44.274  103.3ms  3e>20     01    3b    1    ok
  44.327   52.8ms  21>20     61    00    5    ok
  44.327   52.8ms  3e>20     01    3b    1    ok
  44.327    0.1ms  21>20     61    00    5    ok
  44.378   50.3ms  3e>20     01    b4    1    ok
  44.378  463.2ms  20>3e     04    b4    6    ok
  44.378  153.6ms  21>20     64    00    7    ok
  44.378  153.6ms  20>21     64    00    6    ok
  44.428  153.4ms  21>20     65    00    5    ok
  44.428  100.6ms  21>20     61    00    5    ok
  44.428  256.8ms  3e>22     01    33    1    ok
  44.480  102.0ms  21>20     64    00    7    ok
  44.480  102.0ms  20>21     64    00    6    ok
  44.480   51.9ms  21>20     65    00    5    ok
  44.530   50.2ms  21>20     65    00    5    ok
  44.530    0.0ms  21>20     65    00    5    ok
  44.530  102.1ms  21>20     61    00    5    ok
  44.581  153.7ms  3e>22     01    31    1    ok
  44.582   51.7ms  21>20     61    00    5    ok
  44.632  254.2ms  3e>20     01    da    1    ok
  44.632  152.1ms  21>20     64    00    7    ok
  44.632  152.4ms  20>21     64    00    6    ok
  44.632  102.2ms  21>20     65    00    5    ok
  44.685   53.0ms  21>20     65    00    5    ok
  44.685    0.0ms  21>20     65    00    5    ok
  44.736   50.9ms  21>20     65    00    5    ok
  44.736  154.5ms  21>20     61    00    5    ok
  44.736  104.3ms  3e>20     01    b4    1    ok
  44.736  358.5ms  20>3e     04    b4    6    ok
  44.788  156.7ms  21>20     64    00    7    ok
  44.788  156.4ms  20>21     64    00    6    ok
  44.788   52.5ms  21>20     65    00    5    ok
  44.788   52.5ms  21>20     61    00    5    ok
  44.841  259.8ms  3e>22     01    33    1    ok
  44.841 5081.0ms  22>3e     04    33    4    ok
  44.841   52.8ms  21>20     61    00    5    ok
  44.892   51.0ms  3e>22     01    33    1    ok
  44.892  103.8ms  21>20     64    00    7    ok
  44.892  103.8ms  20>21     64    00    6    ok
  44.892  103.8ms  21>20     65    00    5    ok
  44.943  101.5ms  21>20     61    00    5    ok
  44.943   50.7ms  3e>22     01    35    1    ok
  44.943  101.6ms  22>3e     04    35    2    ok
  44.993  101.0ms  21>20     64    00    7    ok
  44.993  101.0ms  20>21     64    00    6    ok
  44.993  101.0ms  21>20     65    00    5    ok
  44.993    0.0ms  21>20     65    00    5    ok
  45.047   53.8ms  21>20     65    00    5    ok
  45.047  104.3ms  21>20     61    00    5    ok
  45.098  361.9ms  3e>20     01    da    1    ok
  45.098  361.9ms  20>3e     04    da    12   ok
  45.098  104.7ms  21>20     64    00    7    ok
  45.098  104.7ms  20>21     64    00    6    ok
  45.098   50.8ms  21>20     65    00    5    ok
  45.149   50.6ms  21>20     65    00    5    ok
  45.149    0.0ms  21>20     65    00    5    ok
  45.149    0.0ms  21>20     65    00    5    ok
  45.199  100.8ms  21>20     64    00    7    ok
  45.199  100.9ms  20>21     64    00    6    ok
  45.199  151.7ms  21>20     61    00    5    ok
  45.249  151.1ms  3e>20     01    b4    1    ok
  45.249  151.1ms  20>3e     04    b4    6    BAD
  45.249   50.3ms  21>20     64    00    7    ok
  45.249   50.2ms  20>21     64    00    6    ok
  45.249  100.5ms  21>20     65    00    5    ok
  45.300  101.0ms  21>20     61    00    5    ok
  45.300  357.0ms  3e>22     01    33    1    ok
  45.300  357.0ms  22>3e     04    33    4    ok
  45.350  101.2ms  21>20     64    00    7    ok
  45.350  101.3ms  20>21     64    00    6    ok
  45.350  101.3ms  21>20     65    00    5    ok
  45.350    0.0ms  21>20     65    00    5    ok
  45.402   51.3ms  21>20     65    00    5    ok
  45.402  101.9ms  21>20     61    00    5    ok
  45.452  152.6ms  3e>22     01    35    1    ok
  45.453  152.6ms  22>3e     04    35    2    ok
  45.453  102.2ms  21>20     64    00    7    ok
  45.453  102.2ms  20>21     64    00    6    ok
  45.453   50.9ms  21>20     65    00    5    ok
  45.506   53.2ms  21>20     65    00    5    ok
  45.506    0.0ms  21>20     65    00    5    ok
  45.556  154.7ms  21>20     61    00    5    ok
  45.556  307.5ms  3e>20     01    da    1    ok
  45.556  307.5ms  20>3e     04    da    12   ok
  45.556  104.0ms  21>20     64    00    7    ok
  45.557  104.0ms  20>21     64    00    6    ok
  45.609  102.8ms  21>20     65    00    5    ok
  45.609    0.0ms  21>20     65    00    5    ok
  45.659   50.3ms  21>20     65    00    5    ok
  45.659    0.0ms  21>20     65    00    5    ok
  45.659  102.5ms  21>20     64    00    7    ok
  45.659  102.5ms  20>21     64    00    6    ok
  45.710  153.9ms  21>20     61    00    5    ok
  45.710  153.9ms  3e>20     01    b4    1    ok
  45.710  153.9ms  20>3e     04    b4    6    ok
  45.710   51.4ms  21>20     64    00    7    ok
  45.763  103.7ms  20>21     64    00    6    ok
  45.763  103.7ms  21>20     65    00    5    ok
  45.763   52.4ms  21>20     61    00    5    ok
  45.814  361.1ms  3e>22     01    33    1    ok
  45.814  361.1ms  22>3e     04    33    4    ok
  45.814  103.2ms  21>20     64    00    7    ok
  45.814   51.0ms  20>21     64    00    6    ok
  45.814   50.9ms  21>20     65    00    5    ok
  45.867   53.7ms  21>20     65    00    5    ok
  45.867    0.1ms  21>20     65    00    5    ok
  45.917  154.7ms  21>20     61    00    5    ok
  45.918  103.9ms  3e>22     01    35    1    ok
  45.918  103.9ms  22>3e     04    35    2    ok
  45.918  103.9ms  21>20     64    00    7    ok
  45.918  103.9ms  20>21     64    00    6    ok
  45.969  102.0ms  21>20     65    00    5    ok
  45.969    0.0ms  21>20     65    00    5    ok
  45.969   52.0ms  21>20     61    00    5    ok
  46.020  309.8ms  3e>20     01    da    1    ok
  46.020  309.8ms  20>3e     04    da    12   ok
  46.020  102.7ms  21>20     64    00    7    ok
  46.020  102.7ms  20>21     64    00    6    ok
  46.070  101.0ms  21>20     65    00    5    ok
  46.070    0.0ms  21>20     65    00    5    ok
  46.070    0.0ms  21>20     65    00    5    ok
  46.121   50.2ms  21>20     65    00    5    ok
  46.121  100.4ms  21>20     64    00    7    ok
  46.121  100.4ms  20>21     64    00    6    ok
  46.171   50.5ms  21>20     65    00    5    ok
  46.171  201.7ms  21>20     61    00    5    ok
  46.171  151.0ms  3e>20     01    b4    1    ok
  46.223  202.5ms  20>3e     04    b4    6    ok
  46.223  102.1ms  21>20     64    00    7    ok
  46.223  102.1ms  20>21     64    00    6    ok
  46.223   51.6ms  21>20     65    00    5    ok
  46.274    0.0ms  22>04     33    00    4    BAD
  46.324  101.2ms  20>21     64    00    6    BAD
  46.375    0.0ms  21>65     00    04    5    BAD
  46.375  457.4ms  22>3e     04    35    2    BAD
  46.428  103.9ms  20>21     64    00    6    BAD
  46.480 37626.0ms  20>65     00    04    5    BAD
  46.530    0.0ms  20>61     00    04    33   BAD
  46.530  307.6ms  21>20     65    04    5    BAD
  46.634  154.0ms  20>65     00    04    33   BAD
  46.634  103.4ms  21>20     65    00    5    BAD
  46.684  512.7ms  3e>20     01    75    1    ok
  46.684  461.2ms  20>3e     04    75    2    ok
  46.684  461.2ms  21>20     64    00    7    ok
  46.684  256.1ms  20>21     64    00    6    ok
  46.734  563.3ms  21>20     61    00    5    ok
  46.734   50.6ms  3e>20     01    b4    1    ok
  46.735   50.6ms  21>20     64    00    7    ok
  46.786  101.8ms  20>21     64    00    6    ok
  46.786  151.9ms  21>20     65    00    5    ok
  46.786    0.0ms  21>20     65    00    5    ok
  46.837   51.2ms  21>20     65    00    5    ok
  46.837    0.0ms  21>20     65    00    5    ok
  46.837  102.5ms  21>20     64    00    7    ok
  46.890  104.4ms  20>21     64    00    6    ok
  46.890   53.2ms  21>20     65    00    5    ok
  46.890    0.0ms  21>20     65    00    5    ok
  46.941  206.3ms  21>20     61    00    5    ok
  46.941 1023.3ms  3e>22     01    35    1    ok
  46.941  565.9ms  22>3e     04    35    2    ok
  46.941  103.8ms  21>20     64    00    7    ok
  46.941   50.7ms  20>21     64    00    6    ok
  46.991  100.7ms  21>20     65    00    5    ok
  46.991    0.0ms  21>20     65    00    5    ok
  46.991   50.1ms  21>20     61    00    5    ok
  47.041  306.6ms  3e>20     01    da    1    ok
  47.041  357.2ms  20>3e     04    da    12   ok
  47.041  100.3ms  21>20     64    00    7    ok
  47.041  100.3ms  20>21     64    00    6    ok
  47.091  100.3ms  21>20     65    00    5    ok
  47.091    0.0ms  21>20     65    00    5    ok
  47.091    0.0ms  21>20     65    00    5    ok
  47.142   50.3ms  21>20     65    00    5    ok
  47.142  100.5ms  21>20     64    00    7    ok
  47.142  100.5ms  20>21     64    00    6    ok
  47.192   50.3ms  21>20     65    00    5    ok
  47.245    0.0ms  3e>20     b4    06    1    BAD
  47.245  103.1ms  20>21     64    00    6    ok
  47.296  103.7ms  21>20     65    00    5    BAD
  47.296  354.9ms  22>3e     04    33    4    ok
  47.347  205.7ms  21>20     64    00    7    BAD
  47.397  763.8ms  20>65     00    04    5    BAD
  47.398   50.2ms  21>20     64    00    7    BAD
  47.450   52.8ms  20>65     00    04    5    BAD
  47.503 1128.4ms  21>65     00    27    5    BAD
  47.554  512.7ms  20>3e     04    da    12   BAD
  47.554  309.1ms  20>21     64    00    6    BAD
  47.554  258.2ms  21>20     65    00    5    ok
  47.605   51.2ms  21>20     65    00    5    ok
  47.656   50.9ms  21>20     65    00    5    BAD
  47.656  614.8ms  3e>20     01    b4    1    ok
  47.656  102.2ms  20>3e     04    b4    6    ok
  47.656  665.0ms  21>20     61    00    5    ok
  47.708   51.6ms  3e>20     01    b4    1    ok
  47.708   51.6ms  20>3e     04    b4    6    ok
  47.708  310.0ms  21>20     64    00    7    ok
  47.708  153.7ms  20>21     64    00    6    ok
  47.758  101.9ms  21>20     61    00    5    ok
  47.758  817.1ms  3e>22     01    33    1    ok
  47.758  462.2ms  22>3e     04    33    4    ok
  47.758   50.4ms  21>20     64    00    7    ok
  47.758   50.4ms  20>21     64    00    6    ok
  47.810  154.1ms  21>20     65    00    5    ok
  47.810    0.0ms  21>20     65    00    5    ok
  47.860   50.4ms  21>20     65    00    5    ok
  47.860  102.5ms  21>20     61    00    5    ok
  47.860  102.5ms  3e>22     01    35    1    ok
  47.860  102.5ms  22>3e     04    35    2    ok
  47.912  154.3ms  21>20     64    00    7    ok
  47.912  154.3ms  20>21     64    00    6    ok
  47.912   51.9ms  21>20     65    00    5    ok
  47.912    0.0ms  21>20     65    00    5    ok
  47.963   50.9ms  21>20     65    00    5    ok
  47.963  102.8ms  21>20     61    00    5    ok
  48.013  305.8ms  3e>20     01    da    1    ok
  48.013  305.8ms  20>3e     04    da    12   ok
  48.013  101.1ms  21>20     64    00    7    ok
  48.013  101.1ms  20>21     64    00    6    ok
  48.013   50.2ms  21>20     65    00    5    ok
  48.066   52.8ms  21>20     65    00    5    ok
  48.066    0.0ms  21>20     65    00    5    ok
  48.117    0.0ms  21>65     04    27    5    BAD
  48.169  155.9ms  3e>20     01    da    1    BAD
  48.169  155.9ms  20>21     64    00    6    BAD
  48.220  153.5ms  21>20     65    00    5    BAD
  48.272  103.3ms  20>21     64    00    6    ok
  48.325  821.6ms  21>65     00    04    5    BAD
  48.325  155.7ms  3e>20     01    b4    1    BAD
  48.376  412.3ms  21>20     61    00    5    BAD
  48.376  515.1ms  22>3e     04    35    2    ok
  48.376  362.3ms  21>20     64    06    7    BAD
  48.427   51.7ms  21>20     61    00    5    BAD
  48.427   51.7ms  22>3e     04    33    4    BAD
  48.478    0.0ms  20>64     00    04    6    BAD
  48.478    0.0ms  3e>20     da    0c    1    BAD
  48.585  157.8ms  21>20     61    00    5    BAD
  48.585  571.7ms  20>3e     04    da    12   BAD
  48.585  312.5ms  20>21     64    00    6    ok
  48.636   50.6ms  20>3e     04    b4    6    BAD
  48.636 41732.9ms  20>00     04    51    6    BAD
  48.689 1238.5ms  20>65     00    04    5    BAD
  48.740  415.5ms  3e>20     01    b4    1    ok
  48.740  104.9ms  20>3e     04    51    6    BAD
  48.740  880.0ms  3e>22     01    33    1    ok
  48.791  363.3ms  22>3e     04    33    4    ok
  48.791  205.6ms  21>20     61    00    5    ok
  48.791   50.1ms  3e>22     01    33    1    ok
  48.841   50.1ms  21>20     61    00    5    ok
  48.841   50.2ms  3e>22     01    35    1    ok
  48.841   50.2ms  22>3e     04    35    2    ok
  48.841  465.2ms  21>20     64    00    7    ok
  48.841  255.8ms  20>21     64    00    6    ok
  48.893   52.2ms  21>20     61    00    5    ok
  48.893   52.2ms  3e>22     01    35    1    ok
  48.893   52.2ms  22>3e     04    35    2    ok
  48.945  103.8ms  21>20     64    00    7    ok
  48.945  103.8ms  20>21     64    00    6    ok
  48.945   51.7ms  21>20     61    00    5    ok
  48.945  204.2ms  3e>20     01    da    1    ok
  48.995  254.6ms  20>3e     04    da    12   ok
  48.995   50.5ms  21>20     64    00    7    ok
  48.995   50.5ms  20>21     64    00    6    ok
  48.995   50.5ms  21>20     61    00    5    ok
  48.995   50.5ms  3e>20     01    da    1    ok
  49.047   52.4ms  20>3e     04    da    12   ok
  49.047   52.4ms  21>20     64    00    7    ok
  49.047   52.4ms  20>21     64    00    6    ok
  49.048  827.8ms  21>20     65    00    5    ok
  49.099 2568.2ms  20>61     00    04    5    BAD
  49.099   51.2ms  20>3e     04    75    2    ok
  49.099   51.1ms  21>20     64    00    7    ok
  49.150  102.7ms  20>21     64    00    6    ok
  49.150 42868.4ms  21>20     00    04    5    BAD
  49.201  102.1ms  20>3e     04    b4    6    BAD
  49.201    0.0ms  3e>90     75    02    1    BAD
  49.251    0.0ms  21>64     00    06    7    BAD
  49.251    0.0ms  3e>22     33    04    1    BAD
  49.303   52.0ms  21>64     00    06    7    BAD
  49.354  460.8ms  3e>22     01    33    1    BAD
  49.354  358.7ms  21>20     61    04    5    BAD
  49.405  306.2ms  21>20     64    00    7    ok
  49.405  254.6ms  20>21     64    00    6    ok
  49.405   51.1ms  21>20     61    00    5    ok
  49.455  101.4ms  3e>22     01    35    1    ok
  49.455  562.3ms  22>3e     04    35    2    ok
  49.455   50.4ms  21>20     64    00    7    ok
  49.455   50.3ms  20>21     64    00    6    ok
  49.455   50.3ms  21>20     61    00    5    ok
  49.506  510.5ms  3e>20     01    da    1    ok
  49.506  304.9ms  20>3e     04    da    12   ok
  49.506   50.4ms  21>20     64    00    7    ok
  49.506   50.4ms  20>21     64    00    6    ok
  49.556  100.5ms  21>20     61    00    5    ok
  49.556   50.2ms  3e>20     01    da    1    ok
  49.556   50.2ms  20>3e     04    da    12   ok
  49.556   50.2ms  21>20     64    00    7    ok
  49.608  102.5ms  20>21     64    00    6    ok
  49.608  560.7ms  21>20     65    00    5    ok
  49.608   52.5ms  21>20     61    00    5    ok
  49.659  103.4ms  3e>20     01    b4    1    ok
  49.659  103.5ms  20>3e     04    b4    6    ok
  49.659  103.5ms  21>20     64    00    7    ok
  49.659   51.2ms  20>21     64    00    6    ok
  49.659   51.1ms  21>20     65    00    5    ok
  49.713   53.5ms  21>20     65    00    5    ok
  49.713  104.6ms  21>20     61    00    5    ok
  49.764  104.3ms  3e>20     01    b4    1    ok
  49.764  104.4ms  20>3e     04    b4    6    ok
  49.764   51.0ms  21>20     61    00    5    ok
  49.764  104.5ms  21>20     64    00    7    ok
  49.764  104.5ms  20>21     64    00    6    ok
  49.814   50.2ms  21>20     61    00    5    ok
  49.814  358.9ms  3e>22     01    33    1    ok
  49.814  358.9ms  22>3e     04    33    4    ok
  49.865   50.9ms  21>20     61    00    5    ok
  49.865   50.9ms  3e>22     01    35    1    ok
  49.865  101.2ms  21>20     64    00    7    ok
  49.865  101.2ms  20>21     64    00    6    ok
  49.917   51.6ms  21>20     61    00    5    ok
  49.917   51.6ms  3e>22     01    35    1    ok
  49.917  102.6ms  22>3e     04    35    2    ok
  49.917   51.6ms  21>20     64    00    7    ok
  49.968  102.8ms  20>21     64    00    6    ok
  49.968   51.3ms  21>20     61    00    5    ok
  49.968  204.4ms  3e>20     01    da    1    ok
  49.968  204.2ms  20>3e     04    da    12   ok
  50.019  102.2ms  21>20     64    00    7    ok
  50.019   51.0ms  20>21     64    00    6    ok
  50.019   51.0ms  21>20     61    00    5    ok
  50.019   51.0ms  3e>20     01    da    1    ok
  50.072  104.5ms  20>3e     04    da    12   ok
  50.073   53.7ms  21>20     64    00    7    ok
  50.073   53.6ms  20>21     64    00    6    ok
  50.073  359.7ms  21>20     65    00    5    ok
  50.123   50.7ms  21>20     65    00    5    ok
  50.123    0.0ms  21>20     65    00    5    ok
  50.123    0.0ms  21>20     65    00    5    ok
  50.175  102.7ms  21>20     64    00    7    ok
  50.175  102.7ms  20>21     64    00    6    ok
  50.175   51.9ms  21>20     65    00    5    ok
  50.227  208.0ms  21>20     61    00    5    ok
  50.227  208.0ms  3e>20     01    b4    1    ok
  50.227  154.5ms  20>3e     04    b4    6    ok
  50.227    0.1ms  21>20     61    00    5    ok
  50.277  102.1ms  21>20     64    00    7    ok
  50.277  102.1ms  20>21     64    00    6    ok
  50.277   50.4ms  21>20     61    00    5    ok
  50.277  360.7ms  3e>22     01    33    1    ok
  50.330  413.3ms  22>3e     04    33    4    ok
  50.330   52.7ms  21>20     61    00    5    ok
  50.330   52.7ms  3e>22     01    35    1    ok
  50.381   51.1ms  21>20     61    00    5    ok
  50.381   51.1ms  3e>22     01    35    1    ok
  50.381   51.2ms  22>3e     04    35    2    ok
  50.381    0.1ms  21>20     61    00    5    ok
  50.433  206.2ms  3e>20     01    da    1    ok
  50.433  155.9ms  21>20     64    00    7    ok
  50.433  155.9ms  20>21     64    00    6    ok
  50.483  308.1ms  21>20     65    00    5    ok
  50.483  102.2ms  21>20     61    00    5    ok
  50.483   50.2ms  3e>20     01    da    1    ok
  50.536  309.0ms  20>3e     04    da    12   ok
  50.536  102.8ms  21>20     64    00    7    ok
  50.536  102.8ms  20>21     64    00    6    ok
  50.536   52.7ms  21>20     65    00    5    ok
  50.536    0.0ms  21>20     65    00    5    ok
  50.587  103.7ms  21>20     61    00    5    ok
  50.587  103.7ms  3e>20     01    b4    1    ok
  50.587   51.2ms  20>3e     04    b4    6    ok
  50.638  102.1ms  21>20     64    00    7    ok
  50.638  102.1ms  20>21     64    00    6    ok
  50.638  102.1ms  21>20     65    00    5    ok
  50.638   51.0ms  21>20     61    00    5    ok
  50.690  308.4ms  3e>22     01    33    1    ok
  50.690  308.5ms  22>3e     04    33    4    ok
  50.690   51.6ms  21>20     64    00    7    ok
  50.690   51.5ms  20>21     64    00    6    ok
  50.741  102.5ms  21>20     65    00    5    ok
  50.741    0.0ms  21>20     65    00    5    ok
  50.741  102.5ms  21>20     61    00    5    ok
  50.791  101.4ms  3e>22     01    35    1    ok
  50.791  101.4ms  22>3e     04    35    2    ok
  50.791  101.3ms  21>20     64    00    7    ok
  50.791  101.3ms  20>21     64    00    6    ok
  50.842  101.7ms  21>20     65    00    5    ok
  50.842  101.7ms  21>20     61    00    5    ok
  50.842   51.4ms  3e>22     01    35    1    ok
  50.893  102.0ms  22>3e     04    35    2    ok
  50.893   50.6ms  21>20     61    00    5    ok
  50.893  305.8ms  3e>20     01    da    1    ok
  50.944  153.2ms  21>20     64    00    7    ok
  50.944  153.3ms  20>21     64    00    6    ok
  50.944  101.9ms  21>20     65    00    5    ok
  50.944   51.3ms  21>20     61    00    5    ok
  50.997  103.6ms  3e>20     01    da    1    ok
  50.997  409.4ms  20>3e     04    da    12   ok
  50.997   52.4ms  21>20     64    00    7    ok
  50.997   52.4ms  20>21     64    00    6    ok
  51.049  105.0ms  21>20     65    00    5    ok
  51.049    0.0ms  21>20     65    00    5    ok
  51.049  105.0ms  21>20     61    00    5    ok
  51.100  103.3ms  3e>20     01    b4    1    ok
  51.100  103.3ms  20>3e     04    b4    6    ok
  51.100  103.3ms  21>20     64    00    7    ok
  51.100  103.3ms  20>21     64    00    6    ok
  51.100   50.6ms  21>20     65    00    5    ok
  51.150  101.0ms  21>20     61    00    5    ok
  51.150   50.5ms  3e>20     01    b4    1    ok
  51.150   50.5ms  20>3e     04    b4    6    ok
  51.201  101.6ms  21>20     64    00    7    ok
  51.202  101.6ms  20>21     64    00    6    ok
  51.202  101.6ms  21>20     65    00    5    ok
  51.202    0.0ms  21>20     65    00    5    ok
  51.252  102.0ms  21>20     61    00    5    ok
  51.252  410.0ms  3e>22     01    35    1    ok
  51.252  359.5ms  22>3e     04    35    2    ok
  51.304  102.2ms  21>20     64    00    7    ok
  51.304  102.2ms  20>21     64    00    6    ok
  51.304  102.2ms  21>20     65    00    5    ok
  51.304   51.4ms  21>20     61    00    5    ok
  51.357  104.2ms  3e>22     01    35    1    ok
  51.357  104.3ms  22>3e     04    35    2    ok
  51.357   52.9ms  21>20     61    00    5    ok
  51.357  206.3ms  3e>20     01    da    1    ok
  51.409  105.5ms  21>20     64    00    7    ok
  51.409  105.5ms  20>21     64    00    6    ok
  51.409  105.5ms  21>20     65    00    5    ok
  51.460  103.1ms  21>20     61    00    5    ok
  51.460  103.1ms  3e>20     01    da    1    ok
  51.460  309.5ms  20>3e     04    da    12   ok
  51.460   50.6ms  21>20     64    00    7    ok
  51.513  103.7ms  20>21     64    00    6    ok
  51.513  103.7ms  21>20     65    00    5    ok
  51.513    0.0ms  21>20     65    00    5    ok
  51.564  103.8ms  21>20     61    00    5    ok
  51.564  103.8ms  3e>20     01    75    1    ok
  51.564  103.8ms  20>3e     04    75    2    ok
  51.564  103.8ms  21>20     64    00    7    ok
  51.564   50.7ms  20>21     64    00    6    ok
  51.617  103.9ms  21>20     65    00    5    ok
  51.617   53.3ms  21>20     61    00    5    ok
  51.617   53.3ms  3e>20     01    b4    1    ok
  51.667  103.5ms  20>3e     04    b4    6    ok
  51.667   50.3ms  21>20     61    00    5    ok
  51.667   50.3ms  3e>20     01    75    1    ok
  51.667    0.1ms  20>3e     04    75    2    ok
  51.718   51.1ms  21>20     61    00    5    ok
  51.718  361.7ms  3e>22     01    33    1    ok
  51.718  154.7ms  21>20     64    00    7    ok
  51.771  207.0ms  20>21     64    00    6    ok
  51.771  153.8ms  21>20     65    00    5    ok
  51.771   52.4ms  21>20     61    00    5    ok
  51.822  103.2ms  3e>22     01    33    1    ok
  51.822  464.9ms  22>3e     04    33    4    ok
  51.822   50.9ms  21>20     61    00    5    ok
  51.822    0.0ms  3e>22     01    35    1    ok
  51.872  154.0ms  21>20     64    00    7    ok
  51.872  101.7ms  20>21     64    00    6    ok
  51.872  101.7ms  21>20     65    00    5    ok
  51.923  101.7ms  21>20     61    00    5    ok
  51.923  101.8ms  3e>22     01    35    1    ok
  51.923  101.8ms  22>3e     04    35    2    ok
  51.923    0.1ms  21>20     61    00    5    ok
  51.976  309.0ms  3e>20     01    da    1    ok
  51.976   52.9ms  21>20     61    00    5    ok
  52.028   52.2ms  3e>20     01    da    1    ok
  52.029  361.3ms  20>3e     04    da    12   ok
  52.029  156.2ms  21>20     64    00    7    ok
  52.029  156.2ms  20>21     64    00    6    ok
  52.029  156.2ms  21>20     65    00    5    ok
  52.079   50.4ms  21>20     65    00    5    ok
  52.079  102.7ms  21>20     61    00    5    ok
  52.079   50.5ms  3e>20     01    b4    1    ok
  52.129  100.6ms  20>3e     04    b4    6    ok
  52.129  100.6ms  21>20     64    00    7    ok
  52.129  100.6ms  20>21     64    00    6    ok
  52.129   50.3ms  21>20     65    00    5    ok
  52.180  100.5ms  21>20     61    00    5    ok
  52.180  256.2ms  3e>22     01    33    1    ok
  52.180  256.2ms  22>3e     04    33    4    ok
  52.180   50.4ms  21>20     64    00    7    ok
  52.232  102.8ms  20>21     64    00    6    ok
  52.232  102.8ms  21>20     65    00    5    ok
  52.232    0.0ms  21>20     65    00    5    ok
  52.283   51.1ms  21>20     65    00    5    ok
  52.283  103.7ms  21>20     61    00    5    ok
  52.283  103.6ms  3e>22     01    35    1    ok
  52.336  156.0ms  22>3e     04    35    2    ok
  52.336  156.0ms  21>20     64    00    7    ok
  52.336  103.6ms  20>21     64    00    6    ok
  52.386  102.8ms  21>20     65    00    5    ok
  52.386  102.8ms  21>20     61    00    5    ok
  52.386  307.0ms  3e>20     01    da    1    ok
  52.386  256.9ms  20>3e     04    da    12   ok
  52.436  100.6ms  21>20     64    00    7    ok
  52.436  100.6ms  20>21     64    00    6    ok
  52.436   50.3ms  21>20     65    00    5    ok
  52.436    0.0ms  21>20     65    00    5    ok
  52.489   52.6ms  21>20     65    00    5    ok
  52.489    0.1ms  21>20     65    00    5    ok
  52.540  104.1ms  21>20     64    00    7    ok
  52.540  104.1ms  20>21     64    00    6    ok
  52.540   51.4ms  21>20     65    00    5    ok
  52.540    0.0ms  21>20     65    00    5    ok
  52.593   52.4ms  21>20     65    00    5    ok
  52.593    0.0ms  21>20     65    00    5    ok
  52.645  104.7ms  21>20     64    00    7    ok
  52.645  104.7ms  20>21     64    00    6    ok
  52.645   52.3ms  21>20     65    00    5    ok
  52.645    0.0ms  21>20     65    00    5    ok
  52.695   50.2ms  21>20     65    00    5    ok
  52.695    0.0ms  21>20     65    00    5    ok
  52.695   50.4ms  21>20     64    00    7    ok
  52.747  102.1ms  20>21     64    00    6    ok
  52.747   51.8ms  21>20     65    00    5    ok
  52.747    0.0ms  21>20     65    00    5    ok
  52.798   50.6ms  21>20     65    00    5    ok
  52.798    0.0ms  21>20     65    00    5    ok
  52.798  102.4ms  21>20     64    00    7    ok
  52.851  104.1ms  20>21     64    00    6    ok
  52.851   53.4ms  21>20     65    00    5    ok
  52.851    0.0ms  21>20     65    00    5    ok
  52.902   50.5ms  21>20     65    00    5    ok
  52.902    0.1ms  21>20     65    00    5    ok
  52.902  104.0ms  21>20     64    00    7    ok
  52.902   50.7ms  20>21     64    00    6    ok
  52.955   52.8ms  21>20     65    00    5    ok
  52.955    0.0ms  21>20     65    00    5    ok
  52.955    0.0ms  21>20     65    00    5    ok
  53.006   51.4ms  21>20     65    00    5    ok
  53.006  104.3ms  21>20     64    00    7    ok
  53.006  104.3ms  20>21     64    00    6    ok
  53.056   50.2ms  21>20     65    00    5    ok
  53.056    0.0ms  21>20     65    00    5    ok
  53.056    0.0ms  21>20     65    00    5    ok
  53.106   50.1ms  21>20     65    00    5    ok
  53.106  100.4ms  21>20     64    00    7    ok
  53.106  100.4ms  20>21     64    00    6    ok
  53.157   50.3ms  21>20     65    00    5    ok
  53.157    0.0ms  21>20     65    00    5    ok
  53.157    0.0ms  21>20     65    00    5    ok
  53.207   50.1ms  21>20     65    00    5    ok
  53.207  100.4ms  21>20     64    00    7    ok
  53.207  100.4ms  20>21     64    00    6    ok
  53.257   50.6ms  21>20     65    00    5    ok
  53.258    0.0ms  21>20     65    00    5    ok
  53.258    0.0ms  21>20     65    00    5    ok
  53.309   51.5ms  21>20     65    00    5    ok
  53.309  102.2ms  21>20     64    00    7    ok
  53.309  102.2ms  20>21     64    00    6    ok
  53.360   51.0ms  21>20     65    00    5    ok
  53.360    0.0ms  21>20     65    00    5    ok
  53.360    0.0ms  21>20     65    00    5    ok
  53.412   52.1ms  21>20     65    00    5    ok
  53.412  103.2ms  21>20     64    00    7    ok
  53.412  103.2ms  20>21     64    00    6    ok
  53.463   51.1ms  21>20     65    00    5    ok
  53.463    0.0ms  21>20     65    00    5    ok
  53.463    0.0ms  21>20     65    00    5    ok
  53.515   51.4ms  21>20     65    00    5    ok
  53.515  102.5ms  21>20     64    00    7    ok
  53.515  102.6ms  20>21     64    00    6    ok
  53.567   52.4ms  21>20     65    00    5    ok
  53.567    0.0ms  21>20     65    00    5    ok
  53.567    0.0ms  21>20     65    00    5    ok
  53.618   50.5ms  21>20     65    00    5    ok
  53.618  103.0ms  21>20     64    00    7    ok
  53.618  103.0ms  20>21     64    00    6    ok
  53.618    0.1ms  21>20     65    00    5    ok
  53.670   52.3ms  21>20     65    00    5    ok
  53.670    0.0ms  21>20     65    00    5    ok
  53.721   50.4ms  21>20     65    00    5    ok
  53.721  102.9ms  21>20     64    00    7    ok
  53.721  102.9ms  20>21     64    00    6    ok
  53.721    0.1ms  21>20     65    00    5    ok
  53.774   52.8ms  21>20     65    00    5    ok
  53.774    0.0ms  21>20     65    00    5    ok
  53.825   51.2ms  21>20     65    00    5    ok
  53.825  104.2ms  21>20     64    00    7    ok
  53.825  104.2ms  20>21     64    00    6    ok
  53.825    0.1ms  21>20     65    00    5    ok
  53.876   51.2ms  21>20     65    00    5    ok
  53.876    0.0ms  21>20     65    00    5    ok
  53.876    0.0ms  21>20     65    00    5    ok
  53.927  101.9ms  21>20     64    00    7    ok
  53.927  101.9ms  20>21     64    00    6    ok
  53.927   50.7ms  21>20     65    00    5    ok
  53.977   50.2ms  21>20     65    00    5    ok
  53.977    0.0ms  21>20     65    00    5    ok
  53.977    0.0ms  21>20     65    00    5    ok
  54.030  103.2ms  21>20     64    00    7    ok
  54.030  103.2ms  20>21     64    00    6    ok
  54.030   52.9ms  21>20     65    00    5    ok
  54.081   51.0ms  21>20     65    00    5    ok
  54.081    0.0ms  21>20     65    00    5    ok
  54.081    0.0ms  21>20     65    00    5    ok
  54.134  103.6ms  21>20     64    00    7    ok
  54.134  103.6ms  20>21     64    00    6    ok
  54.134   52.6ms  21>20     65    00    5    ok
  54.184   50.7ms  21>20     65    00    5    ok
  54.184    0.0ms  21>20     65    00    5    ok
  54.184    0.0ms  21>20     65    00    5    ok
  54.237  102.9ms  21>20     64    00    7    ok
  54.237  102.9ms  20>21     64    00    6    ok
  54.237   52.2ms  21>20     65    00    5    ok
  54.237    0.0ms  21>20     65    00    5    ok
  54.288   51.9ms  21>20     65    00    5    ok
  54.289    0.0ms  21>20     65    00    5    ok
  54.339  102.6ms  21>20     64    00    7    ok
  54.339  102.6ms  20>21     64    00    6    ok
  54.339   50.6ms  21>20     65    00    5    ok
  54.339    0.0ms  21>20     65    00    5    ok
  54.391   52.3ms  21>20     65    00    5    ok
  54.392    0.0ms  21>20     65    00    5    ok
  54.442  102.7ms  21>20     64    00    7    ok
  54.442  102.7ms  20>21     64    00    6    ok
  54.442   50.4ms  21>20     65    00    5    ok
  54.442    0.0ms  21>20     65    00    5    ok
  54.496   53.8ms  21>20     65    00    5    ok
  54.496    0.0ms  21>20     65    00    5    ok
  54.548  106.2ms  21>20     64    00    7    ok
  54.548  106.2ms  20>21     64    00    6    ok
  54.548   52.3ms  21>20     65    00    5    ok
  54.548    0.0ms  21>20     65    00    5    ok
  54.598   50.3ms  21>20     65    00    5    ok
  54.598    0.0ms  21>20     65    00    5    ok
  54.598   50.4ms  21>20     64    00    7    ok
  54.649  100.6ms  20>21     64    00    6    ok
  54.649   50.3ms  21>20     65    00    5    ok
  54.649    0.0ms  21>20     65    00    5    ok
  54.699   50.4ms  21>20     65    00    5    ok
  54.699    0.0ms  21>20     65    00    5    ok
  54.699  100.7ms  21>20     64    00    7    ok
  54.752  103.4ms  20>21     64    00    6    ok
  54.752   52.9ms  21>20     65    00    5    ok
  54.752    0.0ms  21>20     65    00    5    ok
  54.803   50.7ms  21>20     65    00    5    ok
  54.803    0.0ms  21>20     65    00    5    ok
  54.803  103.7ms  21>20     64    00    7    ok
  54.854  102.1ms  20>21     64    00    6    ok
  54.854   51.3ms  21>20     65    00    5    ok
  54.854    0.0ms  21>20     65    00    5    ok
  54.904   50.2ms  21>20     65    00    5    ok
  54.904    0.0ms  21>20     65    00    5    ok
  54.904  101.5ms  21>20     64    00    7    ok
  54.904   50.3ms  20>21     64    00    6    ok
  54.955   51.0ms  21>20     65    00    5    ok
  54.955    0.0ms  21>20     65    00    5    ok
  55.006   50.5ms  21>20     65    00    5    ok
  55.006    0.0ms  21>20     65    00    5    ok
  55.006  101.5ms  21>20     64    00    7    ok
  55.006  101.5ms  20>21     64    00    6    ok
  55.058   52.0ms  21>20     65    00    5    ok
  55.058    0.0ms  21>20     65    00    5    ok
  55.058    0.0ms  21>20     65    00    5    ok
  55.108   50.4ms  21>20     65    00    5    ok
  55.108  102.5ms  21>20     64    00    7    ok
  55.108  102.5ms  20>21     64    00    6    ok
  55.158   50.2ms  21>20     65    00    5    ok
  55.159    0.0ms  21>20     65    00    5    ok
  55.159    0.0ms  21>20     65    00    5    ok
  55.209   50.1ms  21>20     65    00    5    ok
  55.209  100.4ms  21>20     64    00    7    ok
  55.209  100.4ms  20>21     64    00    6    ok
  55.259   50.3ms  21>20     65    00    5    ok
  55.259    0.0ms  21>20     65    00    5    ok
  55.259    0.0ms  21>20     65    00    5    ok
  55.310   51.5ms  21>20     65    00    5    ok
  55.310  101.8ms  21>20     64    00    7    ok
  55.310  101.8ms  20>21     64    00    6    ok
  55.361   50.5ms  21>20     65    00    5    ok
  55.361    0.0ms  21>20     65    00    5    ok
  55.361    0.0ms  21>20     65    00    5    ok
  55.413   51.9ms  21>20     65    00    5    ok
  55.413  102.4ms  21>20     64    00    7    ok
  55.413  102.4ms  20>21     64    00    6    ok
  55.463   50.2ms  21>20     65    00    5    ok
  55.463    0.1ms  21>20     65    00    5    ok
  55.463    0.0ms  21>20     65    00    5    ok
  55.514   50.4ms  21>20     65    00    5    ok
  55.514  100.7ms  21>20     64    00    7    ok
  55.514  100.7ms  20>21     64    00    6    ok
  55.564   50.8ms  21>20     65    00    5    ok
  55.564    0.0ms  21>20     65    00    5    ok
  55.564    0.0ms  21>20     65    00    5    ok
  55.615   50.6ms  21>20     65    00    5    ok
  55.615  101.5ms  21>20     64    00    7    ok
  55.615  101.4ms  20>21     64    00    6    ok
  55.667   51.8ms  21>20     65    00    5    ok
  55.667    0.0ms  21>20     65    00    5    ok
  55.667    0.0ms  21>20     65    00    5    ok
  55.717   50.3ms  21>20     65    00    5    ok
  55.717  102.1ms  21>20     64    00    7    ok
  55.717  102.1ms  20>21     64    00    6    ok
  55.768   50.9ms  21>20     65    00    5    ok
  55.768    0.1ms  21>20     65    00    5    ok
  55.768    0.0ms  21>20     65    00    5    ok
  55.818   50.2ms  21>20     65    00    5    ok
  55.818  101.2ms  21>20     64    00    7    ok
  55.818  101.2ms  20>21     64    00    6    ok
  55.871   52.5ms  21>20     65    00    5    ok
  55.871    0.0ms  21>20     65    00    5    ok
  55.871    0.0ms  21>20     65    00    5    ok
  55.922   50.6ms  21>20     65    00    5    ok
  55.922  103.2ms  21>20     64    00    7    ok
  55.922  103.2ms  20>21     64    00    6    ok
  55.922    0.1ms  21>20     65    00    5    ok
  55.975   53.2ms  21>20     65    00    5    ok
  55.975    0.0ms  21>20     65    00    5    ok
  56.026   50.7ms  21>20     65    00    5    ok
  56.026  104.0ms  21>20     64    00    7    ok
  56.026  104.0ms  20>21     64    00    6    ok
  56.026    0.1ms  21>20     65    00    5    ok
  56.079   53.5ms  21>20     65    00    5    ok
  56.079    0.0ms  21>20     65    00    5    ok
  56.079    0.0ms  21>20     65    00    5    ok
  56.130  104.3ms  21>20     64    00    7    ok
  56.130  104.3ms  20>21     64    00    6    ok
  56.130   50.8ms  21>20     65    00    5    ok
  56.180   50.3ms  21>20     65    00    5    ok
  56.180    0.0ms  21>20     65    00    5    ok
  56.180    0.0ms  21>20     65    00    5    ok
  56.232  101.9ms  21>20     64    00    7    ok
  56.232  101.9ms  20>21     64    00    6    ok
  56.232   51.6ms  21>20     65    00    5    ok
  56.283   50.7ms  21>20     65    00    5    ok
  56.283    0.0ms  21>20     65    00    5    ok
  56.283    0.0ms  21>20     65    00    5    ok
  56.335  103.0ms  21>20     64    00    7    ok
  56.335  103.0ms  20>21     64    00    6    ok
  56.335   52.2ms  21>20     65    00    5    ok
  56.386   50.7ms  21>20     65    00    5    ok
  56.386    0.0ms  21>20     65    00    5    ok
  56.386    0.0ms  21>20     65    00    5    ok
  56.439  104.2ms  21>20     64    00    7    ok
  56.439  104.2ms  20>21     64    00    6    ok
  56.439   53.4ms  21>20     65    00    5    ok
  56.492   52.5ms  21>20     65    00    5    ok
  56.492    0.0ms  21>20     65    00    5    ok
  56.492    0.0ms  21>20     65    00    5    ok
  56.542  103.1ms  21>20     64    00    7    ok
  56.542  103.1ms  20>21     64    00    6    ok
  56.542   50.6ms  21>20     65    00    5    ok
  56.542    0.0ms  21>20     65    00    5    ok
  56.595   53.2ms  21>20     65    00    5    ok
  56.596    0.0ms  21>20     65    00    5    ok
  56.647  104.6ms  21>20     64    00    7    ok
  56.647  104.6ms  20>21     64    00    6    ok
  56.647   51.3ms  21>20     65    00    5    ok
  56.647    0.0ms  21>20     65    00    5    ok
  56.701   53.7ms  21>20     65    00    5    ok
  56.701    0.0ms  21>20     65    00    5    ok
  56.701   53.8ms  21>20     64    00    7    ok
  56.753  106.0ms  20>21     64    00    6    ok
  56.753   52.3ms  21>20     65    00    5    ok
  56.753    0.0ms  21>20     65    00    5    ok
  56.803   50.3ms  21>20     65    00    5    ok
  56.803    0.0ms  21>20     65    00    5    ok
  56.803  102.6ms  21>20     64    00    7    ok
  56.856  103.3ms  20>21     64    00    6    ok
  56.856   52.9ms  21>20     65    00    5    ok
  56.856    0.0ms  21>20     65    00    5    ok
  56.907   51.0ms  21>20     65    00    5    ok
  56.907    0.0ms  21>20     65    00    5    ok
  56.907  103.9ms  21>20     64    00    7    ok
  56.907   51.0ms  20>21     64    00    6    ok
  56.959   51.6ms  21>20     65    00    5    ok
  56.959    0.0ms  21>20     65    00    5    ok
  57.009   50.2ms  21>20     65    00    5    ok
  57.009    0.0ms  21>20     65    00    5    ok
  57.009  101.9ms  21>20     64    00    7    ok
  57.009  101.9ms  20>21     64    00    6    ok
  57.061   51.7ms  21>20     65    00    5    ok
  57.061    0.0ms  21>20     65    00    5    ok
  57.061    0.0ms  21>20     65    00    5    ok
  57.111   50.6ms  21>20     65    00    5    ok
  57.112  102.4ms  21>20     64    00    7    ok
  57.112  102.4ms  20>21     64    00    6    ok
  57.162   50.3ms  21>20     65    00    5    ok
  57.162    0.0ms  21>20     65    00    5    ok
  57.162    0.0ms  21>20     65    00    5    ok
  57.212   50.2ms  21>20     65    00    5    ok
  57.212  100.5ms  21>20     64    00    7    ok
  57.212  100.5ms  20>21     64    00    6    ok
  57.262   50.3ms  21>20     65    00    5    ok
  57.262    0.0ms  21>20     65    00    5    ok
  57.262    0.0ms  21>20     65    00    5    ok
  57.313   50.9ms  21>20     65    00    5    ok
  57.313  101.2ms  21>20     64    00    7    ok
  57.313  101.2ms  20>21     64    00    6    ok
  57.364   50.6ms  21>20     65    00    5    ok
  57.364    0.0ms  21>20     65    00    5    ok
  57.364    0.0ms  21>20     65    00    5    ok
  57.415   51.0ms  21>20     65    00    5    ok
  57.415  101.7ms  21>20     64    00    7    ok
  57.415  101.7ms  20>21     64    00    6    ok
  57.466   51.0ms  21>20     65    00    5    ok
  57.466    0.0ms  21>20     65    00    5    ok
  57.466    0.0ms  21>20     65    00    5    ok
  57.518   51.9ms  21>20     65    00    5    ok
  57.518  103.0ms  21>20     64    00    7    ok
  57.518  103.0ms  20>21     64    00    6    ok
  57.570   51.7ms  21>20     65    00    5    ok
  57.570    0.0ms  21>20     65    00    5    ok
  57.570    0.0ms  21>20     65    00    5    ok
  57.621   51.2ms  21>20     65    00    5    ok
  57.621  103.0ms  21>20     64    00    7    ok
  57.621  103.0ms  20>21     64    00    6    ok
  57.673   52.2ms  21>20     65    00    5    ok
  57.673    0.0ms  21>20     65    00    5    ok
  57.673    0.0ms  21>20     65    00    5    ok
  57.723   50.3ms  21>20     65    00    5    ok
  57.723  102.5ms  21>20     64    00    7    ok
  57.723  102.5ms  20>21     64    00    6    ok
  57.723    0.1ms  21>20     65    00    5    ok
  57.775   51.2ms  21>20     65    00    5    ok
  57.775    0.0ms  21>20     65    00    5    ok
  57.826   50.9ms  21>20     65    00    5    ok
  57.826  102.2ms  21>20     64    00    7    ok
  57.826  102.2ms  20>21     64    00    6    ok
  57.826    0.1ms  21>20     65    00    5    ok
  57.878   51.9ms  21>20     65    00    5    ok
  57.878    0.0ms  21>20     65    00    5    ok
  57.928   50.6ms  21>20     65    00    5    ok
  57.928  102.7ms  21>20     64    00    7    ok
  57.928  102.7ms  20>21     64    00    6    ok
  57.928    0.1ms  21>20     65    00    5    ok
  57.982   53.8ms  21>20     65    00    5    ok
  57.982    0.0ms  21>20     65    00    5    ok
  57.982    0.0ms  21>20     65    00    5    ok
  58.035  106.2ms  21>20     64    00    7    ok
  58.035  106.2ms  20>21     64    00    6    ok
  58.035   52.4ms  21>20     65    00    5    ok
  58.085   50.7ms  21>20     65    00    5    ok
  58.085    0.0ms  21>20     65    00    5    ok
  58.085    0.0ms  21>20     65    00    5    ok
  58.138  103.7ms  21>20     64    00    7    ok
  58.138  103.7ms  20>21     64    00    6    ok
  58.138   53.0ms  21>20     65    00    5    ok
  58.189   50.9ms  21>20     65    00    5    ok
  58.189    0.0ms  21>20     65    00    5    ok
  58.189    0.0ms  21>20     65    00    5    ok
  58.243  104.2ms  21>20     64    00    7    ok
  58.243  104.2ms  20>21     64    00    6    ok
  58.243   53.2ms  21>20     65    00    5    ok
  58.243    0.0ms  21>20     65    00    5    ok
  58.295   52.2ms  21>20     65    00    5    ok
  58.295    0.0ms  21>20     65    00    5    ok
  58.345  102.9ms  21>20     64    00    7    ok
  58.345  102.9ms  20>21     64    00    6    ok
  58.345   50.7ms  21>20     65    00    5    ok
  58.345    0.0ms  21>20     65    00    5    ok
  58.398   52.9ms  21>20     65    00    5    ok
  58.398    0.0ms  21>20     65    00    5    ok
  58.450  104.5ms  21>20     64    00    7    ok
  58.450  104.5ms  20>21     64    00    6    ok
  58.450   51.6ms  21>20     65    00    5    ok
  58.450    0.0ms  21>20     65    00    5    ok
  58.503   53.1ms  21>20     65    00    5    ok
  58.503    0.1ms  21>20     65    00    5    ok
  58.503   53.3ms  21>20     64    00    7    ok
  58.555  105.1ms  20>21     64    00    6    ok
  58.555   51.9ms  21>20     65    00    5    ok
  58.555    0.0ms  21>20     65    00    5    ok
  58.605   50.3ms  21>20     65    00    5    ok
  58.605    0.0ms  21>20     65    00    5    ok
  58.605  102.3ms  21>20     64    00    7    ok
  58.658  103.2ms  20>21     64    00    6    ok
  58.658   52.8ms  21>20     65    00    5    ok
  58.658    0.0ms  21>20     65    00    5    ok
  58.709   51.2ms  21>20     65    00    5    ok
  58.709    0.0ms  21>20     65    00    5    ok
  58.710  104.1ms  21>20     64    00    7    ok
  58.762  103.8ms  20>21     64    00    6    ok
  58.762   52.6ms  21>20     65    00    5    ok
  58.762    0.0ms  21>20     65    00    5    ok
  58.812   50.2ms  21>20     65    00    5    ok
  58.812    0.0ms  21>20     65    00    5    ok
  58.812  102.8ms  21>20     64    00    7    ok
  58.812   50.3ms  20>21     64    00    6    ok
  58.863   50.5ms  21>20     65    00    5    ok
  58.863    0.0ms  21>20     65    00    5    ok
  58.914   50.7ms  21>20     65    00    5    ok
  58.914    0.0ms  21>20     65    00    5    ok
  58.914  101.4ms  21>20     64    00    7    ok
  58.914  101.4ms  20>21     64    00    6    ok
  58.964   50.2ms  21>20     65    00    5    ok
  58.964    0.0ms  21>20     65    00    5    ok
  58.964    0.0ms  21>20     65    00    5    ok
  59.016   51.6ms  21>20     65    00    5    ok
  59.016  101.9ms  21>20     64    00    7    ok
  59.066  152.4ms  20>21     64    00    6    ok
  59.066   50.6ms  21>20     65    00    5    ok
  59.066    0.0ms  21>20     65    00    5    ok
  59.066    0.0ms  21>20     65    00    5    ok
  59.117   50.8ms  21>20     65    00    5    ok
  59.117  101.4ms  21>20     64    00    7    ok
  59.117   50.9ms  20>21     64    00    6    ok
  59.168   51.0ms  21>20     65    00    5    ok
  59.168    0.0ms  21>20     65    00    5    ok
  59.168    0.0ms  21>20     65    00    5    ok
  59.220   51.6ms  21>20     65    00    5    ok
  59.220  102.6ms  21>20     64    00    7    ok
  59.220  102.6ms  20>21     64    00    6    ok
  59.271   51.4ms  21>20     65    00    5    ok
  59.271    0.1ms  21>20     65    00    5    ok
  59.271    0.0ms  21>20     65    00    5    ok
  59.323   52.3ms  21>20     65    00    5    ok
  59.323  103.8ms  21>20     64    00    7    ok
  59.323  103.8ms  20>21     64    00    6    ok
  59.376   52.4ms  21>20     65    00    5    ok
  59.376    0.0ms  21>20     65    00    5    ok
  59.376    0.0ms  21>20     65    00    5    ok
  59.426   50.2ms  21>20     65    00    5    ok
  59.426  102.6ms  21>20     64    00    7    ok
  59.426  102.6ms  20>21     64    00    6    ok
  59.426    0.1ms  21>20     65    00    5    ok
  59.477   51.2ms  21>20     65    00    5    ok
  59.477    0.0ms  21>20     65    00    5    ok
  59.528   50.7ms  21>20     65    00    5    ok
  59.528  102.0ms  21>20     64    00    7    ok
  59.528  101.9ms  20>21     64    00    6    ok
  59.528    0.0ms  21>20     65    00    5    ok
  59.580   52.4ms  21>20     65    00    5    ok
  59.580    0.0ms  21>20     65    00    5    ok
  59.632   51.6ms  21>20     65    00    5    ok
  59.632  104.1ms  21>20     64    00    7    ok
  59.632  104.1ms  20>21     64    00    6    ok
  59.632    0.1ms  21>20     65    00    5    ok
  59.685   52.6ms  21>20     65    00    5    ok
  59.685    0.0ms  21>20     65    00    5    ok
  59.685    0.0ms  21>20     65    00    5    ok
  59.737  105.1ms  21>20     64    00    7    ok
  59.737  105.1ms  20>21     64    00    6    ok
  59.737   52.5ms  21>20     65    00    5    ok
  59.788   50.6ms  21>20     65    00    5    ok
  59.788    0.0ms  21>20     65    00    5    ok
  59.788    0.0ms  21>20     65    00    5    ok
  59.840  102.5ms  21>20     64    00    7    ok
  59.840  102.5ms  20>21     64    00    6    ok
  59.840   51.9ms  21>20     65    00    5    ok
  59.891   51.3ms  21>20     65    00    5    ok
  59.891    0.0ms  21>20     65    00    5    ok
  59.891    0.0ms  21>20     65    00    5    ok
  59.945  104.9ms  21>20     64    00    7    ok
  59.945  104.9ms  20>21     64    00    6    ok
  59.945   53.5ms  21>20     65    00    5    ok
  59.997   52.3ms  21>20     65    00    5    ok
  59.997    0.0ms  21>20     65    00    5    ok
  59.997    0.0ms  21>20     65    00    5    ok
  60.048  103.0ms  21>20     64    00    7    ok
  60.048  103.0ms  20>21     64    00    6    ok
  60.048   50.6ms  21>20     65    00    5    ok
  60.048    0.0ms  21>20     65    00    5    ok
  60.101   53.2ms  21>20     65    00    5    ok
  60.101    0.0ms  21>20     65    00    5    ok
  60.151  103.7ms  21>20     64    00    7    ok
  60.151  103.7ms  20>21     64    00    6    ok
  60.151   50.5ms  21>20     65    00    5    ok
  60.151    0.0ms  21>20     65    00    5    ok
  60.205   53.9ms  21>20     65    00    5    ok
  60.205    0.0ms  21>20     65    00    5    ok
  60.257  105.3ms  21>20     64    00    7    ok
  60.257  105.3ms  20>21     64    00    6    ok
  60.257   51.4ms  21>20     65    00    5    ok
  60.257    0.0ms  21>20     65    00    5    ok
  60.307   50.2ms  21>20     65    00    5    ok
  60.307    0.0ms  21>20     65    00    5    ok
  60.307   50.4ms  21>20     64    00    7    ok
  60.360  103.0ms  20>21     64    00    6    ok
  60.360   52.7ms  21>20     65    00    5    ok
  60.360    0.0ms  21>20     65    00    5    ok
  60.410   50.1ms  21>20     65    00    5    ok
  60.410    0.0ms  21>20     65    00    5    ok
  60.410  102.8ms  21>20     64    00    7    ok
  60.410   50.1ms  20>21     64    00    6    ok
  60.463   53.5ms  21>20     65    00    5    ok
  60.463    0.1ms  21>20     65    00    5    ok
  60.514   50.6ms  21>20     65    00    5    ok
  60.514    0.0ms  21>20     65    00    5    ok
  60.514  104.2ms  21>20     64    00    7    ok
  60.566  156.4ms  20>21     64    00    6    ok
  60.566   52.2ms  21>20     65    00    5    ok
  60.566    0.0ms  21>20     65    00    5    ok
  60.566    0.0ms  21>20     65    00    5    ok
  60.617   51.2ms  21>20     65    00    5    ok
  60.617  103.6ms  21>20     64    00    7    ok
  60.618   51.4ms  20>21     64    00    6    ok
  60.668   50.5ms  21>20     65    00    5    ok
  60.668    0.1ms  21>20     65    00    5    ok
  60.668    0.0ms  21>20     65    00    5    ok
  60.720   52.0ms  21>20     65    00    5    ok
  60.720  102.5ms  21>20     64    00    7    ok
  60.720  102.5ms  20>21     64    00    6    ok
  60.771   50.8ms  21>20     65    00    5    ok
  60.771    0.0ms  21>20     65    00    5    ok
  60.771    0.0ms  21>20     65    00    5    ok
  60.822   50.8ms  21>20     65    00    5    ok
  60.822  101.7ms  21>20     64    00    7    ok
  60.822  101.7ms  20>21     64    00    6    ok
  60.872   50.4ms  21>20     65    00    5    ok
  60.872    0.0ms  21>20     65    00    5    ok
  60.872    0.0ms  21>20     65    00    5    ok
  60.925   52.8ms  21>20     65    00    5    ok
  60.925  103.2ms  21>20     64    00    7    ok
  60.925  103.2ms  20>21     64    00    6    ok
  60.976   50.8ms  21>20     65    00    5    ok
  60.976    0.1ms  21>20     65    00    5    ok
  60.976    0.0ms  21>20     65    00    5    ok
  61.027   51.0ms  21>20     65    00    5    ok
  61.027  101.9ms  21>20     64    00    7    ok
  61.027  101.9ms  20>21     64    00    6    ok
  61.027    0.1ms  21>20     65    00    5    ok
  61.079   52.5ms  21>20     65    00    5    ok
  61.079    0.0ms  21>20     65    00    5    ok
  61.130   50.6ms  21>20     65    00    5    ok
  61.130  103.2ms  21>20     64    00    7    ok
  61.130  103.2ms  20>21     64    00    6    ok
  61.130    0.1ms  21>20     65    00    5    ok
  61.183   53.4ms  21>20     65    00    5    ok
  61.183    0.0ms  21>20     65    00    5    ok
  61.234   50.6ms  21>20     65    00    5    ok
  61.234  104.1ms  21>20     64    00    7    ok
  61.234  104.0ms  20>21     64    00    6    ok
  61.234    0.0ms  21>20     65    00    5    ok
  61.285   50.6ms  21>20     65    00    5    ok
  61.285    0.0ms  21>20     65    00    5    ok
  61.337   52.0ms  21>20     65    00    5    ok
  61.337  102.7ms  21>20     64    00    7    ok
  61.337  102.7ms  20>21     64    00    6    ok
  61.337    0.1ms  21>20     65    00    5    ok
  61.387   50.3ms  21>20     65    00    5    ok
  61.387    0.0ms  21>20     65    00    5    ok
  61.387    0.0ms  21>20     65    00    5    ok
  61.439  102.6ms  21>20     64    00    7    ok
  61.439  102.6ms  20>21     64    00    6    ok
  61.439   52.3ms  21>20     65    00    5    ok
  61.490   50.6ms  21>20     65    00    5    ok
  61.490    0.0ms  21>20     65    00    5    ok
  61.490    0.0ms  21>20     65    00    5    ok
  61.542  102.6ms  21>20     64    00    7    ok
  61.542  102.7ms  20>21     64    00    6    ok
  61.542   52.0ms  21>20     65    00    5    ok
  61.593   50.9ms  21>20     65    00    5    ok
  61.593    0.1ms  21>20     65    00    5    ok
  61.593    0.0ms  21>20     65    00    5    ok
  61.646  104.1ms  21>20     64    00    7    ok
  61.646  104.0ms  20>21     64    00    6    ok
  61.646   53.0ms  21>20     65    00    5    ok
  61.698   51.7ms  21>20     65    00    5    ok
  61.698    0.0ms  21>20     65    00    5    ok
  61.698    0.0ms  21>20     65    00    5    ok
  61.748  101.9ms  21>20     64    00    7    ok
  61.748  101.9ms  20>21     64    00    6    ok
  61.748   50.1ms  21>20     65    00    5    ok
  61.748    0.0ms  21>20     65    00    5    ok
  61.801   52.7ms  21>20     65    00    5    ok
  61.801    0.0ms  21>20     65    00    5    ok
  61.852  103.6ms  21>20     64    00    7    ok
  61.852  103.6ms  20>21     64    00    6    ok
  61.852   50.9ms  21>20     65    00    5    ok
  61.852    0.0ms  21>20     65    00    5    ok
  61.905   53.0ms  21>20     65    00    5    ok
  61.905    0.0ms  21>20     65    00    5    ok
  61.956  104.9ms  21>20     64    00    7    ok
  61.956  104.9ms  20>21     64    00    6    ok
  61.957   51.8ms  21>20     65    00    5    ok
  61.957    0.0ms  21>20     65    00    5    ok
  62.008   51.8ms  21>20     65    00    5    ok
  62.008    0.0ms  21>20     65    00    5    ok
  62.008   51.9ms  21>20     64    00    7    ok
  62.061  104.0ms  20>21     64    00    6    ok
  62.061   52.2ms  21>20     65    00    5    ok
  62.061    0.0ms  21>20     65    00    5    ok
  62.111   50.6ms  21>20     65    00    5    ok
  62.111    0.0ms  21>20     65    00    5    ok
  62.111  102.9ms  21>20     64    00    7    ok
  62.162  101.8ms  20>21     64    00    6    ok
  62.162   51.1ms  21>20     65    00    5    ok
  62.162    0.0ms  21>20     65    00    5    ok
  62.213   51.0ms  21>20     65    00    5    ok
  62.213    0.0ms  21>20     65    00    5    ok
  62.213  102.1ms  21>20     64    00    7    ok
  62.267  104.9ms  20>21     64    00    6    ok
  62.267   53.8ms  21>20     65    00    5    ok
  62.267    0.0ms  21>20     65    00    5    ok
  62.317   50.1ms  21>20     65    00    5    ok
  62.317    0.1ms  21>20     65    00    5    ok
  62.318  104.1ms  21>20     64    00    7    ok
  62.369  101.5ms  20>21     64    00    6    ok
  62.369   51.3ms  21>20     65    00    5    ok
  62.369    0.0ms  21>20     65    00    5    ok
  62.369    0.0ms  21>20     65    00    5    ok
  62.419   50.4ms  21>20     65    00    5    ok
  62.419  101.7ms  21>20     64    00    7    ok
  62.419   50.5ms  20>21     64    00    6    ok
  62.469   50.2ms  21>20     65    00    5    ok
  62.469    0.0ms  21>20     65    00    5    ok
  62.469    0.0ms  21>20     65    00    5    ok
  62.521   51.2ms  21>20     65    00    5    ok
  62.521  101.5ms  21>20     64    00    7    ok
  62.521  101.5ms  20>21     64    00    6    ok
  62.571   50.6ms  21>20     65    00    5    ok
  62.571    0.0ms  21>20     65    00    5    ok
  62.571    0.0ms  21>20     65    00    5    ok
  62.622   50.6ms  21>20     65    00    5    ok
  62.622  101.3ms  21>20     64    00    7    ok
  62.622  101.3ms  20>21     64    00    6    ok
  62.673   50.9ms  21>20     65    00    5    ok
  62.673    0.0ms  21>20     65    00    5    ok
  62.673    0.0ms  21>20     65    00    5    ok
  62.725   51.9ms  21>20     65    00    5    ok
  62.725  102.9ms  21>20     64    00    7    ok
  62.725  102.9ms  20>21     64    00    6    ok
  62.776   51.0ms  21>20     65    00    5    ok
  62.776    0.1ms  21>20     65    00    5    ok
  62.776    0.0ms  21>20     65    00    5    ok
  62.826   50.1ms  21>20     65    00    5    ok
  62.826  101.2ms  21>20     64    00    7    ok
  62.826  101.2ms  20>21     64    00    6    ok
  62.878   51.8ms  21>20     65    00    5    ok
  62.878    0.0ms  21>20     65    00    5    ok
  62.878    0.0ms  21>20     65    00    5    ok
  62.929   51.4ms  21>20     65    00    5    ok
  62.929  103.2ms  21>20     64    00    7    ok
  62.929  103.2ms  20>21     64    00    6    ok
  62.929    0.0ms  21>20     65    00    5    ok
  62.981   51.9ms  21>20     65    00    5    ok
  62.981    0.0ms  21>20     65    00    5    ok
  63.032   50.6ms  21>20     65    00    5    ok
  63.032  102.6ms  21>20     64    00    7    ok
  63.032  102.6ms  20>21     64    00    6    ok
  63.032    0.1ms  21>20     65    00    5    ok
  63.084   52.2ms  21>20     65    00    5    ok
  63.084    0.1ms  21>20     65    00    5    ok
  63.135   51.2ms  21>20     65    00    5    ok
  63.135  103.6ms  21>20     64    00    7    ok
  63.135  103.6ms  20>21     64    00    6    ok
  63.136    0.1ms  21>20     65    00    5    ok
  63.189   53.7ms  21>20     65    00    5    ok
  63.189    0.0ms  21>20     65    00    5    ok
  63.242   52.3ms  21>20     65    00    5    ok
  63.242  106.1ms  21>20     64    00    7    ok
  63.242  106.1ms  20>21     64    00    6    ok
  63.242    0.1ms  21>20     65    00    5    ok
  63.292   50.5ms  21>20     65    00    5    ok
  63.292    0.0ms  21>20     65    00    5    ok
  63.292    0.0ms  21>20     65    00    5    ok
  63.343  101.6ms  21>20     64    00    7    ok
  63.343  101.7ms  20>21     64    00    6    ok
  63.343   51.2ms  21>20     65    00    5    ok
  63.394   50.9ms  21>20     65    00    5    ok
  63.394    0.0ms  21>20     65    00    5    ok
  63.394    0.0ms  21>20     65    00    5    ok
  63.447  103.5ms  21>20     64    00    7    ok
  63.447  103.5ms  20>21     64    00    6    ok
  63.447   52.5ms  21>20     65    00    5    ok
  63.498   51.0ms  21>20     65    00    5    ok
  63.498    0.0ms  21>20     65    00    5    ok
  63.498    0.0ms  21>20     65    00    5    ok
  63.551  103.8ms  21>20     64    00    7    ok
  63.551  103.8ms  20>21     64    00    6    ok
  63.551   52.7ms  21>20     65    00    5    ok
  63.551    0.0ms  21>20     65    00    5    ok
  63.602   51.6ms  21>20     65    00    5    ok
  63.602    0.0ms  21>20     65    00    5    ok
  63.653  102.2ms  21>20     64    00    7    ok
  63.653  102.2ms  20>21     64    00    6    ok
  63.653   50.5ms  21>20     65    00    5    ok
  63.653    0.0ms  21>20     65    00    5    ok
  63.705   52.2ms  21>20     65    00    5    ok
  63.705    0.1ms  21>20     65    00    5    ok
  63.756  103.4ms  21>20     64    00    7    ok
  63.756  103.5ms  20>21     64    00    6    ok
  63.756   51.2ms  21>20     65    00    5    ok
  63.756    0.0ms  21>20     65    00    5    ok
  63.807   50.3ms  21>20     65    00    5    ok
  63.807    0.0ms  21>20     65    00    5    ok
  63.858  102.0ms  21>20     64    00    7    ok
  63.858  101.9ms  20>21     64    00    6    ok
  63.858   51.5ms  21>20     65    00    5    ok
  63.858    0.0ms  21>20     65    00    5    ok
  63.911   53.2ms  21>20     65    00    5    ok
  63.911    0.1ms  21>20     65    00    5    ok
  63.911   53.3ms  21>20     64    00    7    ok
  63.964  105.6ms  20>21     64    00    6    ok
  63.964   52.4ms  21>20     65    00    5    ok
  63.964    0.0ms  21>20     65    00    5    ok
  64.015   50.7ms  21>20     65    00    5    ok
  64.015    0.0ms  21>20     65    00    5    ok
  64.015  103.2ms  21>20     64    00    7    ok
  64.067  102.9ms  20>21     64    00    6    ok
  64.067   52.1ms  21>20     65    00    5    ok
  64.067    0.0ms  21>20     65    00    5    ok
  64.117   50.1ms  21>20     65    00    5    ok
  64.117    0.1ms  21>20     65    00    5    ok
  64.117  102.3ms  21>20     64    00    7    ok
  64.117   50.2ms  20>21     64    00    6    ok
  64.171   54.1ms  21>20     65    00    5    ok
  64.171    0.1ms  21>20     65    00    5    ok
  64.222   50.8ms  21>20     65    00    5    ok
  64.222    0.0ms  21>20     65    00    5    ok
  64.222  104.9ms  21>20     64    00    7    ok
  64.222  104.9ms  20>21     64    00    6    ok
  64.272   50.1ms  21>20     65    00    5    ok
  64.272    0.0ms  21>20     65    00    5    ok
  64.272    0.0ms  21>20     65    00    5    ok
  64.323   51.3ms  21>20     65    00    5    ok
  64.323  101.5ms  21>20     64    00    7    ok
  64.323  101.5ms  20>21     64    00    6    ok
  64.374   50.5ms  21>20     65    00    5    ok
  64.374    0.0ms  21>20     65    00    5    ok
  64.374    0.0ms  21>20     65    00    5    ok
  64.425   51.4ms  21>20     65    00    5    ok
  64.425  102.0ms  21>20     64    00    7    ok
  64.425  102.0ms  20>21     64    00    6    ok
  64.476   51.0ms  21>20     65    00    5    ok
  64.476    0.0ms  21>20     65    00    5    ok
  64.476    0.0ms  21>20     65    00    5    ok
  64.527   50.7ms  21>20     65    00    5    ok
  64.527  101.8ms  21>20     64    00    7    ok
  64.527  101.8ms  20>21     64    00    6    ok
  64.578   51.3ms  21>20     65    00    5    ok
  64.578    0.0ms  21>20     65    00    5    ok
  64.578    0.0ms  21>20     65    00    5    ok
  64.630   51.9ms  21>20     65    00    5    ok
  64.630  103.2ms  21>20     64    00    7    ok
  64.630  103.2ms  20>21     64    00    6    ok
  64.682   52.2ms  21>20     65    00    5    ok
  64.683    0.0ms  21>20     65    00    5    ok
  64.683    0.0ms  21>20     65    00    5    ok
  64.733   50.2ms  21>20     65    00    5    ok
  64.733  102.4ms  21>20     64    00    7    ok
  64.733  102.4ms  20>21     64    00    6    ok
  64.733    0.1ms  21>20     65    00    5    ok
  64.785   52.2ms  21>20     65    00    5    ok
  64.785    0.0ms  21>20     65    00    5    ok
  64.835   50.2ms  21>20     65    00    5    ok
  64.835  102.5ms  21>20     64    00    7    ok
  64.835  102.5ms  20>21     64    00    6    ok
  64.835    0.0ms  21>20     65    00    5    ok
  64.888   52.8ms  21>20     65    00    5    ok
  64.888    0.0ms  21>20     65    00    5    ok
  64.938   50.2ms  21>20     65    00    5    ok
  64.938  103.0ms  21>20     64    00    7    ok
  64.938  103.0ms  20>21     64    00    6    ok
  64.938    0.0ms  21>20     65    00    5    ok
  64.992   53.7ms  21>20     65    00    5    ok
  64.992    0.0ms  21>20     65    00    5    ok
  65.043   51.0ms  21>20     65    00    5    ok
  65.043  104.8ms  21>20     64    00    7    ok
  65.043  104.8ms  20>21     64    00    6    ok
  65.043    0.1ms  21>20     65    00    5    ok
  65.093   50.2ms  21>20     65    00    5    ok
  65.093    0.0ms  21>20     65    00    5    ok
  65.093    0.0ms  21>20     65    00    5    ok
  65.146  102.6ms  21>20     64    00    7    ok
  65.146  102.6ms  20>21     64    00    6    ok
  65.146   52.4ms  21>20     65    00    5    ok
  65.197   50.8ms  21>20     65    00    5    ok
  65.197    0.0ms  21>20     65    00    5    ok
  65.197    0.0ms  21>20     65    00    5    ok
  65.250  104.5ms  21>20     64    00    7    ok
  65.250  104.5ms  20>21     64    00    6    ok
  65.250   53.6ms  21>20     65    00    5    ok
  65.302   51.4ms  21>20     65    00    5    ok
  65.302    0.0ms  21>20     65    00    5    ok
  65.302    0.0ms  21>20     65    00    5    ok
  65.352  102.2ms  21>20     64    00    7    ok
  65.352  102.2ms  20>21     64    00    6    ok
  65.352   50.7ms  21>20     65    00    5    ok
  65.404   51.6ms  21>20     65    00    5    ok
  65.404    0.0ms  21>20     65    00    5    ok
  65.404    0.0ms  21>20     65    00    5    ok
  65.454  102.1ms  21>20     64    00    7    ok
  65.454  102.1ms  20>21     64    00    6    ok
  65.454   50.4ms  21>20     65    00    5    ok
  65.507   52.2ms  21>20     65    00    5    ok
  65.507    0.0ms  21>20     65    00    5    ok
  65.507    0.0ms  21>20     65    00    5    ok
  65.558  103.3ms  21>20     64    00    7    ok
  65.558  103.3ms  20>21     64    00    6    ok
  65.558   51.0ms  21>20     65    00    5    ok
  65.558    0.0ms  21>20     65    00    5    ok
  65.609   51.0ms  21>20     65    00    5    ok
  65.609    0.0ms  21>20     65    00    5    ok
  65.660  102.2ms  21>20     64    00    7    ok
  65.660  102.2ms  20>21     64    00    6    ok
  65.660   51.1ms  21>20     65    00    5    ok
  65.660    0.0ms  21>20     65    00    5    ok
  65.712   52.5ms  21>20     65    00    5    ok
  65.712    0.0ms  21>20     65    00    5    ok
  65.763  102.9ms  21>20     64    00    7    ok
  65.763  102.9ms  20>21     64    00    6    ok
  65.763   50.3ms  21>20     65    00    5    ok
  65.763    0.0ms  21>20     65    00    5    ok
  65.813   50.5ms  21>20     65    00    5    ok
  65.813    0.0ms  21>20     65    00    5    ok
  65.864  101.1ms  21>20     64    00    7    ok
  65.864  101.0ms  20>21     64    00    6    ok
  65.864   50.6ms  21>20     65    00    5    ok
  65.864    0.0ms  21>20     65    00    5    ok
  65.915   51.4ms  21>20     65    00    5    ok
  65.915    0.0ms  21>20     65    00    5    ok
  65.915   51.5ms  21>20     64    00    7    ok
  65.966  102.0ms  20>21     64    00    6    ok
  65.966   50.7ms  21>20     65    00    5    ok
  65.966    0.0ms  21>20     65    00    5    ok
  66.016   50.5ms  21>20     65    00    5    ok
  66.016    0.0ms  21>20     65    00    5    ok
  66.016  101.2ms  21>20     64    00    7    ok
  66.067  101.0ms  20>21     64    00    6    ok
  66.067   50.4ms  21>20     65    00    5    ok
  66.067    0.0ms  21>20     65    00    5    ok
  66.117   50.1ms  21>20     65    00    5    ok
  66.117    0.1ms  21>20     65    00    5    ok
  66.117  100.6ms  21>20     64    00    7    ok
  66.168  101.5ms  20>21     64    00    6    ok
  66.168   51.4ms  21>20     65    00    5    ok
  66.168    0.0ms  21>20     65    00    5    ok
  66.219   51.1ms  21>20     65    00    5    ok
  66.220    0.0ms  21>20     65    00    5    ok
  66.220  102.5ms  21>20     64    00    7    ok
  66.272  103.2ms  20>21     64    00    6    ok
  66.272   52.1ms  21>20     65    00    5    ok
  66.272    0.0ms  21>20     65    00    5    ok
  66.323   51.8ms  21>20     65    00    5    ok
  66.323    0.0ms  21>20     65    00    5    ok
  66.323  103.9ms  21>20     64    00    7    ok
  66.374  102.7ms  20>21     64    00    6    ok
  66.374   50.8ms  21>20     65    00    5    ok
  66.374    0.0ms  21>20     65    00    5    ok
  66.426   51.6ms  21>20     65    00    5    ok
  66.426    0.0ms  21>20     65    00    5    ok
  66.426  102.5ms  21>20     64    00    7    ok
  66.476  102.2ms  20>21     64    00    6    ok
  66.477   50.6ms  21>20     65    00    5    ok
  66.477    0.0ms  21>20     65    00    5    ok
  66.477    0.0ms  21>20     65    00    5    ok
  66.528   51.7ms  21>20     65    00    5    ok
  66.528  102.4ms  21>20     64    00    7    ok
  66.528   51.8ms  20>21     64    00    6    ok
  66.579   51.1ms  21>20     65    00    5    ok
  66.579    0.1ms  21>20     65    00    5    ok
  66.579    0.0ms  21>20     65    00    5    ok
  66.632   52.8ms  21>20     65    00    5    ok
  66.632  103.9ms  21>20     64    00    7    ok
  66.632  103.9ms  20>21     64    00    6    ok
  66.684   52.0ms  21>20     65    00    5    ok
  66.684    0.1ms  21>20     65    00    5    ok
  66.684    0.0ms  21>20     65    00    5    ok
  66.735   50.8ms  21>20     65    00    5    ok
  66.735  102.9ms  21>20     64    00    7    ok
  66.735  102.9ms  20>21     64    00    6    ok
  66.735    0.1ms  21>20     65    00    5    ok
  66.788   52.5ms  21>20     65    00    5    ok
  66.788    0.0ms  21>20     65    00    5    ok
  66.838   50.3ms  21>20     65    00    5    ok
  66.838  102.9ms  21>20     64    00    7    ok
  66.838  102.9ms  20>21     64    00    6    ok
  66.838    0.1ms  21>20     65    00    5    ok
  66.890   51.6ms  21>20     65    00    5    ok
  66.890    0.0ms  21>20     65    00    5    ok
  66.940   50.3ms  21>20     65    00    5    ok
  66.940  102.0ms  21>20     64    00    7    ok
  66.940  102.0ms  20>21     64    00    6    ok
  66.940    0.1ms  21>20     65    00    5    ok
  66.992   51.6ms  21>20     65    00    5    ok
  66.992    0.0ms  21>20     65    00    5    ok
  67.043   51.3ms  21>20     65    00    5    ok
  67.043  103.0ms  21>20     64    00    7    ok
  67.043  103.0ms  20>21     64    00    6    ok
  67.043    0.1ms  21>20     65    00    5    ok
  67.096   52.8ms  21>20     65    00    5    ok
  67.096    0.0ms  21>20     65    00    5    ok
  67.096    0.0ms  21>20     65    00    5    ok
  67.147  103.5ms  21>20     64    00    7    ok
  67.147  103.5ms  20>21     64    00    6    ok
  67.147   50.7ms  21>20     65    00    5    ok
  67.199   52.5ms  21>20     65    00    5    ok
  67.199    0.0ms  21>20     65    00    5    ok
  67.199    0.0ms  21>20     65    00    5    ok
  67.251  104.7ms  21>20     64    00    7    ok
  67.251  104.7ms  20>21     64    00    6    ok
  67.251   52.1ms  21>20     65    00    5    ok
  67.303   51.2ms  21>20     65    00    5    ok
  67.303    0.0ms  21>20     65    00    5    ok
  67.303    0.0ms  21>20     65    00    5    ok
  67.355  103.6ms  21>20     64    00    7    ok
  67.355  103.6ms  20>21     64    00    6    ok
  67.355   52.3ms  21>20     65    00    5    ok
  67.407   52.2ms  21>20     65    00    5    ok
  67.407    0.0ms  21>20     65    00    5    ok
  67.407    0.0ms  21>20     65    00    5    ok
  67.457  102.6ms  21>20     64    00    7    ok
  67.458  102.6ms  20>21     64    00    6    ok
  67.458   50.3ms  21>20     65    00    5    ok
  67.458    0.0ms  21>20     65    00    5    ok
  67.510   52.7ms  21>20     65    00    5    ok
  67.510    0.0ms  21>20     65    00    5    ok
  67.561  103.4ms  21>20     64    00    7    ok
  67.561  103.4ms  20>21     64    00    6    ok
  67.561   50.6ms  21>20     65    00    5    ok
  67.561    0.0ms  21>20     65    00    5    ok
  67.614   53.5ms  21>20     65    00    5    ok
  67.615    0.0ms  21>20     65    00    5    ok
  67.666  105.6ms  21>20     64    00    7    ok
  67.667  105.6ms  20>21     64    00    6    ok
  67.667   52.0ms  21>20     65    00    5    ok
  67.667    0.0ms  21>20     65    00    5    ok
  67.717   50.5ms  21>20     65    00    5    ok
  67.717    0.0ms  21>20     65    00    5    ok
  67.717   50.6ms  21>20     64    00    7    ok
  67.769  102.6ms  20>21     64    00    6    ok
  67.769   52.0ms  21>20     65    00    5    ok
  67.769    0.0ms  21>20     65    00    5    ok
  67.820   50.6ms  21>20     65    00    5    ok
  67.820    0.0ms  21>20     65    00    5    ok
  67.820  102.6ms  21>20     64    00    7    ok
  67.871  102.2ms  20>21     64    00    6    ok
  67.871   51.6ms  21>20     65    00    5    ok
  67.871    0.0ms  21>20     65    00    5    ok
  67.922   50.2ms  21>20     65    00    5    ok
  67.922    0.0ms  21>20     65    00    5    ok
  67.922  101.8ms  21>20     64    00    7    ok
  67.974  103.1ms  20>21     64    00    6    ok
  67.974   52.9ms  21>20     65    00    5    ok
  67.974    0.0ms  21>20     65    00    5    ok
  68.025   50.1ms  21>20     65    00    5    ok
  68.025    0.0ms  21>20     65    00    5    ok
  68.025  103.0ms  21>20     64    00    7    ok
  68.025   50.2ms  20>21     64    00    6    ok
  68.075   50.2ms  21>20     65    00    5    ok
  68.075    0.0ms  21>20     65    00    5    ok
  68.125   50.5ms  21>20     65    00    5    ok
  68.125    0.0ms  21>20     65    00    5    ok
  68.125  100.8ms  21>20     64    00    7    ok
  68.125  100.8ms  20>21     64    00    6    ok
  68.177   52.0ms  21>20     65    00    5    ok
  68.178    0.0ms  21>20     65    00    5    ok
  68.178    0.0ms  21>20     65    00    5    ok
  68.228   50.5ms  21>20     65    00    5    ok
  68.228  102.7ms  21>20     64    00    7    ok
  68.228  102.7ms  20>21     64    00    6    ok
  68.278   50.3ms  21>20     65    00    5    ok
  68.278    0.0ms  21>20     65    00    5    ok
  68.278    0.0ms  21>20     65    00    5    ok
  68.329   50.7ms  21>20     65    00    5    ok
  68.329  101.1ms  21>20     64    00    7    ok
  68.329  101.1ms  20>21     64    00    6    ok
  68.379   50.4ms  21>20     65    00    5    ok
  68.380    0.0ms  21>20     65    00    5    ok
  68.380    0.0ms  21>20     65    00    5    ok
  68.430   50.7ms  21>20     65    00    5    ok
  68.430  101.1ms  21>20     64    00    7    ok
  68.430  101.1ms  20>21     64    00    6    ok
  68.481   50.8ms  21>20     65    00    5    ok
  68.481    0.0ms  21>20     65    00    5    ok
  68.481    0.0ms  21>20     65    00    5    ok
  68.533   51.7ms  21>20     65    00    5    ok
  68.533  102.5ms  21>20     64    00    7    ok
  68.533  102.5ms  20>21     64    00    6    ok
  68.584   51.0ms  21>20     65    00    5    ok
  68.584    0.0ms  21>20     65    00    5    ok
  68.584    0.0ms  21>20     65    00    5    ok
  68.635   51.2ms  21>20     65    00    5    ok
  68.635  102.2ms  21>20     64    00    7    ok
  68.635  102.2ms  20>21     64    00    6    ok
  68.687   51.9ms  21>20     65    00    5    ok
  68.687    0.0ms  21>20     65    00    5    ok
  68.687    0.0ms  21>20     65    00    5    ok
  68.738   51.4ms  21>20     65    00    5    ok
  68.738  103.3ms  21>20     64    00    7    ok
  68.738  103.3ms  20>21     64    00    6    ok
  68.738    0.1ms  21>20     65    00    5    ok
  68.790   52.1ms  21>20     65    00    5    ok
  68.791    0.0ms  21>20     65    00    5    ok
  68.841   50.6ms  21>20     65    00    5    ok
  68.841  102.9ms  21>20     64    00    7    ok
  68.841  102.9ms  20>21     64    00    6    ok
  68.841    0.1ms  21>20     65    00    5    ok
  68.894   53.1ms  21>20     65    00    5    ok
  68.894    0.0ms  21>20     65    00    5    ok
  68.946   51.3ms  21>20     65    00    5    ok
  68.946  104.5ms  21>20     64    00    7    ok
  68.946  104.5ms  20>21     64    00    6    ok
  68.946    0.1ms  21>20     65    00    5    ok
  68.996   50.1ms  21>20     65    00    5    ok
  68.996    0.0ms  21>20     65    00    5    ok
  69.047   51.4ms  21>20     65    00    5    ok
  69.047  101.6ms  21>20     64    00    7    ok
  69.047  101.6ms  20>21     64    00    6    ok
  69.047    0.1ms  21>20     65    00    5    ok
  69.099   51.4ms  21>20     65    00    5    ok
  69.099    0.0ms  21>20     65    00    5    ok
  69.099    0.0ms  21>20     65    00    5    ok
  69.151  103.8ms  21>20     64    00    7    ok
  69.151  103.8ms  20>21     64    00    6    ok
  69.151   52.3ms  21>20     65    00    5    ok
  69.202   50.7ms  21>20     65    00    5    ok
  69.202    0.1ms  21>20     65    00    5    ok
  69.202    0.0ms  21>20     65    00    5    ok
  69.255  104.1ms  21>20     64    00    7    ok
  69.255  104.1ms  20>21     64    00    6    ok
  69.255   53.3ms  21>20     65    00    5    ok
  69.306   50.9ms  21>20     65    00    5    ok
  69.306    0.0ms  21>20     65    00    5    ok
  69.306    0.0ms  21>20     65    00    5    ok
  69.359  103.9ms  21>20     64    00    7    ok
  69.359  103.9ms  20>21     64    00    6    ok
  69.359   53.0ms  21>20     65    00    5    ok
  69.412   52.6ms  21>20     65    00    5    ok
  69.412    0.0ms  21>20     65    00    5    ok
  69.412    0.0ms  21>20     65    00    5    ok
  69.463  103.5ms  21>20     64    00    7    ok
  69.463  103.5ms  20>21     64    00    6    ok
  69.463   50.8ms  21>20     65    00    5    ok
  69.463    0.0ms  21>20     65    00    5    ok
  69.516   53.4ms  21>20     65    00    5    ok
  69.516    0.0ms  21>20     65    00    5    ok
  69.567  104.9ms  21>20     64    00    7    ok
  69.568  104.9ms  20>21     64    00    6    ok
  69.568   51.4ms  21>20     65    00    5    ok
  69.568    0.0ms  21>20     65    00    5    ok
  69.620   52.1ms  21>20     65    00    5    ok
  69.620    0.0ms  21>20     65    00    5    ok
  69.620   52.3ms  21>20     64    00    7    ok
  69.672  104.1ms  20>21     64    00    6    ok
  69.672   51.9ms  21>20     65    00    5    ok
  69.672    0.0ms  21>20     65    00    5    ok
  69.722   50.5ms  21>20     65    00    5    ok
  69.722    0.1ms  21>20     65    00    5    ok
  69.722  102.5ms  21>20     64    00    7    ok
  69.775  103.3ms  20>21     64    00    6    ok
  69.775   52.7ms  21>20     65    00    5    ok
  69.775    0.0ms  21>20     65    00    5    ok
  69.826   51.1ms  21>20     65    00    5    ok
  69.826    0.1ms  21>20     65    00    5    ok
  69.826  103.9ms  21>20     64    00    7    ok
  69.880  105.1ms  20>21     64    00    6    ok
  69.880   54.0ms  21>20     65    00    5    ok
  69.880    0.0ms  21>20     65    00    5    ok
  69.880    0.0ms  21>20     65    00    5    ok
  69.932   51.5ms  21>20     65    00    5    ok
  69.932  105.6ms  21>20     64    00    7    ok
  69.932   51.7ms  20>21     64    00    6    ok
  69.982   50.6ms  21>20     65    00    5    ok
  69.982    0.0ms  21>20     65    00    5    ok
  69.982    0.0ms  21>20     65    00    5    ok
  70.033   50.7ms  21>20     65    00    5    ok
  70.033  101.4ms  21>20     64    00    7    ok
  70.033  101.4ms  20>21     64    00    6    ok
  70.084   50.9ms  21>20     65    00    5    ok
  70.084    0.0ms  21>20     65    00    5    ok
  70.084    0.0ms  21>20     65    00    5    ok
  70.135   50.7ms  21>20     65    00    5    ok
  70.135  101.6ms  21>20     64    00    7    ok
  70.135  101.6ms  20>21     64    00    6    ok
  70.186   51.0ms  21>20     65    00    5    ok
  70.186    0.0ms  21>20     65    00    5    ok
  70.186    0.0ms  21>20     65    00    5    ok
  70.238   52.3ms  21>20     65    00    5    ok
  70.238  103.3ms  21>20     64    00    7    ok
  70.238  103.3ms  20>21     64    00    6    ok
  70.290   52.0ms  21>20     65    00    5    ok
  70.290    0.0ms  21>20     65    00    5    ok
  70.290    0.0ms  21>20     65    00    5    ok
  70.341   50.7ms  21>20     65    00    5    ok
  70.341  102.8ms  21>20     64    00    7    ok
  70.341  102.8ms  20>21     64    00    6    ok
  70.341    0.1ms  21>20     65    00    5    ok
  70.392   50.7ms  21>20     65    00    5    ok
  70.392    0.1ms  21>20     65    00    5    ok
  70.442   50.3ms  21>20     65    00    5    ok
  70.442  101.2ms  21>20     64    00    7    ok
  70.442  101.2ms  20>21     64    00    6    ok
  70.442    0.1ms  21>20     65    00    5    ok
  70.495   52.9ms  21>20     65    00    5    ok
  70.495    0.0ms  21>20     65    00    5    ok
  70.545   50.5ms  21>20     65    00    5    ok
  70.545  103.5ms  21>20     64    00    7    ok
  70.545  103.4ms  20>21     64    00    6    ok
  70.545    0.0ms  21>20     65    00    5    ok
  70.599   53.6ms  21>20     65    00    5    ok
  70.599    0.0ms  21>20     65    00    5    ok
  70.650   51.1ms  21>20     65    00    5    ok
  70.650  104.8ms  21>20     64    00    7    ok
  70.650  104.8ms  20>21     64    00    6    ok
  70.650    0.1ms  21>20     65    00    5    ok
  70.701   50.9ms  21>20     65    00    5    ok
  70.701    0.0ms  21>20     65    00    5    ok
  70.754   52.6ms  21>20     65    00    5    ok
  70.754  103.6ms  21>20     64    00    7    ok
  70.754  103.6ms  20>21     64    00    6    ok
  70.754    0.1ms  21>20     65    00    5    ok
  70.804   50.2ms  21>20     65    00    5    ok
  70.804    0.0ms  21>20     65    00    5    ok
  70.804    0.0ms  21>20     65    00    5    ok
  70.857  103.2ms  21>20     64    00    7    ok
  70.857  103.2ms  20>21     64    00    6    ok
  70.857   52.9ms  21>20     65    00    5    ok
  70.908   51.4ms  21>20     65    00    5    ok
  70.908    0.0ms  21>20     65    00    5    ok
  70.908    0.0ms  21>20     65    00    5    ok
  70.959  102.1ms  21>20     64    00    7    ok
  70.959  102.1ms  20>21     64    00    6    ok
  70.959   50.6ms  21>20     65    00    5    ok
  71.011   51.9ms  21>20     65    00    5    ok
  71.011    0.0ms  21>20     65    00    5    ok
  71.011    0.0ms  21>20     65    00    5    ok
  71.061  102.1ms  21>20     64    00    7    ok
  71.061  102.1ms  20>21     64    00    6    ok
  71.061   50.1ms  21>20     65    00    5    ok
  71.113   52.1ms  21>20     65    00    5    ok
  71.113    0.0ms  21>20     65    00    5    ok
  71.113    0.0ms  21>20     65    00    5    ok
  71.164  102.6ms  21>20     64    00    7    ok
  71.164  102.6ms  20>21     64    00    6    ok
  71.164   50.5ms  21>20     65    00    5    ok
  71.164    0.0ms  21>20     65    00    5    ok
  71.217   53.1ms  21>20     65    00    5    ok
  71.217    0.0ms  21>20     65    00    5    ok
  71.268  104.5ms  21>20     64    00    7    ok
  71.268  104.5ms  20>21     64    00    6    ok
  71.268   51.3ms  21>20     65    00    5    ok
  71.268    0.0ms  21>20     65    00    5    ok
  71.320   51.7ms  21>20     65    00    5    ok
  71.320    0.0ms  21>20     65    00    5    ok
  71.371  103.2ms  21>20     64    00    7    ok
  71.372  103.2ms  20>21     64    00    6    ok
  71.372   51.6ms  21>20     65    00    5    ok
  71.372    0.0ms  21>20     65    00    5    ok
  71.422   50.2ms  21>20     65    00    5    ok
  71.422    0.0ms  21>20     65    00    5    ok
  71.473  101.4ms  21>20     64    00    7    ok
  71.473  101.4ms  20>21     64    00    6    ok
  71.473   51.2ms  21>20     65    00    5    ok
  71.473    0.0ms  21>20     65    00    5    ok
  71.523   50.2ms  21>20     65    00    5    ok
  71.523    0.0ms  21>20     65    00    5    ok
  71.523   50.3ms  21>20     64    00    7    ok
  71.576  103.0ms  20>21     64    00    6    ok
  71.576   52.8ms  21>20     65    00    5    ok
  71.576    0.0ms  21>20     65    00    5    ok
  71.626   50.4ms  21>20     65    00    5    ok
  71.626    0.0ms  21>20     65    00    5    ok
  71.626  103.3ms  21>20     64    00    7    ok
  71.680  104.0ms  20>21     64    00    6    ok
  71.680   53.5ms  21>20     65    00    5    ok
  71.680    0.0ms  21>20     65    00    5    ok
  71.731   51.0ms  21>20     65    00    5    ok
  71.731    0.0ms  21>20     65    00    5    ok
  71.731  104.5ms  21>20     64    00    7    ok
  71.731   51.0ms  20>21     64    00    6    ok
  71.783   51.9ms  21>20     65    00    5    ok
  71.783    0.0ms  21>20     65    00    5    ok
  71.783    0.0ms  21>20     65    00    5    ok
  71.834   51.0ms  21>20     65    00    5    ok
  71.834  102.9ms  21>20     64    00    7    ok
  71.834  102.9ms  20>21     64    00    6    ok
  71.884   50.3ms  21>20     65    00    5    ok
  71.884    0.0ms  21>20     65    00    5    ok
  71.884    0.0ms  21>20     65    00    5    ok
  71.935   50.9ms  21>20     65    00    5    ok
  71.935  101.2ms  21>20     64    00    7    ok
  71.935  101.2ms  20>21     64    00    6    ok
  71.986   50.6ms  21>20     65    00    5    ok
  71.986    0.0ms  21>20     65    00    5    ok
  71.986    0.0ms  21>20     65    00    5    ok
  72.037   51.7ms  21>20     65    00    5    ok
  72.038  102.4ms  21>20     64    00    7    ok
  72.038  102.4ms  20>21     64    00    6    ok
  72.089   51.1ms  21>20     65    00    5    ok
  72.089    0.0ms  21>20     65    00    5    ok
  72.089    0.0ms  21>20     65    00    5    ok
  72.141   52.6ms  21>20     65    00    5    ok
  72.141  103.7ms  21>20     64    00    7    ok
  72.141  103.7ms  20>21     64    00    6    ok
  72.193   51.5ms  21>20     65    00    5    ok
  72.193    0.1ms  21>20     65    00    5    ok
  72.193    0.0ms  21>20     65    00    5    ok
  72.243   50.6ms  21>20     65    00    5    ok
  72.243  102.2ms  21>20     64    00    7    ok
  72.243  102.2ms  20>21     64    00    6    ok
  72.243    0.1ms  21>20     65    00    5    ok
  72.296   52.3ms  21>20     65    00    5    ok
  72.296    0.0ms  21>20     65    00    5    ok
  72.346   50.6ms  21>20     65    00    5    ok
  72.346  103.0ms  21>20     64    00    7    ok
  72.346  103.0ms  20>21     64    00    6    ok
  72.346    0.0ms  21>20     65    00    5    ok
  72.397   50.2ms  21>20     65    00    5    ok
  72.397    0.0ms  21>20     65    00    5    ok
  72.447   50.7ms  21>20     65    00    5    ok
  72.447  101.0ms  21>20     64    00    7    ok
  72.447  101.0ms  20>21     64    00    6    ok
  72.447    0.1ms  21>20     65    00    5    ok
  72.500   52.4ms  21>20     65    00    5    ok
  72.500    0.0ms  21>20     65    00    5    ok
  72.551   50.8ms  21>20     65    00    5    ok
  72.551  103.2ms  21>20     64    00    7    ok
  72.551  103.3ms  20>21     64    00    6    ok
  72.551    0.1ms  21>20     65    00    5    ok
  72.604   53.3ms  21>20     65    00    5    ok
  72.604    0.0ms  21>20     65    00    5    ok
  72.604    0.0ms  21>20     65    00    5    ok
  72.655  104.3ms  21>20     64    00    7    ok
  72.655  104.3ms  20>21     64    00    6    ok
  72.655   50.9ms  21>20     65    00    5    ok
  72.705   50.3ms  21>20     65    00    5    ok
  72.705    0.0ms  21>20     65    00    5    ok
  72.705    0.0ms  21>20     65    00    5    ok
  72.757  102.4ms  21>20     64    00    7    ok
  72.757  102.4ms  20>21     64    00    6    ok
  72.757   52.1ms  21>20     65    00    5    ok
  72.808   50.8ms  21>20     65    00    5    ok
  72.808    0.0ms  21>20     65    00    5    ok
  72.808    0.0ms  21>20     65    00    5    ok
  72.860  102.9ms  21>20     64    00    7    ok
  72.860  102.9ms  20>21     64    00    6    ok
  72.860   52.0ms  21>20     65    00    5    ok
  72.912   51.4ms  21>20     65    00    5    ok
  72.912    0.0ms  21>20     65    00    5    ok
  72.912    0.0ms  21>20     65    00    5    ok
  72.963  103.1ms  21>20     64    00    7    ok
  72.963  103.1ms  20>21     64    00    6    ok
  72.963   51.7ms  21>20     65    00    5    ok
  73.015   52.0ms  21>20     65    00    5    ok
  73.015    0.0ms  21>20     65    00    5    ok
  73.015    0.0ms  21>20     65    00    5    ok
  73.066  102.4ms  21>20     64    00    7    ok
  73.066  102.4ms  20>21     64    00    6    ok
  73.066   50.3ms  21>20     65    00    5    ok
  73.066    0.0ms  21>20     65    00    5    ok
  73.117   51.2ms  21>20     65    00    5    ok
  73.117    0.0ms  21>20     65    00    5    ok
  73.168  101.8ms  21>20     64    00    7    ok
  73.168  101.8ms  20>21     64    00    6    ok
  73.168   50.6ms  21>20     65    00    5    ok
  73.168    0.0ms  21>20     65    00    5    ok
  73.220   52.5ms  21>20     65    00    5    ok
  73.220    0.0ms  21>20     65    00    5    ok
  73.271  103.0ms  21>20     64    00    7    ok
  73.271  103.0ms  20>21     64    00    6    ok
  73.271   50.5ms  21>20     65    00    5    ok
  73.271    0.0ms  21>20     65    00    5    ok
  73.325   53.9ms  21>20     65    00    5    ok
  73.325    0.0ms  21>20     65    00    5    ok
  73.377  106.5ms  21>20     64    00    7    ok
  73.377  106.5ms  20>21     64    00    6    ok
  73.377   52.5ms  21>20     65    00    5    ok
  73.377    0.0ms  21>20     65    00    5    ok
  73.428   50.5ms  21>20     65    00    5    ok
  73.428    0.1ms  21>20     65    00    5    ok
  73.428   50.6ms  21>20     64    00    7    ok
  73.480  103.2ms  20>21     64    00    6    ok
  73.480   52.6ms  21>20     65    00    5    ok
  73.480    0.0ms  21>20     65    00    5    ok
  73.531   50.9ms  21>20     65    00    5    ok
  73.531    0.0ms  21>20     65    00    5    ok
  73.531  103.6ms  21>20     64    00    7    ok
  73.531   51.0ms  20>21     64    00    6    ok
  73.585   54.0ms  21>20     65    00    5    ok
  73.585    0.1ms  21>20     65    00    5    ok
  73.636   50.8ms  21>20     65    00    5    ok
  73.636    0.0ms  21>20     65    00    5    ok
  73.636  105.0ms  21>20     64    00    7    ok
  73.636  105.0ms  20>21     64    00    6    ok
  73.687   50.3ms  21>20     65    00    5    ok
  73.687    0.0ms  21>20     65    00    5    ok
  73.687    0.0ms  21>20     65    00    5    ok
  73.738   51.5ms  21>20     65    00    5    ok
  73.738  101.8ms  21>20     64    00    7    ok
  73.738  101.8ms  20>21     64    00    6    ok
  73.788   50.1ms  21>20     65    00    5    ok
  73.788    0.0ms  21>20     65    00    5    ok
  73.788    0.0ms  21>20     65    00    5    ok
  73.840   51.4ms  21>20     65    00    5    ok
  73.840  101.6ms  21>20     64    00    7    ok
  73.840  101.6ms  20>21     64    00    6    ok
  73.891   51.0ms  21>20     65    00    5    ok
  73.891    0.0ms  21>20     65    00    5    ok
  73.891    0.0ms  21>20     65    00    5    ok
  73.942   50.8ms  21>20     65    00    5    ok
  73.942  101.9ms  21>20     64    00    7    ok
  73.942  101.9ms  20>21     64    00    6    ok
  73.993   51.6ms  21>20     65    00    5    ok
  73.993    0.1ms  21>20     65    00    5    ok
  73.993    0.0ms  21>20     65    00    5    ok
  74.046   52.4ms  21>20     65    00    5    ok
  74.046  104.2ms  21>20     64    00    7    ok
  74.046  104.2ms  20>21     64    00    6    ok
  74.097   50.9ms  21>20     65    00    5    ok
  74.097    0.0ms  21>20     65    00    5    ok
  74.097    0.0ms  21>20     65    00    5    ok
  74.147   50.3ms  21>20     65    00    5    ok
  74.147  101.3ms  21>20     64    00    7    ok
  74.147  101.3ms  20>21     64    00    6    ok
  74.147    0.1ms  21>20     65    00    5    ok
  74.200   52.6ms  21>20     65    00    5    ok
  74.200    0.0ms  21>20     65    00    5    ok
  74.250   50.5ms  21>20     65    00    5    ok
  74.250  103.3ms  21>20     64    00    7    ok
  74.250  103.3ms  20>21     64    00    6    ok
  74.250    0.1ms  21>20     65    00    5    ok
  74.304   53.6ms  21>20     65    00    5    ok
  74.304    0.0ms  21>20     65    00    5    ok
  74.355   51.2ms  21>20     65    00    5    ok
  74.355  104.9ms  21>20     64    00    7    ok
  74.355  104.9ms  20>21     64    00    6    ok
  74.355    0.0ms  21>20     65    00    5    ok
  74.407   51.5ms  21>20     65    00    5    ok
  74.407    0.0ms  21>20     65    00    5    ok
  74.407    0.0ms  21>20     65    00    5    ok
  74.459  103.7ms  21>20     64    00    7    ok
  74.459  103.8ms  20>21     64    00    6    ok
  74.459   52.2ms  21>20     65    00    5    ok
  74.510   50.6ms  21>20     65    00    5    ok
  74.510    0.0ms  21>20     65    00    5    ok
  74.510    0.0ms  21>20     65    00    5    ok
  74.563  104.0ms  21>20     64    00    7    ok
  74.563  104.0ms  20>21     64    00    6    ok
  74.563   53.3ms  21>20     65    00    5    ok
  74.614   51.1ms  21>20     65    00    5    ok
  74.614    0.0ms  21>20     65    00    5    ok
  74.614    0.0ms  21>20     65    00    5    ok
  74.667  104.1ms  21>20     64    00    7    ok
  74.667  104.1ms  20>21     64    00    6    ok
  74.667   53.0ms  21>20     65    00    5    ok
  74.718   51.3ms  21>20     65    00    5    ok
  74.718    0.0ms  21>20     65    00    5    ok
  74.718    0.0ms  21>20     65    00    5    ok

frames 4497   good 4421   bad checksum 76   junk bytes 1248
